date,campaign_name,channel,impressions,clicks,cost,conversions,revenue,search_query,keyword,match_type,installs,impression_share,lost_is_budget,lost_is_rank,avg_position,top_impression_share,absolute_top_impression_share,device,country,campaign_budget,monthly_budget,target_cpa,target_roas,target_cpi,conversion_value,estimated_ltv,margin
2026-01-01,Google Search - Brand,Google Search,2886,74,135.97,5,490.53,,,,5,0.7,0.02,0.28,1.93,0.77,0.49,Desktop,United Kingdom,150.0,4560.0,30.0,2.5,10.0,100.0,300.0,0.5
2026-01-01,Google Search - Brand,Google Search,244,5,4.25,0,0.0,forecastiq,forecastiq,exact,0,0.7,0.02,0.28,2.0,0.77,0.49,Mobile,Canada,150.0,4560.0,30.0,2.5,10.0,100.0,300.0,0.5
2026-01-01,Google Search - Brand,Google Search,351,16,26.13,1,93.42,forecastiq pricing,forecastiq,phrase,1,0.7,0.02,0.28,1.63,0.77,0.49,Desktop,United States,150.0,4560.0,30.0,2.5,10.0,100.0,300.0,0.5
2026-01-01,Google Search - Brand,Google Search,351,11,10.31,1,99.88,forecastiq software reviews,forecastiq,broad,1,0.7,0.02,0.28,2.42,0.77,0.49,Desktop,Canada,150.0,4560.0,30.0,2.5,10.0,100.0,300.0,0.5
2026-01-01,Google Search - Brand,Google Search,262,6,7.16,0,0.0,forecastiq login portal,forecastiq,phrase,0,0.7,0.02,0.28,2.99,0.77,0.49,Desktop,Germany,150.0,4560.0,30.0,2.5,10.0,100.0,300.0,0.5
2026-01-01,Google Search - NonBrand,Google Search,1680,120,258.03,5,288.13,,,,5,0.768,0.17,0.128,2.41,0.845,0.538,Tablet,United States,300.0,9120.0,40.0,1.5,15.0,60.0,150.0,0.35
2026-01-01,Google Search - NonBrand,Google Search,179,4,3.95,0,0.0,paid ads forecasting tool,forecasting tool,phrase,0,0.768,0.17,0.128,1.72,0.845,0.538,Tablet,Germany,300.0,9120.0,40.0,1.5,15.0,60.0,150.0,0.35
2026-01-01,Google Search - NonBrand,Google Search,231,8,7.42,1,57.77,marketing forecasting software,forecasting tool,exact,1,0.768,0.17,0.128,3.01,0.845,0.538,Mobile,Germany,300.0,9120.0,40.0,1.5,15.0,60.0,150.0,0.35
2026-01-01,Google Search - NonBrand,Google Search,211,13,10.58,3,173.9,ppc budget optimization planner,budget optimization,broad,3,0.768,0.17,0.128,3.2,0.845,0.538,Desktop,United Kingdom,300.0,9120.0,40.0,1.5,15.0,60.0,150.0,0.35
2026-01-01,Google Search - NonBrand,Google Search,236,5,16.76,0,0.0,ads forecasting template excel,forecasting tool,broad,0,0.768,0.17,0.128,1.91,0.845,0.538,Mobile,United States,300.0,9120.0,40.0,1.5,15.0,60.0,150.0,0.35
2026-01-01,Google Search - Competitors,Google Search,2128,38,89.59,1,36.87,,,,1,0.754,0.071,0.157,3.15,0.83,0.528,Mobile,United Kingdom,100.0,3040.0,50.0,0.8,20.0,40.0,100.0,0.2
2026-01-01,Google Search - Competitors,Google Search,231,15,33.22,0,0.0,semrush forecasting tool alternative,semrush,phrase,0,0.754,0.071,0.157,2.09,0.83,0.528,Desktop,Canada,100.0,3040.0,50.0,0.8,20.0,40.0,100.0,0.2
2026-01-01,Google Search - Competitors,Google Search,259,13,45.34,0,0.0,ahrefs traffic forecaster,ahrefs,broad,0,0.754,0.071,0.157,3.53,0.83,0.528,Mobile,United States,100.0,3040.0,50.0,0.8,20.0,40.0,100.0,0.2
2026-01-01,Google Search - Competitors,Google Search,306,18,25.59,0,0.0,spyfu competitor ads budget planner,competitor template,broad,0,0.754,0.071,0.157,2.54,0.83,0.528,Tablet,United States,100.0,3040.0,50.0,0.8,20.0,40.0,100.0,0.2
2026-01-01,Meta Ads - Prospecting,Meta,836,76,135.39,3,247.24,,,,3,0.693,0.233,0.139,1.17,0.762,0.485,Desktop,Germany,200.0,6080.0,35.0,1.8,12.0,80.0,200.0,0.4
2026-01-01,Meta Ads - Retargeting,Meta,3431,47,104.61,4,484.96,,,,4,0.4,0.55,0.05,2.92,0.44,0.28,Desktop,United States,50.0,1520.0,25.0,3.5,8.0,120.0,400.0,0.6
2026-01-01,YouTube - Brand Awareness,YouTube,2047,89,198.88,0,0.0,,,,0,0.612,0.087,0.178,1.82,0.673,0.428,Desktop,United States,150.0,4560.0,60.0,0.5,25.0,30.0,80.0,0.15
2026-01-01,YouTube - Brand Awareness,YouTube,182,11,23.72,0,0.0,free advertising tutorial youtube,marketing tutorial,broad,0,0.612,0.087,0.178,2.33,0.673,0.428,Desktop,Canada,150.0,4560.0,60.0,0.5,25.0,30.0,80.0,0.15
2026-01-01,YouTube - Brand Awareness,YouTube,181,13,15.11,0,0.0,cheap keyword planner software download,keyword planner,broad,0,0.612,0.087,0.178,2.3,0.673,0.428,Desktop,Germany,150.0,4560.0,60.0,0.5,25.0,30.0,80.0,0.15
2026-01-01,YouTube - Brand Awareness,YouTube,233,18,27.55,0,0.0,marketing jobs salary definition,jobs,broad,0,0.612,0.087,0.178,2.6,0.673,0.428,Desktop,United Kingdom,150.0,4560.0,60.0,0.5,25.0,30.0,80.0,0.15
2026-01-01,YouTube - Brand Awareness,YouTube,261,12,11.84,0,0.0,how to reset google ads password,support,broad,0,0.612,0.087,0.178,2.71,0.673,0.428,Tablet,United Kingdom,150.0,4560.0,60.0,0.5,25.0,30.0,80.0,0.15
2026-01-02,Google Search - Brand,Google Search,1155,55,135.38,4,410.01,,,,4,0.7,0.02,0.28,1.69,0.77,0.49,Tablet,Canada,150.0,4560.0,30.0,2.5,10.0,100.0,300.0,0.5
2026-01-02,Google Search - Brand,Google Search,99,3,6.0,0,0.0,forecastiq,forecastiq,exact,0,0.7,0.02,0.28,2.34,0.77,0.49,Tablet,United States,150.0,4560.0,30.0,2.5,10.0,100.0,300.0,0.5
2026-01-02,Google Search - Brand,Google Search,95,4,6.93,0,0.0,forecastiq pricing,forecastiq,phrase,0,0.7,0.02,0.28,2.06,0.77,0.49,Tablet,Canada,150.0,4560.0,30.0,2.5,10.0,100.0,300.0,0.5
2026-01-02,Google Search - Brand,Google Search,126,5,6.81,0,0.0,forecastiq software reviews,forecastiq,broad,0,0.7,0.02,0.28,3.73,0.77,0.49,Tablet,Canada,150.0,4560.0,30.0,2.5,10.0,100.0,300.0,0.5
2026-01-02,Google Search - Brand,Google Search,96,2,1.66,0,0.0,forecastiq login portal,forecastiq,phrase,0,0.7,0.02,0.28,1.91,0.77,0.49,Desktop,Canada,150.0,4560.0,30.0,2.5,10.0,100.0,300.0,0.5
2026-01-02,Google Search - NonBrand,Google Search,7125,95,187.36,5,290.91,,,,6,0.833,0.168,0.123,1.9,0.916,0.583,Desktop,Germany,300.0,9120.0,40.0,1.5,15.0,60.0,150.0,0.35
2026-01-02,Google Search - NonBrand,Google Search,764,53,73.49,8,511.09,paid ads forecasting tool,forecasting tool,phrase,9,0.833,0.168,0.123,1.41,0.916,0.583,Tablet,United Kingdom,300.0,9120.0,40.0,1.5,15.0,60.0,150.0,0.35
2026-01-02,Google Search - NonBrand,Google Search,1049,29,35.95,5,307.08,marketing forecasting software,forecasting tool,exact,5,0.833,0.168,0.123,1.36,0.916,0.583,Mobile,Germany,300.0,9120.0,40.0,1.5,15.0,60.0,150.0,0.35
2026-01-02,Google Search - NonBrand,Google Search,1021,60,112.1,12,773.49,ppc budget optimization planner,budget optimization,broad,12,0.833,0.168,0.123,1.46,0.916,0.583,Desktop,Germany,300.0,9120.0,40.0,1.5,15.0,60.0,150.0,0.35
2026-01-02,Google Search - NonBrand,Google Search,634,47,17.69,0,0.0,ads forecasting template excel,forecasting tool,broad,0,0.833,0.168,0.123,3.03,0.916,0.583,Desktop,United Kingdom,300.0,9120.0,40.0,1.5,15.0,60.0,150.0,0.35
2026-01-02,Google Search - Competitors,Google Search,2272,32,63.94,1,38.7,,,,1,0.878,0.189,0.083,2.17,0.966,0.615,Mobile,United States,100.0,3040.0,50.0,0.8,20.0,40.0,100.0,0.2
2026-01-02,Google Search - Competitors,Google Search,296,6,37.91,0,0.0,semrush forecasting tool alternative,semrush,phrase,0,0.878,0.189,0.083,3.34,0.966,0.615,Desktop,United States,100.0,3040.0,50.0,0.8,20.0,40.0,100.0,0.2
2026-01-02,Google Search - Competitors,Google Search,266,13,40.61,0,0.0,ahrefs traffic forecaster,ahrefs,broad,0,0.878,0.189,0.083,1.98,0.966,0.615,Mobile,Canada,100.0,3040.0,50.0,0.8,20.0,40.0,100.0,0.2
2026-01-02,Google Search - Competitors,Google Search,206,12,27.05,0,0.0,spyfu competitor ads budget planner,competitor template,broad,0,0.878,0.189,0.083,3.41,0.966,0.615,Desktop,United Kingdom,100.0,3040.0,50.0,0.8,20.0,40.0,100.0,0.2
2026-01-02,Meta Ads - Prospecting,Meta,7772,134,365.23,9,737.23,,,,9,0.733,0.221,0.151,1.17,0.806,0.513,Tablet,United States,200.0,6080.0,35.0,1.8,12.0,80.0,200.0,0.4
2026-01-02,Meta Ads - Retargeting,Meta,1425,19,44.34,1,112.05,,,,1,0.4,0.55,0.05,2.21,0.44,0.28,Desktop,Germany,50.0,1520.0,25.0,3.5,8.0,120.0,400.0,0.6
2026-01-02,YouTube - Brand Awareness,YouTube,1944,54,107.12,0,0.0,,,,0,0.745,0.179,0.056,3.27,0.82,0.522,Tablet,United Kingdom,150.0,4560.0,60.0,0.5,25.0,30.0,80.0,0.15
2026-01-02,YouTube - Brand Awareness,YouTube,270,17,23.05,0,0.0,free advertising tutorial youtube,marketing tutorial,broad,0,0.745,0.179,0.056,3.73,0.82,0.522,Mobile,United Kingdom,150.0,4560.0,60.0,0.5,25.0,30.0,80.0,0.15
2026-01-02,YouTube - Brand Awareness,YouTube,226,17,16.02,0,0.0,cheap keyword planner software download,keyword planner,broad,0,0.745,0.179,0.056,3.37,0.82,0.522,Mobile,United Kingdom,150.0,4560.0,60.0,0.5,25.0,30.0,80.0,0.15
2026-01-02,YouTube - Brand Awareness,YouTube,232,14,27.25,0,0.0,marketing jobs salary definition,jobs,broad,0,0.745,0.179,0.056,3.04,0.82,0.522,Desktop,Germany,150.0,4560.0,60.0,0.5,25.0,30.0,80.0,0.15
2026-01-02,YouTube - Brand Awareness,YouTube,209,8,11.05,0,0.0,how to reset google ads password,support,broad,0,0.745,0.179,0.056,1.3,0.82,0.522,Tablet,United States,150.0,4560.0,60.0,0.5,25.0,30.0,80.0,0.15
2026-01-03,Google Search - Brand,Google Search,1720,40,85.39,2,199.6,,,,2,0.7,0.02,0.28,3.27,0.77,0.49,Mobile,United States,150.0,4560.0,30.0,2.5,10.0,100.0,300.0,0.5
2026-01-03,Google Search - Brand,Google Search,217,15,17.0,0,0.0,forecastiq,forecastiq,exact,0,0.7,0.02,0.28,1.97,0.77,0.49,Desktop,Germany,150.0,4560.0,30.0,2.5,10.0,100.0,300.0,0.5
2026-01-03,Google Search - Brand,Google Search,234,13,16.48,0,0.0,forecastiq pricing,forecastiq,phrase,0,0.7,0.02,0.28,3.18,0.77,0.49,Desktop,United Kingdom,150.0,4560.0,30.0,2.5,10.0,100.0,300.0,0.5
2026-01-03,Google Search - Brand,Google Search,255,6,8.57,0,0.0,forecastiq software reviews,forecastiq,broad,0,0.7,0.02,0.28,1.73,0.77,0.49,Tablet,Germany,150.0,4560.0,30.0,2.5,10.0,100.0,300.0,0.5
2026-01-03,Google Search - Brand,Google Search,172,12,15.0,0,0.0,forecastiq login portal,forecastiq,phrase,0,0.7,0.02,0.28,1.97,0.77,0.49,Mobile,Canada,150.0,4560.0,30.0,2.5,10.0,100.0,300.0,0.5
2026-01-03,Google Search - NonBrand,Google Search,4224,96,181.45,3,197.67,,,,3,0.792,0.06,0.145,1.96,0.872,0.555,Mobile,Canada,300.0,9120.0,40.0,1.5,15.0,60.0,150.0,0.35
2026-01-03,Google Search - NonBrand,Google Search,579,12,20.61,1,54.38,paid ads forecasting tool,forecasting tool,phrase,1,0.792,0.06,0.145,1.69,0.872,0.555,Desktop,Canada,300.0,9120.0,40.0,1.5,15.0,60.0,150.0,0.35
2026-01-03,Google Search - NonBrand,Google Search,582,33,43.94,6,385.01,marketing forecasting software,forecasting tool,exact,6,0.792,0.06,0.145,3.76,0.872,0.555,Desktop,Canada,300.0,9120.0,40.0,1.5,15.0,60.0,150.0,0.35
2026-01-03,Google Search - NonBrand,Google Search,522,15,27.78,3,172.18,ppc budget optimization planner,budget optimization,broad,3,0.792,0.06,0.145,3.12,0.872,0.555,Tablet,United States,300.0,9120.0,40.0,1.5,15.0,60.0,150.0,0.35
2026-01-03,Google Search - NonBrand,Google Search,379,29,19.09,0,0.0,ads forecasting template excel,forecasting tool,broad,0,0.792,0.06,0.145,2.64,0.872,0.555,Tablet,United Kingdom,300.0,9120.0,40.0,1.5,15.0,60.0,150.0,0.35
2026-01-03,Google Search - Competitors,Google Search,2808,54,73.49,1,37.53,,,,1,0.753,0.051,0.074,3.0,0.828,0.527,Mobile,Canada,100.0,3040.0,50.0,0.8,20.0,40.0,100.0,0.2
2026-01-03,Google Search - Competitors,Google Search,373,15,36.95,0,0.0,semrush forecasting tool alternative,semrush,phrase,0,0.753,0.051,0.074,2.28,0.828,0.527,Mobile,Canada,100.0,3040.0,50.0,0.8,20.0,40.0,100.0,0.2
2026-01-03,Google Search - Competitors,Google Search,358,19,47.45,0,0.0,ahrefs traffic forecaster,ahrefs,broad,0,0.753,0.051,0.074,2.9,0.828,0.527,Tablet,United States,100.0,3040.0,50.0,0.8,20.0,40.0,100.0,0.2
2026-01-03,Google Search - Competitors,Google Search,407,9,26.51,0,0.0,spyfu competitor ads budget planner,competitor template,broad,0,0.753,0.051,0.074,2.79,0.828,0.527,Mobile,United Kingdom,100.0,3040.0,50.0,0.8,20.0,40.0,100.0,0.2
2026-01-03,Meta Ads - Prospecting,Meta,6072,92,239.76,7,578.73,,,,8,0.649,0.07,0.135,3.27,0.714,0.454,Desktop,United States,200.0,6080.0,35.0,1.8,12.0,80.0,200.0,0.4
2026-01-03,Meta Ads - Retargeting,Meta,308,14,28.14,1,120.64,,,,1,0.4,0.55,0.05,2.54,0.44,0.28,Desktop,United States,50.0,1520.0,25.0,3.5,8.0,120.0,400.0,0.6
2026-01-03,YouTube - Brand Awareness,YouTube,2940,98,143.48,0,0.0,,,,0,0.735,0.155,0.163,2.7,0.808,0.514,Mobile,United States,150.0,4560.0,60.0,0.5,25.0,30.0,80.0,0.15
2026-01-03,YouTube - Brand Awareness,YouTube,287,8,24.2,0,0.0,free advertising tutorial youtube,marketing tutorial,broad,0,0.735,0.155,0.163,2.44,0.808,0.514,Mobile,United Kingdom,150.0,4560.0,60.0,0.5,25.0,30.0,80.0,0.15
2026-01-03,YouTube - Brand Awareness,YouTube,249,4,17.39,0,0.0,cheap keyword planner software download,keyword planner,broad,0,0.735,0.155,0.163,2.35,0.808,0.514,Tablet,United Kingdom,150.0,4560.0,60.0,0.5,25.0,30.0,80.0,0.15
2026-01-03,YouTube - Brand Awareness,YouTube,359,10,29.56,0,0.0,marketing jobs salary definition,jobs,broad,0,0.735,0.155,0.163,1.24,0.808,0.514,Tablet,Canada,150.0,4560.0,60.0,0.5,25.0,30.0,80.0,0.15
2026-01-03,YouTube - Brand Awareness,YouTube,439,15,11.48,0,0.0,how to reset google ads password,support,broad,0,0.735,0.155,0.163,2.52,0.808,0.514,Tablet,United Kingdom,150.0,4560.0,60.0,0.5,25.0,30.0,80.0,0.15
2026-01-04,Google Search - Brand,Google Search,1640,41,42.99,1,103.36,,,,1,0.7,0.02,0.28,1.42,0.77,0.49,Desktop,United Kingdom,150.0,4560.0,30.0,2.5,10.0,100.0,300.0,0.5
2026-01-04,Google Search - Brand,Google Search,242,17,30.6,0,0.0,forecastiq,forecastiq,exact,0,0.7,0.02,0.28,3.23,0.77,0.49,Desktop,Germany,150.0,4560.0,30.0,2.5,10.0,100.0,300.0,0.5
2026-01-04,Google Search - Brand,Google Search,169,7,7.28,0,0.0,forecastiq pricing,forecastiq,phrase,0,0.7,0.02,0.28,2.84,0.77,0.49,Tablet,Canada,150.0,4560.0,30.0,2.5,10.0,100.0,300.0,0.5
2026-01-04,Google Search - Brand,Google Search,173,11,15.23,1,93.73,forecastiq software reviews,forecastiq,broad,1,0.7,0.02,0.28,2.99,0.77,0.49,Tablet,United States,150.0,4560.0,30.0,2.5,10.0,100.0,300.0,0.5
2026-01-04,Google Search - Brand,Google Search,135,5,9.59,0,0.0,forecastiq login portal,forecastiq,phrase,0,0.7,0.02,0.28,2.64,0.77,0.49,Mobile,Canada,150.0,4560.0,30.0,2.5,10.0,100.0,300.0,0.5
2026-01-04,Google Search - NonBrand,Google Search,4107,111,259.22,5,289.54,,,,5,0.78,0.147,0.094,1.13,0.858,0.546,Desktop,United States,300.0,9120.0,40.0,1.5,15.0,60.0,150.0,0.35
2026-01-04,Google Search - NonBrand,Google Search,511,24,39.79,3,172.81,paid ads forecasting tool,forecasting tool,phrase,3,0.78,0.147,0.094,3.06,0.858,0.546,Desktop,United States,300.0,9120.0,40.0,1.5,15.0,60.0,150.0,0.35
2026-01-04,Google Search - NonBrand,Google Search,449,30,41.44,6,391.48,marketing forecasting software,forecasting tool,exact,7,0.78,0.147,0.094,2.93,0.858,0.546,Desktop,United Kingdom,300.0,9120.0,40.0,1.5,15.0,60.0,150.0,0.35
2026-01-04,Google Search - NonBrand,Google Search,431,33,51.07,7,431.49,ppc budget optimization planner,budget optimization,broad,7,0.78,0.147,0.094,1.59,0.858,0.546,Mobile,Canada,300.0,9120.0,40.0,1.5,15.0,60.0,150.0,0.35
2026-01-04,Google Search - NonBrand,Google Search,431,14,17.57,0,0.0,ads forecasting template excel,forecasting tool,broad,0,0.78,0.147,0.094,1.77,0.858,0.546,Tablet,United States,300.0,9120.0,40.0,1.5,15.0,60.0,150.0,0.35
2026-01-04,Google Search - Competitors,Google Search,1750,25,64.99,1,42.3,,,,1,0.886,0.074,0.101,1.12,0.975,0.62,Tablet,Canada,100.0,3040.0,50.0,0.8,20.0,40.0,100.0,0.2
2026-01-04,Google Search - Competitors,Google Search,208,14,33.18,0,0.0,semrush forecasting tool alternative,semrush,phrase,0,0.886,0.074,0.101,1.84,0.975,0.62,Desktop,Germany,100.0,3040.0,50.0,0.8,20.0,40.0,100.0,0.2
2026-01-04,Google Search - Competitors,Google Search,190,11,42.01,0,0.0,ahrefs traffic forecaster,ahrefs,broad,0,0.886,0.074,0.101,2.92,0.975,0.62,Tablet,United Kingdom,100.0,3040.0,50.0,0.8,20.0,40.0,100.0,0.2
2026-01-04,Google Search - Competitors,Google Search,255,13,26.57,0,0.0,spyfu competitor ads budget planner,competitor template,broad,0,0.886,0.074,0.101,3.03,0.975,0.62,Mobile,Canada,100.0,3040.0,50.0,0.8,20.0,40.0,100.0,0.2
2026-01-04,Meta Ads - Prospecting,Meta,2318,122,250.33,6,500.68,,,,6,0.836,0.181,0.108,2.75,0.92,0.585,Desktop,United Kingdom,200.0,6080.0,35.0,1.8,12.0,80.0,200.0,0.4
2026-01-04,Meta Ads - Retargeting,Meta,1134,21,51.61,1,111.79,,,,1,0.4,0.55,0.05,1.94,0.44,0.28,Tablet,Canada,50.0,1520.0,25.0,3.5,8.0,120.0,400.0,0.6
2026-01-04,YouTube - Brand Awareness,YouTube,1782,54,142.06,0,0.0,,,,0,0.578,0.129,0.079,2.3,0.636,0.405,Tablet,United States,150.0,4560.0,60.0,0.5,25.0,30.0,80.0,0.15
2026-01-04,YouTube - Brand Awareness,YouTube,258,13,21.91,0,0.0,free advertising tutorial youtube,marketing tutorial,broad,0,0.578,0.129,0.079,3.59,0.636,0.405,Desktop,United States,150.0,4560.0,60.0,0.5,25.0,30.0,80.0,0.15
2026-01-04,YouTube - Brand Awareness,YouTube,169,5,16.66,0,0.0,cheap keyword planner software download,keyword planner,broad,0,0.578,0.129,0.079,1.92,0.636,0.405,Desktop,Germany,150.0,4560.0,60.0,0.5,25.0,30.0,80.0,0.15
2026-01-04,YouTube - Brand Awareness,YouTube,192,13,31.57,0,0.0,marketing jobs salary definition,jobs,broad,0,0.578,0.129,0.079,1.84,0.636,0.405,Desktop,United States,150.0,4560.0,60.0,0.5,25.0,30.0,80.0,0.15
2026-01-04,YouTube - Brand Awareness,YouTube,230,9,12.15,0,0.0,how to reset google ads password,support,broad,0,0.578,0.129,0.079,3.07,0.636,0.405,Tablet,Canada,150.0,4560.0,60.0,0.5,25.0,30.0,80.0,0.15
2026-01-05,Google Search - Brand,Google Search,3645,81,127.01,4,425.07,,,,4,0.7,0.02,0.28,3.3,0.77,0.49,Desktop,Germany,150.0,4560.0,30.0,2.5,10.0,100.0,300.0,0.5
2026-01-05,Google Search - Brand,Google Search,526,38,59.77,1,91.63,forecastiq,forecastiq,exact,1,0.7,0.02,0.28,3.26,0.77,0.49,Desktop,United States,150.0,4560.0,30.0,2.5,10.0,100.0,300.0,0.5
2026-01-05,Google Search - Brand,Google Search,458,36,63.78,2,196.97,forecastiq pricing,forecastiq,phrase,2,0.7,0.02,0.28,3.1,0.77,0.49,Desktop,United Kingdom,150.0,4560.0,30.0,2.5,10.0,100.0,300.0,0.5
2026-01-05,Google Search - Brand,Google Search,517,27,50.2,3,281.83,forecastiq software reviews,forecastiq,broad,3,0.7,0.02,0.28,1.66,0.77,0.49,Mobile,Canada,150.0,4560.0,30.0,2.5,10.0,100.0,300.0,0.5
2026-01-05,Google Search - Brand,Google Search,432,10,17.89,0,0.0,forecastiq login portal,forecastiq,phrase,0,0.7,0.02,0.28,1.65,0.77,0.49,Tablet,United States,150.0,4560.0,30.0,2.5,10.0,100.0,300.0,0.5
2026-01-05,Google Search - NonBrand,Google Search,7080,118,336.63,9,575.12,,,,10,0.838,0.161,0.11,2.84,0.921,0.586,Desktop,Canada,300.0,9120.0,40.0,1.5,15.0,60.0,150.0,0.35
2026-01-05,Google Search - NonBrand,Google Search,913,30,37.25,4,245.48,paid ads forecasting tool,forecasting tool,phrase,4,0.838,0.161,0.11,1.3,0.921,0.586,Tablet,Canada,300.0,9120.0,40.0,1.5,15.0,60.0,150.0,0.35
2026-01-05,Google Search - NonBrand,Google Search,838,18,35.34,4,238.45,marketing forecasting software,forecasting tool,exact,4,0.838,0.161,0.11,2.74,0.921,0.586,Desktop,United States,300.0,9120.0,40.0,1.5,15.0,60.0,150.0,0.35
2026-01-05,Google Search - NonBrand,Google Search,669,38,63.81,9,567.71,ppc budget optimization planner,budget optimization,broad,9,0.838,0.161,0.11,2.43,0.921,0.586,Tablet,Canada,300.0,9120.0,40.0,1.5,15.0,60.0,150.0,0.35
2026-01-05,Google Search - NonBrand,Google Search,1035,54,19.61,0,0.0,ads forecasting template excel,forecasting tool,broad,0,0.838,0.161,0.11,2.92,0.921,0.586,Mobile,Germany,300.0,9120.0,40.0,1.5,15.0,60.0,150.0,0.35
2026-01-05,Google Search - Competitors,Google Search,3381,69,119.12,2,86.74,,,,2,0.676,0.132,0.125,2.49,0.744,0.473,Mobile,United Kingdom,100.0,3040.0,50.0,0.8,20.0,40.0,100.0,0.2
2026-01-05,Google Search - Competitors,Google Search,273,15,34.61,0,0.0,semrush forecasting tool alternative,semrush,phrase,0,0.676,0.132,0.125,2.2,0.744,0.473,Mobile,United States,100.0,3040.0,50.0,0.8,20.0,40.0,100.0,0.2
2026-01-05,Google Search - Competitors,Google Search,421,19,40.61,0,0.0,ahrefs traffic forecaster,ahrefs,broad,0,0.676,0.132,0.125,3.44,0.744,0.473,Mobile,Canada,100.0,3040.0,50.0,0.8,20.0,40.0,100.0,0.2
2026-01-05,Google Search - Competitors,Google Search,326,11,23.95,0,0.0,spyfu competitor ads budget planner,competitor template,broad,0,0.676,0.132,0.125,2.86,0.744,0.473,Tablet,United Kingdom,100.0,3040.0,50.0,0.8,20.0,40.0,100.0,0.2
2026-01-05,Meta Ads - Prospecting,Meta,3965,65,184.34,5,418.92,,,,5,0.871,0.2,0.15,1.9,0.958,0.61,Desktop,United Kingdom,200.0,6080.0,35.0,1.8,12.0,80.0,200.0,0.4
2026-01-05,Meta Ads - Retargeting,Meta,1034,22,49.05,2,225.92,,,,2,0.4,0.55,0.05,1.58,0.44,0.28,Tablet,Canada,50.0,1520.0,25.0,3.5,8.0,120.0,400.0,0.6
2026-01-05,YouTube - Brand Awareness,YouTube,7920,110,224.59,0,0.0,,,,0,0.791,0.206,0.178,1.11,0.87,0.553,Desktop,Germany,150.0,4560.0,60.0,0.5,25.0,30.0,80.0,0.15
2026-01-05,YouTube - Brand Awareness,YouTube,1117,52,23.6,0,0.0,free advertising tutorial youtube,marketing tutorial,broad,0,0.791,0.206,0.178,3.02,0.87,0.553,Desktop,United States,150.0,4560.0,60.0,0.5,25.0,30.0,80.0,0.15
2026-01-05,YouTube - Brand Awareness,YouTube,1039,33,17.35,0,0.0,cheap keyword planner software download,keyword planner,broad,0,0.791,0.206,0.178,2.26,0.87,0.553,Tablet,United Kingdom,150.0,4560.0,60.0,0.5,25.0,30.0,80.0,0.15
2026-01-05,YouTube - Brand Awareness,YouTube,812,35,31.49,0,0.0,marketing jobs salary definition,jobs,broad,0,0.791,0.206,0.178,2.34,0.87,0.553,Desktop,Canada,150.0,4560.0,60.0,0.5,25.0,30.0,80.0,0.15
2026-01-05,YouTube - Brand Awareness,YouTube,1009,38,12.45,0,0.0,how to reset google ads password,support,broad,0,0.791,0.206,0.178,3.43,0.87,0.553,Tablet,Canada,150.0,4560.0,60.0,0.5,25.0,30.0,80.0,0.15
2026-01-06,Google Search - Brand,Google Search,9600,120,141.31,5,520.71,,,,5,0.7,0.02,0.28,3.34,0.77,0.49,Mobile,United Kingdom,150.0,4560.0,30.0,2.5,10.0,100.0,300.0,0.5
2026-01-06,Google Search - Brand,Google Search,1047,72,117.11,3,324.16,forecastiq,forecastiq,exact,3,0.7,0.02,0.28,2.48,0.77,0.49,Tablet,Germany,150.0,4560.0,30.0,2.5,10.0,100.0,300.0,0.5
2026-01-06,Google Search - Brand,Google Search,974,50,50.11,4,366.04,forecastiq pricing,forecastiq,phrase,4,0.7,0.02,0.28,1.24,0.77,0.49,Desktop,United States,150.0,4560.0,30.0,2.5,10.0,100.0,300.0,0.5
2026-01-06,Google Search - Brand,Google Search,1010,49,63.47,8,764.42,forecastiq software reviews,forecastiq,broad,9,0.7,0.02,0.28,3.42,0.77,0.49,Mobile,Germany,150.0,4560.0,30.0,2.5,10.0,100.0,300.0,0.5
2026-01-06,Google Search - Brand,Google Search,913,65,121.47,1,102.24,forecastiq login portal,forecastiq,phrase,1,0.7,0.02,0.28,3.17,0.77,0.49,Mobile,United Kingdom,150.0,4560.0,30.0,2.5,10.0,100.0,300.0,0.5
2026-01-06,Google Search - NonBrand,Google Search,2895,193,468.25,11,675.57,,,,11,0.816,0.066,0.171,1.75,0.898,0.571,Desktop,United Kingdom,300.0,9120.0,40.0,1.5,15.0,60.0,150.0,0.35
2026-01-06,Google Search - NonBrand,Google Search,329,7,5.75,0,0.0,paid ads forecasting tool,forecasting tool,phrase,0,0.816,0.066,0.171,3.2,0.898,0.571,Mobile,Germany,300.0,9120.0,40.0,1.5,15.0,60.0,150.0,0.35
2026-01-06,Google Search - NonBrand,Google Search,339,16,27.21,2,115.99,marketing forecasting software,forecasting tool,exact,2,0.816,0.066,0.171,3.2,0.898,0.571,Mobile,United Kingdom,300.0,9120.0,40.0,1.5,15.0,60.0,150.0,0.35
2026-01-06,Google Search - NonBrand,Google Search,335,16,21.05,3,180.72,ppc budget optimization planner,budget optimization,broad,3,0.816,0.066,0.171,1.98,0.898,0.571,Tablet,Canada,300.0,9120.0,40.0,1.5,15.0,60.0,150.0,0.35
2026-01-06,Google Search - NonBrand,Google Search,266,19,18.18,0,0.0,ads forecasting template excel,forecasting tool,broad,0,0.816,0.066,0.171,2.28,0.898,0.571,Tablet,Canada,300.0,9120.0,40.0,1.5,15.0,60.0,150.0,0.35
2026-01-06,Google Search - Competitors,Google Search,1180,59,98.36,2,72.99,,,,2,0.586,0.126,0.129,1.52,0.645,0.41,Desktop,Canada,100.0,3040.0,50.0,0.8,20.0,40.0,100.0,0.2
2026-01-06,Google Search - Competitors,Google Search,108,2,37.29,0,0.0,semrush forecasting tool alternative,semrush,phrase,0,0.586,0.126,0.129,2.56,0.645,0.41,Mobile,Germany,100.0,3040.0,50.0,0.8,20.0,40.0,100.0,0.2
2026-01-06,Google Search - Competitors,Google Search,141,8,49.25,0,0.0,ahrefs traffic forecaster,ahrefs,broad,0,0.586,0.126,0.129,1.59,0.645,0.41,Desktop,United States,100.0,3040.0,50.0,0.8,20.0,40.0,100.0,0.2
2026-01-06,Google Search - Competitors,Google Search,167,5,26.6,0,0.0,spyfu competitor ads budget planner,competitor template,broad,0,0.586,0.126,0.129,2.63,0.645,0.41,Tablet,United States,100.0,3040.0,50.0,0.8,20.0,40.0,100.0,0.2
2026-01-06,Meta Ads - Prospecting,Meta,9020,164,325.49,11,878.55,,,,12,0.677,0.14,0.057,1.85,0.745,0.474,Tablet,Germany,200.0,6080.0,35.0,1.8,12.0,80.0,200.0,0.4
2026-01-06,Meta Ads - Retargeting,Meta,558,18,22.35,0,0.0,,,,0,0.4,0.55,0.05,2.21,0.44,0.28,Mobile,United States,50.0,1520.0,25.0,3.5,8.0,120.0,400.0,0.6
2026-01-06,YouTube - Brand Awareness,YouTube,3276,78,99.04,0,0.0,,,,0,0.636,0.095,0.075,1.95,0.699,0.445,Desktop,United States,150.0,4560.0,60.0,0.5,25.0,30.0,80.0,0.15
2026-01-06,YouTube - Brand Awareness,YouTube,386,26,20.49,0,0.0,free advertising tutorial youtube,marketing tutorial,broad,0,0.636,0.095,0.075,2.67,0.699,0.445,Mobile,Germany,150.0,4560.0,60.0,0.5,25.0,30.0,80.0,0.15
2026-01-06,YouTube - Brand Awareness,YouTube,361,27,16.17,0,0.0,cheap keyword planner software download,keyword planner,broad,0,0.636,0.095,0.075,1.93,0.699,0.445,Tablet,United Kingdom,150.0,4560.0,60.0,0.5,25.0,30.0,80.0,0.15
2026-01-06,YouTube - Brand Awareness,YouTube,485,11,28.17,0,0.0,marketing jobs salary definition,jobs,broad,0,0.636,0.095,0.075,1.4,0.699,0.445,Tablet,Canada,150.0,4560.0,60.0,0.5,25.0,30.0,80.0,0.15
2026-01-06,YouTube - Brand Awareness,YouTube,335,18,11.81,0,0.0,how to reset google ads password,support,broad,0,0.636,0.095,0.075,1.53,0.699,0.445,Desktop,Germany,150.0,4560.0,60.0,0.5,25.0,30.0,80.0,0.15
2026-01-07,Google Search - Brand,Google Search,7800,100,293.74,9,896.54,,,,9,0.7,0.02,0.28,3.03,0.77,0.49,Tablet,United Kingdom,150.0,4560.0,30.0,2.5,10.0,100.0,300.0,0.5
2026-01-07,Google Search - Brand,Google Search,792,31,51.73,1,97.75,forecastiq,forecastiq,exact,1,0.7,0.02,0.28,2.28,0.77,0.49,Mobile,United States,150.0,4560.0,30.0,2.5,10.0,100.0,300.0,0.5
2026-01-07,Google Search - Brand,Google Search,897,40,74.21,2,217.06,forecastiq pricing,forecastiq,phrase,2,0.7,0.02,0.28,1.65,0.77,0.49,Tablet,United Kingdom,150.0,4560.0,30.0,2.5,10.0,100.0,300.0,0.5
2026-01-07,Google Search - Brand,Google Search,725,38,67.85,5,515.26,forecastiq software reviews,forecastiq,broad,5,0.7,0.02,0.28,2.17,0.77,0.49,Desktop,United Kingdom,150.0,4560.0,30.0,2.5,10.0,100.0,300.0,0.5
2026-01-07,Google Search - Brand,Google Search,689,43,67.57,0,0.0,forecastiq login portal,forecastiq,phrase,0,0.7,0.02,0.28,2.04,0.77,0.49,Tablet,United Kingdom,150.0,4560.0,30.0,2.5,10.0,100.0,300.0,0.5
2026-01-07,Google Search - NonBrand,Google Search,7296,128,151.69,3,180.44,,,,3,0.685,0.052,0.143,2.4,0.754,0.48,Mobile,United Kingdom,300.0,9120.0,40.0,1.5,15.0,60.0,150.0,0.35
2026-01-07,Google Search - NonBrand,Google Search,923,45,50.89,7,413.74,paid ads forecasting tool,forecasting tool,phrase,7,0.685,0.052,0.143,1.24,0.754,0.48,Tablet,United States,300.0,9120.0,40.0,1.5,15.0,60.0,150.0,0.35
2026-01-07,Google Search - NonBrand,Google Search,949,25,35.59,4,230.14,marketing forecasting software,forecasting tool,exact,4,0.685,0.052,0.143,1.26,0.754,0.48,Tablet,United States,300.0,9120.0,40.0,1.5,15.0,60.0,150.0,0.35
2026-01-07,Google Search - NonBrand,Google Search,1010,73,73.78,14,911.89,ppc budget optimization planner,budget optimization,broad,16,0.685,0.052,0.143,2.11,0.754,0.48,Tablet,United States,300.0,9120.0,40.0,1.5,15.0,60.0,150.0,0.35
2026-01-07,Google Search - NonBrand,Google Search,790,30,19.98,0,0.0,ads forecasting template excel,forecasting tool,broad,0,0.685,0.052,0.143,2.82,0.754,0.48,Desktop,United States,300.0,9120.0,40.0,1.5,15.0,60.0,150.0,0.35
2026-01-07,Google Search - Competitors,Google Search,2924,68,168.6,2,76.12,,,,2,0.603,0.078,0.165,2.65,0.664,0.422,Mobile,Germany,100.0,3040.0,50.0,0.8,20.0,40.0,100.0,0.2
2026-01-07,Google Search - Competitors,Google Search,417,10,35.58,0,0.0,semrush forecasting tool alternative,semrush,phrase,0,0.603,0.078,0.165,2.96,0.664,0.422,Tablet,Germany,100.0,3040.0,50.0,0.8,20.0,40.0,100.0,0.2
2026-01-07,Google Search - Competitors,Google Search,243,10,48.18,0,0.0,ahrefs traffic forecaster,ahrefs,broad,0,0.603,0.078,0.165,2.74,0.664,0.422,Mobile,Germany,100.0,3040.0,50.0,0.8,20.0,40.0,100.0,0.2
2026-01-07,Google Search - Competitors,Google Search,234,7,24.79,0,0.0,spyfu competitor ads budget planner,competitor template,broad,0,0.603,0.078,0.165,2.12,0.664,0.422,Tablet,Germany,100.0,3040.0,50.0,0.8,20.0,40.0,100.0,0.2
2026-01-07,Meta Ads - Prospecting,Meta,3744,72,203.57,6,525.8,,,,6,0.693,0.167,0.111,1.4,0.763,0.485,Tablet,Canada,200.0,6080.0,35.0,1.8,12.0,80.0,200.0,0.4
2026-01-07,Meta Ads - Retargeting,Meta,1365,39,48.27,1,117.26,,,,1,0.4,0.55,0.05,3.27,0.44,0.28,Mobile,Canada,50.0,1520.0,25.0,3.5,8.0,120.0,400.0,0.6
2026-01-07,YouTube - Brand Awareness,YouTube,1309,119,195.53,0,0.0,,,,0,0.664,0.097,0.059,2.1,0.731,0.465,Desktop,United States,150.0,4560.0,60.0,0.5,25.0,30.0,80.0,0.15
2026-01-07,YouTube - Brand Awareness,YouTube,121,8,22.55,0,0.0,free advertising tutorial youtube,marketing tutorial,broad,0,0.664,0.097,0.059,2.61,0.731,0.465,Mobile,United Kingdom,150.0,4560.0,60.0,0.5,25.0,30.0,80.0,0.15
2026-01-07,YouTube - Brand Awareness,YouTube,121,3,15.37,0,0.0,cheap keyword planner software download,keyword planner,broad,0,0.664,0.097,0.059,2.63,0.731,0.465,Desktop,United Kingdom,150.0,4560.0,60.0,0.5,25.0,30.0,80.0,0.15
2026-01-07,YouTube - Brand Awareness,YouTube,116,3,30.05,0,0.0,marketing jobs salary definition,jobs,broad,0,0.664,0.097,0.059,2.84,0.731,0.465,Tablet,United Kingdom,150.0,4560.0,60.0,0.5,25.0,30.0,80.0,0.15
2026-01-07,YouTube - Brand Awareness,YouTube,174,10,11.12,0,0.0,how to reset google ads password,support,broad,0,0.664,0.097,0.059,3.69,0.731,0.465,Desktop,United Kingdom,150.0,4560.0,60.0,0.5,25.0,30.0,80.0,0.15
2026-01-08,Google Search - Brand,Google Search,3248,56,122.42,4,380.88,,,,4,0.7,0.02,0.28,1.27,0.77,0.49,Tablet,Canada,150.0,4560.0,30.0,2.5,10.0,100.0,300.0,0.5
2026-01-08,Google Search - Brand,Google Search,461,26,30.03,1,97.51,forecastiq,forecastiq,exact,1,0.7,0.02,0.28,2.33,0.77,0.49,Mobile,Germany,150.0,4560.0,30.0,2.5,10.0,100.0,300.0,0.5
2026-01-08,Google Search - Brand,Google Search,477,15,14.9,1,95.16,forecastiq pricing,forecastiq,phrase,1,0.7,0.02,0.28,1.66,0.77,0.49,Tablet,Germany,150.0,4560.0,30.0,2.5,10.0,100.0,300.0,0.5
2026-01-08,Google Search - Brand,Google Search,389,23,29.49,3,281.23,forecastiq software reviews,forecastiq,broad,3,0.7,0.02,0.28,1.39,0.77,0.49,Tablet,Canada,150.0,4560.0,30.0,2.5,10.0,100.0,300.0,0.5
2026-01-08,Google Search - Brand,Google Search,367,29,39.26,0,0.0,forecastiq login portal,forecastiq,phrase,0,0.7,0.02,0.28,2.57,0.77,0.49,Mobile,Canada,150.0,4560.0,30.0,2.5,10.0,100.0,300.0,0.5
2026-01-08,Google Search - NonBrand,Google Search,9230,130,379.76,8,521.57,,,,9,0.872,0.245,0.06,1.7,0.959,0.61,Tablet,United Kingdom,300.0,9120.0,40.0,1.5,15.0,60.0,150.0,0.35
2026-01-08,Google Search - NonBrand,Google Search,1002,73,143.55,9,488.12,paid ads forecasting tool,forecasting tool,phrase,10,0.872,0.245,0.06,2.37,0.959,0.61,Mobile,United States,300.0,9120.0,40.0,1.5,15.0,60.0,150.0,0.35
2026-01-08,Google Search - NonBrand,Google Search,779,43,35.5,9,489.62,marketing forecasting software,forecasting tool,exact,9,0.872,0.245,0.06,2.56,0.959,0.61,Desktop,Canada,300.0,9120.0,40.0,1.5,15.0,60.0,150.0,0.35
2026-01-08,Google Search - NonBrand,Google Search,1380,80,140.26,23,1326.73,ppc budget optimization planner,budget optimization,broad,23,0.872,0.245,0.06,1.52,0.959,0.61,Tablet,United States,300.0,9120.0,40.0,1.5,15.0,60.0,150.0,0.35
2026-01-08,Google Search - NonBrand,Google Search,975,38,17.89,0,0.0,ads forecasting template excel,forecasting tool,broad,0,0.872,0.245,0.06,2.75,0.959,0.61,Tablet,United Kingdom,300.0,9120.0,40.0,1.5,15.0,60.0,150.0,0.35
2026-01-08,Google Search - Competitors,Google Search,1792,56,97.94,2,84.16,,,,2,0.893,0.239,0.116,1.55,0.982,0.625,Mobile,Germany,100.0,3040.0,50.0,0.8,20.0,40.0,100.0,0.2
2026-01-08,Google Search - Competitors,Google Search,266,14,33.61,0,0.0,semrush forecasting tool alternative,semrush,phrase,0,0.893,0.239,0.116,3.48,0.982,0.625,Desktop,United States,100.0,3040.0,50.0,0.8,20.0,40.0,100.0,0.2
2026-01-08,Google Search - Competitors,Google Search,227,17,43.75,0,0.0,ahrefs traffic forecaster,ahrefs,broad,0,0.893,0.239,0.116,2.77,0.982,0.625,Mobile,Germany,100.0,3040.0,50.0,0.8,20.0,40.0,100.0,0.2
2026-01-08,Google Search - Competitors,Google Search,150,3,25.45,0,0.0,spyfu competitor ads budget planner,competitor template,broad,0,0.893,0.239,0.116,3.11,0.982,0.625,Desktop,Canada,100.0,3040.0,50.0,0.8,20.0,40.0,100.0,0.2
2026-01-08,Meta Ads - Prospecting,Meta,7074,131,240.84,7,592.76,,,,8,0.793,0.181,0.155,2.84,0.872,0.555,Mobile,United Kingdom,200.0,6080.0,35.0,1.8,12.0,80.0,200.0,0.4
2026-01-08,Meta Ads - Retargeting,Meta,1463,19,39.1,1,130.55,,,,1,0.4,0.55,0.05,1.95,0.44,0.28,Desktop,United States,50.0,1520.0,25.0,3.5,8.0,120.0,400.0,0.6
2026-01-08,YouTube - Brand Awareness,YouTube,3799,131,189.16,0,0.0,,,,0,0.887,0.161,0.175,2.51,0.975,0.621,Mobile,United Kingdom,150.0,4560.0,60.0,0.5,25.0,30.0,80.0,0.15
2026-01-08,YouTube - Brand Awareness,YouTube,547,37,20.31,0,0.0,free advertising tutorial youtube,marketing tutorial,broad,0,0.887,0.161,0.175,3.51,0.975,0.621,Desktop,United States,150.0,4560.0,60.0,0.5,25.0,30.0,80.0,0.15
2026-01-08,YouTube - Brand Awareness,YouTube,318,19,14.43,0,0.0,cheap keyword planner software download,keyword planner,broad,0,0.887,0.161,0.175,3.36,0.975,0.621,Mobile,United States,150.0,4560.0,60.0,0.5,25.0,30.0,80.0,0.15
2026-01-08,YouTube - Brand Awareness,YouTube,432,28,31.73,0,0.0,marketing jobs salary definition,jobs,broad,0,0.887,0.161,0.175,2.53,0.975,0.621,Mobile,Canada,150.0,4560.0,60.0,0.5,25.0,30.0,80.0,0.15
2026-01-08,YouTube - Brand Awareness,YouTube,455,24,11.25,0,0.0,how to reset google ads password,support,broad,0,0.887,0.161,0.175,2.82,0.975,0.621,Mobile,Canada,150.0,4560.0,60.0,0.5,25.0,30.0,80.0,0.15
2026-01-09,Google Search - Brand,Google Search,2208,46,94.74,3,315.8,,,,3,0.7,0.02,0.28,1.55,0.77,0.49,Mobile,Canada,150.0,4560.0,30.0,2.5,10.0,100.0,300.0,0.5
2026-01-09,Google Search - Brand,Google Search,322,7,9.83,0,0.0,forecastiq,forecastiq,exact,0,0.7,0.02,0.28,1.79,0.77,0.49,Desktop,Canada,150.0,4560.0,30.0,2.5,10.0,100.0,300.0,0.5
2026-01-09,Google Search - Brand,Google Search,247,16,18.21,1,98.61,forecastiq pricing,forecastiq,phrase,1,0.7,0.02,0.28,2.33,0.77,0.49,Tablet,Germany,150.0,4560.0,30.0,2.5,10.0,100.0,300.0,0.5
2026-01-09,Google Search - Brand,Google Search,291,10,12.93,1,99.37,forecastiq software reviews,forecastiq,broad,1,0.7,0.02,0.28,2.93,0.77,0.49,Tablet,United Kingdom,150.0,4560.0,30.0,2.5,10.0,100.0,300.0,0.5
2026-01-09,Google Search - Brand,Google Search,254,10,19.54,0,0.0,forecastiq login portal,forecastiq,phrase,0,0.7,0.02,0.28,3.76,0.77,0.49,Desktop,United States,150.0,4560.0,30.0,2.5,10.0,100.0,300.0,0.5
2026-01-09,Google Search - NonBrand,Google Search,10302,202,237.59,5,299.75,,,,5,0.626,0.195,0.063,2.48,0.689,0.438,Tablet,United Kingdom,300.0,9120.0,40.0,1.5,15.0,60.0,150.0,0.35
2026-01-09,Google Search - NonBrand,Google Search,1003,63,116.13,8,471.0,paid ads forecasting tool,forecasting tool,phrase,9,0.626,0.195,0.063,1.25,0.689,0.438,Mobile,Germany,300.0,9120.0,40.0,1.5,15.0,60.0,150.0,0.35
2026-01-09,Google Search - NonBrand,Google Search,1002,65,122.07,12,790.41,marketing forecasting software,forecasting tool,exact,12,0.626,0.195,0.063,3.04,0.689,0.438,Desktop,United Kingdom,300.0,9120.0,40.0,1.5,15.0,60.0,150.0,0.35
2026-01-09,Google Search - NonBrand,Google Search,998,29,30.75,7,446.26,ppc budget optimization planner,budget optimization,broad,8,0.626,0.195,0.063,1.86,0.689,0.438,Tablet,Germany,300.0,9120.0,40.0,1.5,15.0,60.0,150.0,0.35
2026-01-09,Google Search - NonBrand,Google Search,1149,63,17.21,0,0.0,ads forecasting template excel,forecasting tool,broad,0,0.626,0.195,0.063,1.2,0.689,0.438,Desktop,Canada,300.0,9120.0,40.0,1.5,15.0,60.0,150.0,0.35
2026-01-09,Google Search - Competitors,Google Search,1560,78,165.68,3,114.04,,,,3,0.875,0.058,0.101,1.13,0.963,0.613,Tablet,Germany,100.0,3040.0,50.0,0.8,20.0,40.0,100.0,0.2
2026-01-09,Google Search - Competitors,Google Search,193,12,36.45,0,0.0,semrush forecasting tool alternative,semrush,phrase,0,0.875,0.058,0.101,2.28,0.963,0.613,Mobile,United States,100.0,3040.0,50.0,0.8,20.0,40.0,100.0,0.2
2026-01-09,Google Search - Competitors,Google Search,217,9,46.03,0,0.0,ahrefs traffic forecaster,ahrefs,broad,0,0.875,0.058,0.101,3.59,0.963,0.613,Tablet,United States,100.0,3040.0,50.0,0.8,20.0,40.0,100.0,0.2
2026-01-09,Google Search - Competitors,Google Search,171,10,24.87,0,0.0,spyfu competitor ads budget planner,competitor template,broad,0,0.875,0.058,0.101,1.65,0.963,0.613,Desktop,United Kingdom,100.0,3040.0,50.0,0.8,20.0,40.0,100.0,0.2
2026-01-09,Meta Ads - Prospecting,Meta,1460,73,138.41,3,258.22,,,,3,0.697,0.09,0.189,1.26,0.767,0.488,Tablet,United States,200.0,6080.0,35.0,1.8,12.0,80.0,200.0,0.4
2026-01-09,Meta Ads - Retargeting,Meta,990,18,45.2,2,228.23,,,,2,0.4,0.55,0.05,2.22,0.44,0.28,Tablet,United Kingdom,50.0,1520.0,25.0,3.5,8.0,120.0,400.0,0.6
2026-01-09,YouTube - Brand Awareness,YouTube,770,55,144.13,0,0.0,,,,0,0.636,0.161,0.093,1.63,0.7,0.445,Desktop,Germany,150.0,4560.0,60.0,0.5,25.0,30.0,80.0,0.15
2026-01-09,YouTube - Brand Awareness,YouTube,74,3,21.17,0,0.0,free advertising tutorial youtube,marketing tutorial,broad,0,0.636,0.161,0.093,2.51,0.7,0.445,Tablet,Germany,150.0,4560.0,60.0,0.5,25.0,30.0,80.0,0.15
2026-01-09,YouTube - Brand Awareness,YouTube,75,3,16.51,0,0.0,cheap keyword planner software download,keyword planner,broad,0,0.636,0.161,0.093,3.06,0.7,0.445,Desktop,United Kingdom,150.0,4560.0,60.0,0.5,25.0,30.0,80.0,0.15
2026-01-09,YouTube - Brand Awareness,YouTube,99,3,30.58,0,0.0,marketing jobs salary definition,jobs,broad,0,0.636,0.161,0.093,3.71,0.7,0.445,Desktop,Germany,150.0,4560.0,60.0,0.5,25.0,30.0,80.0,0.15
2026-01-09,YouTube - Brand Awareness,YouTube,84,1,11.2,0,0.0,how to reset google ads password,support,broad,0,0.636,0.161,0.093,3.43,0.7,0.445,Tablet,Canada,150.0,4560.0,60.0,0.5,25.0,30.0,80.0,0.15
2026-01-10,Google Search - Brand,Google Search,2442,66,104.71,4,416.41,,,,4,0.7,0.02,0.28,3.15,0.77,0.49,Tablet,Canada,150.0,4560.0,30.0,2.5,10.0,100.0,300.0,0.5
2026-01-10,Google Search - Brand,Google Search,357,27,33.4,1,92.33,forecastiq,forecastiq,exact,1,0.7,0.02,0.28,2.89,0.77,0.49,Tablet,United States,150.0,4560.0,30.0,2.5,10.0,100.0,300.0,0.5
2026-01-10,Google Search - Brand,Google Search,361,24,25.41,1,100.23,forecastiq pricing,forecastiq,phrase,1,0.7,0.02,0.28,1.99,0.77,0.49,Mobile,United States,150.0,4560.0,30.0,2.5,10.0,100.0,300.0,0.5
2026-01-10,Google Search - Brand,Google Search,254,9,10.91,1,104.5,forecastiq software reviews,forecastiq,broad,1,0.7,0.02,0.28,2.08,0.77,0.49,Desktop,United States,150.0,4560.0,30.0,2.5,10.0,100.0,300.0,0.5
2026-01-10,Google Search - Brand,Google Search,213,15,23.51,0,0.0,forecastiq login portal,forecastiq,phrase,0,0.7,0.02,0.28,3.75,0.77,0.49,Tablet,Canada,150.0,4560.0,30.0,2.5,10.0,100.0,300.0,0.5
2026-01-10,Google Search - NonBrand,Google Search,7614,141,353.25,9,521.53,,,,9,0.624,0.117,0.089,1.73,0.686,0.437,Desktop,Canada,300.0,9120.0,40.0,1.5,15.0,60.0,150.0,0.35
2026-01-10,Google Search - NonBrand,Google Search,732,45,48.87,7,381.61,paid ads forecasting tool,forecasting tool,phrase,7,0.624,0.117,0.089,2.78,0.686,0.437,Desktop,Germany,300.0,9120.0,40.0,1.5,15.0,60.0,150.0,0.35
2026-01-10,Google Search - NonBrand,Google Search,973,69,96.4,11,632.48,marketing forecasting software,forecasting tool,exact,13,0.624,0.117,0.089,3.37,0.686,0.437,Desktop,United States,300.0,9120.0,40.0,1.5,15.0,60.0,150.0,0.35
2026-01-10,Google Search - NonBrand,Google Search,708,26,30.87,6,384.37,ppc budget optimization planner,budget optimization,broad,6,0.624,0.117,0.089,2.42,0.686,0.437,Mobile,Germany,300.0,9120.0,40.0,1.5,15.0,60.0,150.0,0.35
2026-01-10,Google Search - NonBrand,Google Search,981,46,16.8,0,0.0,ads forecasting template excel,forecasting tool,broad,0,0.624,0.117,0.089,3.25,0.686,0.437,Mobile,Germany,300.0,9120.0,40.0,1.5,15.0,60.0,150.0,0.35
2026-01-10,Google Search - Competitors,Google Search,572,52,106.08,1,41.39,,,,1,0.836,0.164,0.053,1.53,0.92,0.585,Desktop,United Kingdom,100.0,3040.0,50.0,0.8,20.0,40.0,100.0,0.2
2026-01-10,Google Search - Competitors,Google Search,71,5,32.36,0,0.0,semrush forecasting tool alternative,semrush,phrase,0,0.836,0.164,0.053,2.38,0.92,0.585,Mobile,Germany,100.0,3040.0,50.0,0.8,20.0,40.0,100.0,0.2
2026-01-10,Google Search - Competitors,Google Search,76,4,41.58,0,0.0,ahrefs traffic forecaster,ahrefs,broad,0,0.836,0.164,0.053,3.61,0.92,0.585,Mobile,United States,100.0,3040.0,50.0,0.8,20.0,40.0,100.0,0.2
2026-01-10,Google Search - Competitors,Google Search,77,2,26.01,0,0.0,spyfu competitor ads budget planner,competitor template,broad,0,0.836,0.164,0.053,3.63,0.92,0.585,Mobile,United Kingdom,100.0,3040.0,50.0,0.8,20.0,40.0,100.0,0.2
2026-01-10,Meta Ads - Prospecting,Meta,1120,70,189.81,5,395.01,,,,5,0.651,0.164,0.138,3.06,0.716,0.456,Desktop,Germany,200.0,6080.0,35.0,1.8,12.0,80.0,200.0,0.4
2026-01-10,Meta Ads - Retargeting,Meta,1040,16,32.56,1,111.98,,,,1,0.4,0.55,0.05,3.12,0.44,0.28,Desktop,United Kingdom,50.0,1520.0,25.0,3.5,8.0,120.0,400.0,0.6
2026-01-10,YouTube - Brand Awareness,YouTube,5472,76,100.84,0,0.0,,,,0,0.579,0.228,0.196,2.68,0.637,0.405,Tablet,Canada,150.0,4560.0,60.0,0.5,25.0,30.0,80.0,0.15
2026-01-10,YouTube - Brand Awareness,YouTube,699,51,24.2,0,0.0,free advertising tutorial youtube,marketing tutorial,broad,0,0.579,0.228,0.196,2.78,0.637,0.405,Mobile,United States,150.0,4560.0,60.0,0.5,25.0,30.0,80.0,0.15
2026-01-10,YouTube - Brand Awareness,YouTube,500,25,15.55,0,0.0,cheap keyword planner software download,keyword planner,broad,0,0.579,0.228,0.196,2.45,0.637,0.405,Tablet,United States,150.0,4560.0,60.0,0.5,25.0,30.0,80.0,0.15
2026-01-10,YouTube - Brand Awareness,YouTube,587,36,30.33,0,0.0,marketing jobs salary definition,jobs,broad,0,0.579,0.228,0.196,2.92,0.637,0.405,Desktop,Canada,150.0,4560.0,60.0,0.5,25.0,30.0,80.0,0.15
2026-01-10,YouTube - Brand Awareness,YouTube,745,40,12.0,0,0.0,how to reset google ads password,support,broad,0,0.579,0.228,0.196,3.72,0.637,0.405,Mobile,Germany,150.0,4560.0,60.0,0.5,25.0,30.0,80.0,0.15
2026-01-11,Google Search - Brand,Google Search,3016,52,136.51,3,301.0,,,,3,0.7,0.02,0.28,1.78,0.77,0.49,Mobile,Germany,150.0,4560.0,30.0,2.5,10.0,100.0,300.0,0.5
2026-01-11,Google Search - Brand,Google Search,293,13,20.0,0,0.0,forecastiq,forecastiq,exact,0,0.7,0.02,0.28,1.3,0.77,0.49,Desktop,Germany,150.0,4560.0,30.0,2.5,10.0,100.0,300.0,0.5
2026-01-11,Google Search - Brand,Google Search,359,21,25.8,1,103.28,forecastiq pricing,forecastiq,phrase,1,0.7,0.02,0.28,1.67,0.77,0.49,Tablet,United Kingdom,150.0,4560.0,30.0,2.5,10.0,100.0,300.0,0.5
2026-01-11,Google Search - Brand,Google Search,313,17,28.63,2,188.05,forecastiq software reviews,forecastiq,broad,2,0.7,0.02,0.28,1.51,0.77,0.49,Mobile,Germany,150.0,4560.0,30.0,2.5,10.0,100.0,300.0,0.5
2026-01-11,Google Search - Brand,Google Search,371,25,34.03,0,0.0,forecastiq login portal,forecastiq,phrase,0,0.7,0.02,0.28,2.21,0.77,0.49,Desktop,Germany,150.0,4560.0,30.0,2.5,10.0,100.0,300.0,0.5
2026-01-11,Google Search - NonBrand,Google Search,6804,108,173.32,3,166.58,,,,3,0.802,0.121,0.093,2.58,0.882,0.561,Tablet,Canada,300.0,9120.0,40.0,1.5,15.0,60.0,150.0,0.35
2026-01-11,Google Search - NonBrand,Google Search,812,29,47.12,3,178.91,paid ads forecasting tool,forecasting tool,phrase,3,0.802,0.121,0.093,1.39,0.882,0.561,Mobile,Germany,300.0,9120.0,40.0,1.5,15.0,60.0,150.0,0.35
2026-01-11,Google Search - NonBrand,Google Search,645,32,48.27,6,350.15,marketing forecasting software,forecasting tool,exact,7,0.802,0.121,0.093,2.27,0.882,0.561,Mobile,United States,300.0,9120.0,40.0,1.5,15.0,60.0,150.0,0.35
2026-01-11,Google Search - NonBrand,Google Search,776,50,77.42,10,655.0,ppc budget optimization planner,budget optimization,broad,11,0.802,0.121,0.093,3.34,0.882,0.561,Tablet,Canada,300.0,9120.0,40.0,1.5,15.0,60.0,150.0,0.35
2026-01-11,Google Search - NonBrand,Google Search,1000,26,18.6,0,0.0,ads forecasting template excel,forecasting tool,broad,0,0.802,0.121,0.093,2.19,0.882,0.561,Mobile,United Kingdom,300.0,9120.0,40.0,1.5,15.0,60.0,150.0,0.35
2026-01-11,Google Search - Competitors,Google Search,3053,43,55.88,0,0.0,,,,0,0.613,0.249,0.076,1.34,0.674,0.429,Mobile,United States,100.0,3040.0,50.0,0.8,20.0,40.0,100.0,0.2
2026-01-11,Google Search - Competitors,Google Search,272,17,32.54,0,0.0,semrush forecasting tool alternative,semrush,phrase,0,0.613,0.249,0.076,3.46,0.674,0.429,Desktop,Canada,100.0,3040.0,50.0,0.8,20.0,40.0,100.0,0.2
2026-01-11,Google Search - Competitors,Google Search,376,28,48.61,0,0.0,ahrefs traffic forecaster,ahrefs,broad,0,0.613,0.249,0.076,3.03,0.674,0.429,Desktop,Germany,100.0,3040.0,50.0,0.8,20.0,40.0,100.0,0.2
2026-01-11,Google Search - Competitors,Google Search,342,19,23.86,0,0.0,spyfu competitor ads budget planner,competitor template,broad,0,0.613,0.249,0.076,1.7,0.674,0.429,Mobile,United States,100.0,3040.0,50.0,0.8,20.0,40.0,100.0,0.2
2026-01-11,Meta Ads - Prospecting,Meta,1920,96,158.68,5,393.35,,,,6,0.563,0.204,0.164,2.4,0.62,0.394,Tablet,Canada,200.0,6080.0,35.0,1.8,12.0,80.0,200.0,0.4
2026-01-11,Meta Ads - Retargeting,Meta,288,16,32.18,1,112.92,,,,1,0.4,0.55,0.05,1.58,0.44,0.28,Desktop,Canada,50.0,1520.0,25.0,3.5,8.0,120.0,400.0,0.6
2026-01-11,YouTube - Brand Awareness,YouTube,1302,93,199.36,0,0.0,,,,0,0.553,0.228,0.168,2.22,0.608,0.387,Tablet,United States,150.0,4560.0,60.0,0.5,25.0,30.0,80.0,0.15
2026-01-11,YouTube - Brand Awareness,YouTube,120,7,21.83,0,0.0,free advertising tutorial youtube,marketing tutorial,broad,0,0.553,0.228,0.168,1.32,0.608,0.387,Mobile,United Kingdom,150.0,4560.0,60.0,0.5,25.0,30.0,80.0,0.15
2026-01-11,YouTube - Brand Awareness,YouTube,134,9,14.81,0,0.0,cheap keyword planner software download,keyword planner,broad,0,0.553,0.228,0.168,1.46,0.608,0.387,Mobile,Germany,150.0,4560.0,60.0,0.5,25.0,30.0,80.0,0.15
2026-01-11,YouTube - Brand Awareness,YouTube,104,2,30.59,0,0.0,marketing jobs salary definition,jobs,broad,0,0.553,0.228,0.168,3.07,0.608,0.387,Tablet,United Kingdom,150.0,4560.0,60.0,0.5,25.0,30.0,80.0,0.15
2026-01-11,YouTube - Brand Awareness,YouTube,173,3,11.18,0,0.0,how to reset google ads password,support,broad,0,0.553,0.228,0.168,1.33,0.608,0.387,Mobile,United Kingdom,150.0,4560.0,60.0,0.5,25.0,30.0,80.0,0.15
2026-01-12,Google Search - Brand,Google Search,3510,65,183.32,5,496.13,,,,6,0.7,0.02,0.28,2.51,0.77,0.49,Mobile,United Kingdom,150.0,4560.0,30.0,2.5,10.0,100.0,300.0,0.5
2026-01-12,Google Search - Brand,Google Search,462,25,38.46,1,93.04,forecastiq,forecastiq,exact,1,0.7,0.02,0.28,3.45,0.77,0.49,Desktop,Canada,150.0,4560.0,30.0,2.5,10.0,100.0,300.0,0.5
2026-01-12,Google Search - Brand,Google Search,497,34,56.7,3,302.39,forecastiq pricing,forecastiq,phrase,3,0.7,0.02,0.28,1.6,0.77,0.49,Desktop,Canada,150.0,4560.0,30.0,2.5,10.0,100.0,300.0,0.5
2026-01-12,Google Search - Brand,Google Search,459,13,24.62,2,208.45,forecastiq software reviews,forecastiq,broad,2,0.7,0.02,0.28,3.67,0.77,0.49,Mobile,United States,150.0,4560.0,30.0,2.5,10.0,100.0,300.0,0.5
2026-01-12,Google Search - Brand,Google Search,426,23,29.51,0,0.0,forecastiq login portal,forecastiq,phrase,0,0.7,0.02,0.28,3.74,0.77,0.49,Tablet,Canada,150.0,4560.0,30.0,2.5,10.0,100.0,300.0,0.5
2026-01-12,Google Search - NonBrand,Google Search,3876,102,247.54,5,300.87,,,,6,0.895,0.223,0.083,1.99,0.984,0.626,Desktop,United Kingdom,300.0,9120.0,40.0,1.5,15.0,60.0,150.0,0.35
2026-01-12,Google Search - NonBrand,Google Search,343,7,6.77,0,0.0,paid ads forecasting tool,forecasting tool,phrase,0,0.895,0.223,0.083,3.41,0.984,0.626,Mobile,Germany,300.0,9120.0,40.0,1.5,15.0,60.0,150.0,0.35
2026-01-12,Google Search - NonBrand,Google Search,500,13,13.3,2,130.66,marketing forecasting software,forecasting tool,exact,2,0.895,0.223,0.083,1.87,0.984,0.626,Tablet,Canada,300.0,9120.0,40.0,1.5,15.0,60.0,150.0,0.35
2026-01-12,Google Search - NonBrand,Google Search,442,22,38.51,5,296.65,ppc budget optimization planner,budget optimization,broad,5,0.895,0.223,0.083,2.22,0.984,0.626,Mobile,United Kingdom,300.0,9120.0,40.0,1.5,15.0,60.0,150.0,0.35
2026-01-12,Google Search - NonBrand,Google Search,492,16,17.0,0,0.0,ads forecasting template excel,forecasting tool,broad,0,0.895,0.223,0.083,2.92,0.984,0.626,Tablet,United States,300.0,9120.0,40.0,1.5,15.0,60.0,150.0,0.35
2026-01-12,Google Search - Competitors,Google Search,710,71,141.75,3,127.19,,,,3,0.808,0.116,0.158,1.24,0.888,0.565,Tablet,Germany,100.0,3040.0,50.0,0.8,20.0,40.0,100.0,0.2
2026-01-12,Google Search - Competitors,Google Search,57,2,32.41,0,0.0,semrush forecasting tool alternative,semrush,phrase,0,0.808,0.116,0.158,2.18,0.888,0.565,Desktop,United Kingdom,100.0,3040.0,50.0,0.8,20.0,40.0,100.0,0.2
2026-01-12,Google Search - Competitors,Google Search,85,5,47.0,0,0.0,ahrefs traffic forecaster,ahrefs,broad,0,0.808,0.116,0.158,2.58,0.888,0.565,Tablet,United Kingdom,100.0,3040.0,50.0,0.8,20.0,40.0,100.0,0.2
2026-01-12,Google Search - Competitors,Google Search,82,5,27.19,0,0.0,spyfu competitor ads budget planner,competitor template,broad,0,0.808,0.116,0.158,1.74,0.888,0.565,Desktop,Germany,100.0,3040.0,50.0,0.8,20.0,40.0,100.0,0.2
2026-01-12,Meta Ads - Prospecting,Meta,852,71,189.55,4,350.72,,,,4,0.619,0.238,0.153,2.51,0.68,0.433,Mobile,Canada,200.0,6080.0,35.0,1.8,12.0,80.0,200.0,0.4
2026-01-12,Meta Ads - Retargeting,Meta,204,17,37.18,1,127.27,,,,1,0.4,0.55,0.05,2.52,0.44,0.28,Mobile,Germany,50.0,1520.0,25.0,3.5,8.0,120.0,400.0,0.6
2026-01-12,YouTube - Brand Awareness,YouTube,2886,111,269.87,0,0.0,,,,0,0.672,0.227,0.081,2.01,0.74,0.471,Mobile,United Kingdom,150.0,4560.0,60.0,0.5,25.0,30.0,80.0,0.15
2026-01-12,YouTube - Brand Awareness,YouTube,322,24,22.68,0,0.0,free advertising tutorial youtube,marketing tutorial,broad,0,0.672,0.227,0.081,2.75,0.74,0.471,Desktop,Germany,150.0,4560.0,60.0,0.5,25.0,30.0,80.0,0.15
2026-01-12,YouTube - Brand Awareness,YouTube,285,22,14.94,0,0.0,cheap keyword planner software download,keyword planner,broad,0,0.672,0.227,0.081,2.3,0.74,0.471,Mobile,United States,150.0,4560.0,60.0,0.5,25.0,30.0,80.0,0.15
2026-01-12,YouTube - Brand Awareness,YouTube,268,12,32.39,0,0.0,marketing jobs salary definition,jobs,broad,0,0.672,0.227,0.081,2.34,0.74,0.471,Desktop,United Kingdom,150.0,4560.0,60.0,0.5,25.0,30.0,80.0,0.15
2026-01-12,YouTube - Brand Awareness,YouTube,370,7,11.69,0,0.0,how to reset google ads password,support,broad,0,0.672,0.227,0.081,3.77,0.74,0.471,Mobile,United Kingdom,150.0,4560.0,60.0,0.5,25.0,30.0,80.0,0.15
2026-01-13,Google Search - Brand,Google Search,3872,121,349.4,11,1060.67,,,,11,0.7,0.02,0.28,2.26,0.77,0.49,Mobile,United States,150.0,4560.0,30.0,2.5,10.0,100.0,300.0,0.5
2026-01-13,Google Search - Brand,Google Search,433,31,32.55,1,106.1,forecastiq,forecastiq,exact,1,0.7,0.02,0.28,3.0,0.77,0.49,Mobile,United States,150.0,4560.0,30.0,2.5,10.0,100.0,300.0,0.5
2026-01-13,Google Search - Brand,Google Search,331,12,20.5,0,0.0,forecastiq pricing,forecastiq,phrase,0,0.7,0.02,0.28,2.89,0.77,0.49,Mobile,United States,150.0,4560.0,30.0,2.5,10.0,100.0,300.0,0.5
2026-01-13,Google Search - Brand,Google Search,511,12,16.66,1,98.96,forecastiq software reviews,forecastiq,broad,1,0.7,0.02,0.28,3.61,0.77,0.49,Mobile,United Kingdom,150.0,4560.0,30.0,2.5,10.0,100.0,300.0,0.5
2026-01-13,Google Search - Brand,Google Search,482,28,37.88,0,0.0,forecastiq login portal,forecastiq,phrase,0,0.7,0.02,0.28,2.94,0.77,0.49,Tablet,United States,150.0,4560.0,30.0,2.5,10.0,100.0,300.0,0.5
2026-01-13,Google Search - NonBrand,Google Search,7410,114,254.24,7,419.86,,,,7,0.887,0.055,0.152,2.99,0.976,0.621,Desktop,Canada,300.0,9120.0,40.0,1.5,15.0,60.0,150.0,0.35
2026-01-13,Google Search - NonBrand,Google Search,975,74,120.85,11,645.87,paid ads forecasting tool,forecasting tool,phrase,11,0.887,0.055,0.152,2.67,0.976,0.621,Desktop,Canada,300.0,9120.0,40.0,1.5,15.0,60.0,150.0,0.35
2026-01-13,Google Search - NonBrand,Google Search,1051,82,136.66,15,960.09,marketing forecasting software,forecasting tool,exact,15,0.887,0.055,0.152,2.8,0.976,0.621,Desktop,Canada,300.0,9120.0,40.0,1.5,15.0,60.0,150.0,0.35
2026-01-13,Google Search - NonBrand,Google Search,634,18,25.56,3,183.3,ppc budget optimization planner,budget optimization,broad,3,0.887,0.055,0.152,2.79,0.976,0.621,Mobile,Germany,300.0,9120.0,40.0,1.5,15.0,60.0,150.0,0.35
2026-01-13,Google Search - NonBrand,Google Search,799,42,17.39,0,0.0,ads forecasting template excel,forecasting tool,broad,0,0.887,0.055,0.152,1.78,0.976,0.621,Desktop,United Kingdom,300.0,9120.0,40.0,1.5,15.0,60.0,150.0,0.35
2026-01-13,Google Search - Competitors,Google Search,2001,69,188.32,3,113.31,,,,3,0.635,0.181,0.142,2.5,0.699,0.445,Tablet,United States,100.0,3040.0,50.0,0.8,20.0,40.0,100.0,0.2
2026-01-13,Google Search - Competitors,Google Search,256,16,32.73,0,0.0,semrush forecasting tool alternative,semrush,phrase,0,0.635,0.181,0.142,2.49,0.699,0.445,Mobile,Canada,100.0,3040.0,50.0,0.8,20.0,40.0,100.0,0.2
2026-01-13,Google Search - Competitors,Google Search,188,9,48.06,0,0.0,ahrefs traffic forecaster,ahrefs,broad,0,0.635,0.181,0.142,3.73,0.699,0.445,Desktop,Germany,100.0,3040.0,50.0,0.8,20.0,40.0,100.0,0.2
2026-01-13,Google Search - Competitors,Google Search,212,16,23.1,0,0.0,spyfu competitor ads budget planner,competitor template,broad,0,0.635,0.181,0.142,1.3,0.699,0.445,Mobile,Germany,100.0,3040.0,50.0,0.8,20.0,40.0,100.0,0.2
2026-01-13,Meta Ads - Prospecting,Meta,8466,166,339.27,12,985.34,,,,14,0.699,0.217,0.1,2.13,0.769,0.489,Mobile,United Kingdom,200.0,6080.0,35.0,1.8,12.0,80.0,200.0,0.4
2026-01-13,Meta Ads - Retargeting,Meta,684,38,101.1,3,389.77,,,,3,0.4,0.55,0.05,2.19,0.44,0.28,Desktop,Canada,50.0,1520.0,25.0,3.5,8.0,120.0,400.0,0.6
2026-01-13,YouTube - Brand Awareness,YouTube,1428,68,116.65,0,0.0,,,,0,0.778,0.092,0.125,1.77,0.856,0.545,Desktop,Germany,150.0,4560.0,60.0,0.5,25.0,30.0,80.0,0.15
2026-01-13,YouTube - Brand Awareness,YouTube,115,6,22.19,0,0.0,free advertising tutorial youtube,marketing tutorial,broad,0,0.778,0.092,0.125,3.08,0.856,0.545,Desktop,United States,150.0,4560.0,60.0,0.5,25.0,30.0,80.0,0.15
2026-01-13,YouTube - Brand Awareness,YouTube,205,14,15.94,0,0.0,cheap keyword planner software download,keyword planner,broad,0,0.778,0.092,0.125,3.61,0.856,0.545,Tablet,United States,150.0,4560.0,60.0,0.5,25.0,30.0,80.0,0.15
2026-01-13,YouTube - Brand Awareness,YouTube,166,5,30.28,0,0.0,marketing jobs salary definition,jobs,broad,0,0.778,0.092,0.125,1.7,0.856,0.545,Tablet,United States,150.0,4560.0,60.0,0.5,25.0,30.0,80.0,0.15
2026-01-13,YouTube - Brand Awareness,YouTube,213,6,13.11,0,0.0,how to reset google ads password,support,broad,0,0.778,0.092,0.125,2.37,0.856,0.545,Mobile,United States,150.0,4560.0,60.0,0.5,25.0,30.0,80.0,0.15
2026-01-14,Google Search - Brand,Google Search,5589,81,186.62,6,644.58,,,,7,0.7,0.02,0.28,1.36,0.77,0.49,Desktop,United Kingdom,150.0,4560.0,30.0,2.5,10.0,100.0,300.0,0.5
2026-01-14,Google Search - Brand,Google Search,712,34,61.17,1,99.84,forecastiq,forecastiq,exact,1,0.7,0.02,0.28,1.23,0.77,0.49,Desktop,Germany,150.0,4560.0,30.0,2.5,10.0,100.0,300.0,0.5
2026-01-14,Google Search - Brand,Google Search,602,23,43.63,2,195.59,forecastiq pricing,forecastiq,phrase,2,0.7,0.02,0.28,2.18,0.77,0.49,Desktop,Germany,150.0,4560.0,30.0,2.5,10.0,100.0,300.0,0.5
2026-01-14,Google Search - Brand,Google Search,517,32,50.62,4,404.72,forecastiq software reviews,forecastiq,broad,4,0.7,0.02,0.28,2.6,0.77,0.49,Tablet,United States,150.0,4560.0,30.0,2.5,10.0,100.0,300.0,0.5
2026-01-14,Google Search - Brand,Google Search,809,46,54.48,0,0.0,forecastiq login portal,forecastiq,phrase,0,0.7,0.02,0.28,3.1,0.77,0.49,Desktop,United Kingdom,150.0,4560.0,30.0,2.5,10.0,100.0,300.0,0.5
2026-01-14,Google Search - NonBrand,Google Search,10557,153,312.42,7,421.16,,,,9,0.644,0.085,0.064,2.98,0.708,0.451,Mobile,United Kingdom,300.0,9120.0,40.0,1.5,15.0,60.0,150.0,0.35
2026-01-14,Google Search - NonBrand,Google Search,1157,32,44.75,4,235.67,paid ads forecasting tool,forecasting tool,phrase,4,0.644,0.085,0.064,3.48,0.708,0.451,Desktop,Canada,300.0,9120.0,40.0,1.5,15.0,60.0,150.0,0.35
2026-01-14,Google Search - NonBrand,Google Search,890,33,60.9,5,326.43,marketing forecasting software,forecasting tool,exact,5,0.644,0.085,0.064,3.09,0.708,0.451,Desktop,United States,300.0,9120.0,40.0,1.5,15.0,60.0,150.0,0.35
2026-01-14,Google Search - NonBrand,Google Search,1090,72,137.36,20,1091.57,ppc budget optimization planner,budget optimization,broad,21,0.644,0.085,0.064,3.76,0.708,0.451,Tablet,Germany,300.0,9120.0,40.0,1.5,15.0,60.0,150.0,0.35
2026-01-14,Google Search - NonBrand,Google Search,1012,45,18.01,0,0.0,ads forecasting template excel,forecasting tool,broad,0,0.644,0.085,0.064,3.78,0.708,0.451,Mobile,Canada,300.0,9120.0,40.0,1.5,15.0,60.0,150.0,0.35
2026-01-14,Google Search - Competitors,Google Search,2108,68,178.61,3,124.06,,,,3,0.652,0.095,0.146,1.16,0.717,0.456,Tablet,Canada,100.0,3040.0,50.0,0.8,20.0,40.0,100.0,0.2
2026-01-14,Google Search - Competitors,Google Search,232,5,32.66,0,0.0,semrush forecasting tool alternative,semrush,phrase,0,0.652,0.095,0.146,1.49,0.717,0.456,Desktop,United States,100.0,3040.0,50.0,0.8,20.0,40.0,100.0,0.2
2026-01-14,Google Search - Competitors,Google Search,289,20,48.86,0,0.0,ahrefs traffic forecaster,ahrefs,broad,0,0.652,0.095,0.146,1.23,0.717,0.456,Desktop,United States,100.0,3040.0,50.0,0.8,20.0,40.0,100.0,0.2
2026-01-14,Google Search - Competitors,Google Search,252,7,23.72,0,0.0,spyfu competitor ads budget planner,competitor template,broad,0,0.652,0.095,0.146,2.2,0.717,0.456,Desktop,United Kingdom,100.0,3040.0,50.0,0.8,20.0,40.0,100.0,0.2
2026-01-14,Meta Ads - Prospecting,Meta,6674,94,137.41,4,295.55,,,,5,0.702,0.089,0.07,2.93,0.773,0.492,Mobile,United States,200.0,6080.0,35.0,1.8,12.0,80.0,200.0,0.4
2026-01-14,Meta Ads - Retargeting,Meta,204,17,28.32,0,0.0,,,,0,0.4,0.55,0.05,2.08,0.44,0.28,Mobile,Canada,50.0,1520.0,25.0,3.5,8.0,120.0,400.0,0.6
2026-01-14,YouTube - Brand Awareness,YouTube,3420,57,91.44,0,0.0,,,,0,0.702,0.24,0.178,1.74,0.773,0.492,Desktop,United Kingdom,150.0,4560.0,60.0,0.5,25.0,30.0,80.0,0.15
2026-01-14,YouTube - Brand Awareness,YouTube,340,13,22.51,0,0.0,free advertising tutorial youtube,marketing tutorial,broad,0,0.702,0.24,0.178,2.03,0.773,0.492,Desktop,Germany,150.0,4560.0,60.0,0.5,25.0,30.0,80.0,0.15
2026-01-14,YouTube - Brand Awareness,YouTube,408,19,16.64,0,0.0,cheap keyword planner software download,keyword planner,broad,0,0.702,0.24,0.178,1.75,0.773,0.492,Mobile,United States,150.0,4560.0,60.0,0.5,25.0,30.0,80.0,0.15
2026-01-14,YouTube - Brand Awareness,YouTube,438,16,31.51,0,0.0,marketing jobs salary definition,jobs,broad,0,0.702,0.24,0.178,2.3,0.773,0.492,Desktop,Canada,150.0,4560.0,60.0,0.5,25.0,30.0,80.0,0.15
2026-01-14,YouTube - Brand Awareness,YouTube,485,18,12.95,0,0.0,how to reset google ads password,support,broad,0,0.702,0.24,0.178,1.97,0.773,0.492,Tablet,Canada,150.0,4560.0,60.0,0.5,25.0,30.0,80.0,0.15
2026-01-15,Google Search - Brand,Google Search,3799,131,388.17,15,1421.73,,,,17,0.7,0.02,0.28,1.19,0.77,0.49,Tablet,United States,150.0,4560.0,30.0,2.5,10.0,100.0,300.0,0.5
2026-01-15,Google Search - Brand,Google Search,457,21,34.71,0,0.0,forecastiq,forecastiq,exact,0,0.7,0.02,0.28,2.15,0.77,0.49,Tablet,Canada,150.0,4560.0,30.0,2.5,10.0,100.0,300.0,0.5
2026-01-15,Google Search - Brand,Google Search,393,10,10.76,0,0.0,forecastiq pricing,forecastiq,phrase,0,0.7,0.02,0.28,3.79,0.77,0.49,Tablet,United Kingdom,150.0,4560.0,30.0,2.5,10.0,100.0,300.0,0.5
2026-01-15,Google Search - Brand,Google Search,377,12,20.08,2,203.43,forecastiq software reviews,forecastiq,broad,2,0.7,0.02,0.28,2.93,0.77,0.49,Desktop,Canada,150.0,4560.0,30.0,2.5,10.0,100.0,300.0,0.5
2026-01-15,Google Search - Brand,Google Search,341,25,46.78,0,0.0,forecastiq login portal,forecastiq,phrase,0,0.7,0.02,0.28,2.39,0.77,0.49,Desktop,United Kingdom,150.0,4560.0,30.0,2.5,10.0,100.0,300.0,0.5
2026-01-15,Google Search - NonBrand,Google Search,5704,184,338.96,9,584.07,,,,9,0.865,0.232,0.107,2.22,0.952,0.606,Desktop,United States,300.0,9120.0,40.0,1.5,15.0,60.0,150.0,0.35
2026-01-15,Google Search - NonBrand,Google Search,731,51,55.82,7,434.84,paid ads forecasting tool,forecasting tool,phrase,8,0.865,0.232,0.107,1.98,0.952,0.606,Desktop,United Kingdom,300.0,9120.0,40.0,1.5,15.0,60.0,150.0,0.35
2026-01-15,Google Search - NonBrand,Google Search,794,40,37.16,9,557.45,marketing forecasting software,forecasting tool,exact,9,0.865,0.232,0.107,3.73,0.952,0.606,Tablet,Germany,300.0,9120.0,40.0,1.5,15.0,60.0,150.0,0.35
2026-01-15,Google Search - NonBrand,Google Search,596,41,57.83,11,618.1,ppc budget optimization planner,budget optimization,broad,13,0.865,0.232,0.107,2.07,0.952,0.606,Tablet,United Kingdom,300.0,9120.0,40.0,1.5,15.0,60.0,150.0,0.35
2026-01-15,Google Search - NonBrand,Google Search,469,21,20.01,0,0.0,ads forecasting template excel,forecasting tool,broad,0,0.865,0.232,0.107,3.68,0.952,0.606,Mobile,Canada,300.0,9120.0,40.0,1.5,15.0,60.0,150.0,0.35
2026-01-15,Google Search - Competitors,Google Search,1716,44,101.32,1,36.18,,,,1,0.705,0.188,0.146,3.11,0.775,0.493,Tablet,Canada,100.0,3040.0,50.0,0.8,20.0,40.0,100.0,0.2
2026-01-15,Google Search - Competitors,Google Search,142,8,35.55,0,0.0,semrush forecasting tool alternative,semrush,phrase,0,0.705,0.188,0.146,2.36,0.775,0.493,Desktop,United States,100.0,3040.0,50.0,0.8,20.0,40.0,100.0,0.2
2026-01-15,Google Search - Competitors,Google Search,192,13,48.67,0,0.0,ahrefs traffic forecaster,ahrefs,broad,0,0.705,0.188,0.146,2.45,0.775,0.493,Tablet,United States,100.0,3040.0,50.0,0.8,20.0,40.0,100.0,0.2
2026-01-15,Google Search - Competitors,Google Search,154,6,23.61,0,0.0,spyfu competitor ads budget planner,competitor template,broad,0,0.705,0.188,0.146,1.8,0.775,0.493,Desktop,United States,100.0,3040.0,50.0,0.8,20.0,40.0,100.0,0.2
2026-01-15,Meta Ads - Prospecting,Meta,8640,135,246.54,6,455.21,,,,6,0.632,0.149,0.113,2.14,0.695,0.442,Desktop,Canada,200.0,6080.0,35.0,1.8,12.0,80.0,200.0,0.4
2026-01-15,Meta Ads - Retargeting,Meta,345,23,31.92,1,123.32,,,,1,0.4,0.55,0.05,2.64,0.44,0.28,Desktop,Canada,50.0,1520.0,25.0,3.5,8.0,120.0,400.0,0.6
2026-01-15,YouTube - Brand Awareness,YouTube,3432,78,101.19,0,0.0,,,,0,0.875,0.243,0.151,1.65,0.962,0.612,Desktop,United Kingdom,150.0,4560.0,60.0,0.5,25.0,30.0,80.0,0.15
2026-01-15,YouTube - Brand Awareness,YouTube,398,23,23.48,0,0.0,free advertising tutorial youtube,marketing tutorial,broad,0,0.875,0.243,0.151,3.1,0.962,0.612,Desktop,Germany,150.0,4560.0,60.0,0.5,25.0,30.0,80.0,0.15
2026-01-15,YouTube - Brand Awareness,YouTube,320,8,15.02,0,0.0,cheap keyword planner software download,keyword planner,broad,0,0.875,0.243,0.151,2.08,0.962,0.612,Desktop,Canada,150.0,4560.0,60.0,0.5,25.0,30.0,80.0,0.15
2026-01-15,YouTube - Brand Awareness,YouTube,481,10,30.03,0,0.0,marketing jobs salary definition,jobs,broad,0,0.875,0.243,0.151,1.48,0.962,0.612,Mobile,United Kingdom,150.0,4560.0,60.0,0.5,25.0,30.0,80.0,0.15
2026-01-15,YouTube - Brand Awareness,YouTube,280,9,12.28,0,0.0,how to reset google ads password,support,broad,0,0.875,0.243,0.151,2.46,0.962,0.612,Mobile,United States,150.0,4560.0,60.0,0.5,25.0,30.0,80.0,0.15
2026-01-16,Google Search - Brand,Google Search,2622,57,98.66,3,286.02,,,,3,0.7,0.02,0.28,2.81,0.77,0.49,Desktop,United States,150.0,4560.0,30.0,2.5,10.0,100.0,300.0,0.5
2026-01-16,Google Search - Brand,Google Search,234,5,9.05,0,0.0,forecastiq,forecastiq,exact,0,0.7,0.02,0.28,1.45,0.77,0.49,Tablet,Canada,150.0,4560.0,30.0,2.5,10.0,100.0,300.0,0.5
2026-01-16,Google Search - Brand,Google Search,341,21,29.02,1,107.48,forecastiq pricing,forecastiq,phrase,1,0.7,0.02,0.28,3.59,0.77,0.49,Tablet,Germany,150.0,4560.0,30.0,2.5,10.0,100.0,300.0,0.5
2026-01-16,Google Search - Brand,Google Search,329,25,42.32,3,282.07,forecastiq software reviews,forecastiq,broad,3,0.7,0.02,0.28,2.83,0.77,0.49,Desktop,Canada,150.0,4560.0,30.0,2.5,10.0,100.0,300.0,0.5
2026-01-16,Google Search - Brand,Google Search,366,19,17.41,0,0.0,forecastiq login portal,forecastiq,phrase,0,0.7,0.02,0.28,1.54,0.77,0.49,Mobile,Canada,150.0,4560.0,30.0,2.5,10.0,100.0,300.0,0.5
2026-01-16,Google Search - NonBrand,Google Search,4199,221,642.63,15,849.95,,,,18,0.794,0.176,0.189,3.36,0.873,0.556,Tablet,Canada,300.0,9120.0,40.0,1.5,15.0,60.0,150.0,0.35
2026-01-16,Google Search - NonBrand,Google Search,501,10,15.79,1,56.45,paid ads forecasting tool,forecasting tool,phrase,1,0.794,0.176,0.189,1.62,0.873,0.556,Tablet,United States,300.0,9120.0,40.0,1.5,15.0,60.0,150.0,0.35
2026-01-16,Google Search - NonBrand,Google Search,532,27,25.74,6,351.8,marketing forecasting software,forecasting tool,exact,6,0.794,0.176,0.189,1.63,0.873,0.556,Tablet,United States,300.0,9120.0,40.0,1.5,15.0,60.0,150.0,0.35
2026-01-16,Google Search - NonBrand,Google Search,594,14,14.91,3,192.56,ppc budget optimization planner,budget optimization,broad,3,0.794,0.176,0.189,3.71,0.873,0.556,Tablet,Germany,300.0,9120.0,40.0,1.5,15.0,60.0,150.0,0.35
2026-01-16,Google Search - NonBrand,Google Search,535,22,19.02,0,0.0,ads forecasting template excel,forecasting tool,broad,0,0.794,0.176,0.189,1.31,0.873,0.556,Mobile,Canada,300.0,9120.0,40.0,1.5,15.0,60.0,150.0,0.35
2026-01-16,Google Search - Competitors,Google Search,1368,76,186.7,3,113.56,,,,3,0.621,0.154,0.181,1.33,0.683,0.434,Tablet,Germany,100.0,3040.0,50.0,0.8,20.0,40.0,100.0,0.2
2026-01-16,Google Search - Competitors,Google Search,161,9,31.93,0,0.0,semrush forecasting tool alternative,semrush,phrase,0,0.621,0.154,0.181,1.41,0.683,0.434,Tablet,United Kingdom,100.0,3040.0,50.0,0.8,20.0,40.0,100.0,0.2
2026-01-16,Google Search - Competitors,Google Search,177,4,44.61,0,0.0,ahrefs traffic forecaster,ahrefs,broad,0,0.621,0.154,0.181,2.0,0.683,0.434,Mobile,United Kingdom,100.0,3040.0,50.0,0.8,20.0,40.0,100.0,0.2
2026-01-16,Google Search - Competitors,Google Search,148,3,22.87,0,0.0,spyfu competitor ads budget planner,competitor template,broad,0,0.621,0.154,0.181,2.93,0.683,0.434,Tablet,United States,100.0,3040.0,50.0,0.8,20.0,40.0,100.0,0.2
2026-01-16,Meta Ads - Prospecting,Meta,2820,141,241.58,6,527.14,,,,6,0.571,0.155,0.175,2.78,0.628,0.4,Desktop,United Kingdom,200.0,6080.0,35.0,1.8,12.0,80.0,200.0,0.4
2026-01-16,Meta Ads - Retargeting,Meta,1716,26,49.92,2,235.82,,,,2,0.4,0.55,0.05,1.5,0.44,0.28,Tablet,United Kingdom,50.0,1520.0,25.0,3.5,8.0,120.0,400.0,0.6
2026-01-16,YouTube - Brand Awareness,YouTube,1862,49,112.66,0,0.0,,,,0,0.792,0.244,0.076,1.53,0.871,0.555,Tablet,United States,150.0,4560.0,60.0,0.5,25.0,30.0,80.0,0.15
2026-01-16,YouTube - Brand Awareness,YouTube,162,7,20.74,0,0.0,free advertising tutorial youtube,marketing tutorial,broad,0,0.792,0.244,0.076,1.85,0.871,0.555,Tablet,Germany,150.0,4560.0,60.0,0.5,25.0,30.0,80.0,0.15
2026-01-16,YouTube - Brand Awareness,YouTube,182,7,17.37,0,0.0,cheap keyword planner software download,keyword planner,broad,0,0.792,0.244,0.076,1.41,0.871,0.555,Tablet,United Kingdom,150.0,4560.0,60.0,0.5,25.0,30.0,80.0,0.15
2026-01-16,YouTube - Brand Awareness,YouTube,183,4,28.25,0,0.0,marketing jobs salary definition,jobs,broad,0,0.792,0.244,0.076,1.97,0.871,0.555,Tablet,United States,150.0,4560.0,60.0,0.5,25.0,30.0,80.0,0.15
2026-01-16,YouTube - Brand Awareness,YouTube,235,17,11.39,0,0.0,how to reset google ads password,support,broad,0,0.792,0.244,0.076,1.53,0.871,0.555,Desktop,United Kingdom,150.0,4560.0,60.0,0.5,25.0,30.0,80.0,0.15
2026-01-17,Google Search - Brand,Google Search,2516,37,87.69,2,217.34,,,,2,0.7,0.02,0.28,3.34,0.77,0.49,Tablet,United Kingdom,150.0,4560.0,30.0,2.5,10.0,100.0,300.0,0.5
2026-01-17,Google Search - Brand,Google Search,231,14,26.21,0,0.0,forecastiq,forecastiq,exact,0,0.7,0.02,0.28,2.17,0.77,0.49,Tablet,Germany,150.0,4560.0,30.0,2.5,10.0,100.0,300.0,0.5
2026-01-17,Google Search - Brand,Google Search,315,21,32.1,1,90.4,forecastiq pricing,forecastiq,phrase,1,0.7,0.02,0.28,3.67,0.77,0.49,Tablet,Germany,150.0,4560.0,30.0,2.5,10.0,100.0,300.0,0.5
2026-01-17,Google Search - Brand,Google Search,266,8,11.5,1,108.67,forecastiq software reviews,forecastiq,broad,1,0.7,0.02,0.28,2.48,0.77,0.49,Desktop,United States,150.0,4560.0,30.0,2.5,10.0,100.0,300.0,0.5
2026-01-17,Google Search - Brand,Google Search,307,18,26.57,0,0.0,forecastiq login portal,forecastiq,phrase,0,0.7,0.02,0.28,3.71,0.77,0.49,Desktop,United Kingdom,150.0,4560.0,30.0,2.5,10.0,100.0,300.0,0.5
2026-01-17,Google Search - NonBrand,Google Search,7896,141,223.92,6,331.21,,,,6,0.732,0.108,0.101,1.16,0.805,0.512,Tablet,United States,300.0,9120.0,40.0,1.5,15.0,60.0,150.0,0.35
2026-01-17,Google Search - NonBrand,Google Search,957,31,38.73,4,243.21,paid ads forecasting tool,forecasting tool,phrase,4,0.732,0.108,0.101,3.27,0.805,0.512,Tablet,United Kingdom,300.0,9120.0,40.0,1.5,15.0,60.0,150.0,0.35
2026-01-17,Google Search - NonBrand,Google Search,1166,82,89.81,14,799.88,marketing forecasting software,forecasting tool,exact,16,0.732,0.108,0.101,3.76,0.805,0.512,Mobile,United Kingdom,300.0,9120.0,40.0,1.5,15.0,60.0,150.0,0.35
2026-01-17,Google Search - NonBrand,Google Search,1132,43,41.92,11,618.69,ppc budget optimization planner,budget optimization,broad,11,0.732,0.108,0.101,2.07,0.805,0.512,Desktop,Germany,300.0,9120.0,40.0,1.5,15.0,60.0,150.0,0.35
2026-01-17,Google Search - NonBrand,Google Search,711,43,16.86,0,0.0,ads forecasting template excel,forecasting tool,broad,0,0.732,0.108,0.101,2.6,0.805,0.512,Desktop,United States,300.0,9120.0,40.0,1.5,15.0,60.0,150.0,0.35
2026-01-17,Google Search - Competitors,Google Search,1980,44,86.66,1,38.14,,,,1,0.594,0.25,0.191,1.76,0.653,0.416,Desktop,Canada,100.0,3040.0,50.0,0.8,20.0,40.0,100.0,0.2
2026-01-17,Google Search - Competitors,Google Search,276,10,38.22,0,0.0,semrush forecasting tool alternative,semrush,phrase,0,0.594,0.25,0.191,3.1,0.653,0.416,Desktop,United States,100.0,3040.0,50.0,0.8,20.0,40.0,100.0,0.2
2026-01-17,Google Search - Competitors,Google Search,247,18,46.73,0,0.0,ahrefs traffic forecaster,ahrefs,broad,0,0.594,0.25,0.191,2.55,0.653,0.416,Tablet,United Kingdom,100.0,3040.0,50.0,0.8,20.0,40.0,100.0,0.2
2026-01-17,Google Search - Competitors,Google Search,199,5,24.67,0,0.0,spyfu competitor ads budget planner,competitor template,broad,0,0.594,0.25,0.191,3.47,0.653,0.416,Mobile,Canada,100.0,3040.0,50.0,0.8,20.0,40.0,100.0,0.2
2026-01-17,Meta Ads - Prospecting,Meta,1092,52,149.83,4,314.71,,,,4,0.843,0.174,0.118,2.65,0.928,0.59,Desktop,Canada,200.0,6080.0,35.0,1.8,12.0,80.0,200.0,0.4
2026-01-17,Meta Ads - Retargeting,Meta,1748,23,60.77,2,250.24,,,,2,0.4,0.55,0.05,1.5,0.44,0.28,Tablet,United Kingdom,50.0,1520.0,25.0,3.5,8.0,120.0,400.0,0.6
2026-01-17,YouTube - Brand Awareness,YouTube,5332,86,218.36,0,0.0,,,,0,0.591,0.095,0.07,2.39,0.65,0.413,Mobile,United Kingdom,150.0,4560.0,60.0,0.5,25.0,30.0,80.0,0.15
2026-01-17,YouTube - Brand Awareness,YouTube,756,57,23.69,0,0.0,free advertising tutorial youtube,marketing tutorial,broad,0,0.591,0.095,0.07,3.1,0.65,0.413,Desktop,Canada,150.0,4560.0,60.0,0.5,25.0,30.0,80.0,0.15
2026-01-17,YouTube - Brand Awareness,YouTube,669,43,15.02,0,0.0,cheap keyword planner software download,keyword planner,broad,0,0.591,0.095,0.07,3.09,0.65,0.413,Desktop,United Kingdom,150.0,4560.0,60.0,0.5,25.0,30.0,80.0,0.15
2026-01-17,YouTube - Brand Awareness,YouTube,518,35,31.58,0,0.0,marketing jobs salary definition,jobs,broad,0,0.591,0.095,0.07,1.62,0.65,0.413,Desktop,United Kingdom,150.0,4560.0,60.0,0.5,25.0,30.0,80.0,0.15
2026-01-17,YouTube - Brand Awareness,YouTube,450,10,11.15,0,0.0,how to reset google ads password,support,broad,0,0.591,0.095,0.07,2.9,0.65,0.413,Mobile,Germany,150.0,4560.0,60.0,0.5,25.0,30.0,80.0,0.15
2026-01-18,Google Search - Brand,Google Search,615,41,70.62,2,199.9,,,,2,0.7,0.02,0.28,2.02,0.77,0.49,Desktop,United Kingdom,150.0,4560.0,30.0,2.5,10.0,100.0,300.0,0.5
2026-01-18,Google Search - Brand,Google Search,49,2,3.62,0,0.0,forecastiq,forecastiq,exact,0,0.7,0.02,0.28,2.88,0.77,0.49,Tablet,Canada,150.0,4560.0,30.0,2.5,10.0,100.0,300.0,0.5
2026-01-18,Google Search - Brand,Google Search,83,4,5.69,0,0.0,forecastiq pricing,forecastiq,phrase,0,0.7,0.02,0.28,1.98,0.77,0.49,Desktop,Germany,150.0,4560.0,30.0,2.5,10.0,100.0,300.0,0.5
2026-01-18,Google Search - Brand,Google Search,58,2,3.79,0,0.0,forecastiq software reviews,forecastiq,broad,0,0.7,0.02,0.28,2.35,0.77,0.49,Mobile,Canada,150.0,4560.0,30.0,2.5,10.0,100.0,300.0,0.5
2026-01-18,Google Search - Brand,Google Search,53,2,3.86,0,0.0,forecastiq login portal,forecastiq,phrase,0,0.7,0.02,0.28,1.52,0.77,0.49,Tablet,Canada,150.0,4560.0,30.0,2.5,10.0,100.0,300.0,0.5
2026-01-18,Google Search - NonBrand,Google Search,4736,74,193.86,4,235.19,,,,4,0.695,0.243,0.167,1.97,0.765,0.487,Desktop,United States,300.0,9120.0,40.0,1.5,15.0,60.0,150.0,0.35
2026-01-18,Google Search - NonBrand,Google Search,494,20,37.31,2,121.82,paid ads forecasting tool,forecasting tool,phrase,2,0.695,0.243,0.167,2.43,0.765,0.487,Desktop,Germany,300.0,9120.0,40.0,1.5,15.0,60.0,150.0,0.35
2026-01-18,Google Search - NonBrand,Google Search,430,25,23.5,5,289.58,marketing forecasting software,forecasting tool,exact,5,0.695,0.243,0.167,3.21,0.765,0.487,Desktop,Canada,300.0,9120.0,40.0,1.5,15.0,60.0,150.0,0.35
2026-01-18,Google Search - NonBrand,Google Search,530,24,40.27,5,286.41,ppc budget optimization planner,budget optimization,broad,5,0.695,0.243,0.167,3.6,0.765,0.487,Mobile,United States,300.0,9120.0,40.0,1.5,15.0,60.0,150.0,0.35
2026-01-18,Google Search - NonBrand,Google Search,435,11,19.54,0,0.0,ads forecasting template excel,forecasting tool,broad,0,0.695,0.243,0.167,3.48,0.765,0.487,Mobile,United Kingdom,300.0,9120.0,40.0,1.5,15.0,60.0,150.0,0.35
2026-01-18,Google Search - Competitors,Google Search,1512,24,37.1,0,0.0,,,,0,0.684,0.133,0.116,1.72,0.752,0.479,Desktop,United Kingdom,100.0,3040.0,50.0,0.8,20.0,40.0,100.0,0.2
2026-01-18,Google Search - Competitors,Google Search,132,7,34.38,0,0.0,semrush forecasting tool alternative,semrush,phrase,0,0.684,0.133,0.116,3.49,0.752,0.479,Mobile,Canada,100.0,3040.0,50.0,0.8,20.0,40.0,100.0,0.2
2026-01-18,Google Search - Competitors,Google Search,209,11,49.21,0,0.0,ahrefs traffic forecaster,ahrefs,broad,0,0.684,0.133,0.116,3.44,0.752,0.479,Desktop,Germany,100.0,3040.0,50.0,0.8,20.0,40.0,100.0,0.2
2026-01-18,Google Search - Competitors,Google Search,149,9,22.88,0,0.0,spyfu competitor ads budget planner,competitor template,broad,0,0.684,0.133,0.116,1.52,0.752,0.479,Desktop,United Kingdom,100.0,3040.0,50.0,0.8,20.0,40.0,100.0,0.2
2026-01-18,Meta Ads - Prospecting,Meta,825,55,122.42,4,348.54,,,,4,0.85,0.156,0.193,3.34,0.935,0.595,Tablet,Canada,200.0,6080.0,35.0,1.8,12.0,80.0,200.0,0.4
2026-01-18,Meta Ads - Retargeting,Meta,735,15,42.41,1,124.69,,,,1,0.4,0.55,0.05,1.6,0.44,0.28,Mobile,United Kingdom,50.0,1520.0,25.0,3.5,8.0,120.0,400.0,0.6
2026-01-18,YouTube - Brand Awareness,YouTube,4248,59,91.01,0,0.0,,,,0,0.785,0.19,0.101,1.99,0.864,0.55,Tablet,United Kingdom,150.0,4560.0,60.0,0.5,25.0,30.0,80.0,0.15
2026-01-18,YouTube - Brand Awareness,YouTube,425,30,20.19,0,0.0,free advertising tutorial youtube,marketing tutorial,broad,0,0.785,0.19,0.101,1.38,0.864,0.55,Desktop,Canada,150.0,4560.0,60.0,0.5,25.0,30.0,80.0,0.15
2026-01-18,YouTube - Brand Awareness,YouTube,388,28,15.37,0,0.0,cheap keyword planner software download,keyword planner,broad,0,0.785,0.19,0.101,1.81,0.864,0.55,Mobile,United Kingdom,150.0,4560.0,60.0,0.5,25.0,30.0,80.0,0.15
2026-01-18,YouTube - Brand Awareness,YouTube,409,17,29.71,0,0.0,marketing jobs salary definition,jobs,broad,0,0.785,0.19,0.101,3.4,0.864,0.55,Tablet,Germany,150.0,4560.0,60.0,0.5,25.0,30.0,80.0,0.15
2026-01-18,YouTube - Brand Awareness,YouTube,537,18,12.99,0,0.0,how to reset google ads password,support,broad,0,0.785,0.19,0.101,1.85,0.864,0.55,Tablet,Canada,150.0,4560.0,60.0,0.5,25.0,30.0,80.0,0.15
2026-01-19,Google Search - Brand,Google Search,5680,71,80.37,3,294.98,,,,3,0.7,0.02,0.28,1.38,0.77,0.49,Desktop,Canada,150.0,4560.0,30.0,2.5,10.0,100.0,300.0,0.5
2026-01-19,Google Search - Brand,Google Search,488,23,29.4,1,101.49,forecastiq,forecastiq,exact,1,0.7,0.02,0.28,1.75,0.77,0.49,Desktop,Germany,150.0,4560.0,30.0,2.5,10.0,100.0,300.0,0.5
2026-01-19,Google Search - Brand,Google Search,667,39,72.56,3,286.55,forecastiq pricing,forecastiq,phrase,3,0.7,0.02,0.28,2.55,0.77,0.49,Tablet,Germany,150.0,4560.0,30.0,2.5,10.0,100.0,300.0,0.5
2026-01-19,Google Search - Brand,Google Search,631,33,60.49,4,400.78,forecastiq software reviews,forecastiq,broad,4,0.7,0.02,0.28,2.34,0.77,0.49,Mobile,Canada,150.0,4560.0,30.0,2.5,10.0,100.0,300.0,0.5
2026-01-19,Google Search - Brand,Google Search,598,46,90.3,1,109.77,forecastiq login portal,forecastiq,phrase,1,0.7,0.02,0.28,3.8,0.77,0.49,Desktop,United States,150.0,4560.0,30.0,2.5,10.0,100.0,300.0,0.5
2026-01-19,Google Search - NonBrand,Google Search,1708,122,286.68,8,500.8,,,,9,0.846,0.246,0.069,2.5,0.93,0.592,Mobile,United States,300.0,9120.0,40.0,1.5,15.0,60.0,150.0,0.35
2026-01-19,Google Search - NonBrand,Google Search,155,4,6.69,0,0.0,paid ads forecasting tool,forecasting tool,phrase,0,0.846,0.246,0.069,3.01,0.93,0.592,Mobile,Germany,300.0,9120.0,40.0,1.5,15.0,60.0,150.0,0.35
2026-01-19,Google Search - NonBrand,Google Search,178,7,12.54,1,64.43,marketing forecasting software,forecasting tool,exact,1,0.846,0.246,0.069,3.54,0.93,0.592,Desktop,Canada,300.0,9120.0,40.0,1.5,15.0,60.0,150.0,0.35
2026-01-19,Google Search - NonBrand,Google Search,176,8,15.74,2,115.83,ppc budget optimization planner,budget optimization,broad,2,0.846,0.246,0.069,2.42,0.93,0.592,Mobile,United Kingdom,300.0,9120.0,40.0,1.5,15.0,60.0,150.0,0.35
2026-01-19,Google Search - NonBrand,Google Search,210,4,16.72,0,0.0,ads forecasting template excel,forecasting tool,broad,0,0.846,0.246,0.069,2.12,0.93,0.592,Mobile,United Kingdom,300.0,9120.0,40.0,1.5,15.0,60.0,150.0,0.35
2026-01-19,Google Search - Competitors,Google Search,900,36,76.65,1,38.95,,,,1,0.772,0.227,0.09,2.78,0.849,0.54,Tablet,United Kingdom,100.0,3040.0,50.0,0.8,20.0,40.0,100.0,0.2
2026-01-19,Google Search - Competitors,Google Search,85,2,35.8,0,0.0,semrush forecasting tool alternative,semrush,phrase,0,0.772,0.227,0.09,3.51,0.849,0.54,Desktop,United States,100.0,3040.0,50.0,0.8,20.0,40.0,100.0,0.2
2026-01-19,Google Search - Competitors,Google Search,101,5,46.35,0,0.0,ahrefs traffic forecaster,ahrefs,broad,0,0.772,0.227,0.09,2.96,0.849,0.54,Desktop,United States,100.0,3040.0,50.0,0.8,20.0,40.0,100.0,0.2
2026-01-19,Google Search - Competitors,Google Search,106,5,24.91,0,0.0,spyfu competitor ads budget planner,competitor template,broad,0,0.772,0.227,0.09,3.3,0.849,0.54,Tablet,Canada,100.0,3040.0,50.0,0.8,20.0,40.0,100.0,0.2
2026-01-19,Meta Ads - Prospecting,Meta,9540,180,455.48,13,1117.1,,,,16,0.827,0.189,0.091,2.88,0.91,0.579,Mobile,United Kingdom,200.0,6080.0,35.0,1.8,12.0,80.0,200.0,0.4
2026-01-19,Meta Ads - Retargeting,Meta,2640,40,58.84,2,241.73,,,,2,0.4,0.55,0.05,3.28,0.44,0.28,Desktop,United Kingdom,50.0,1520.0,25.0,3.5,8.0,120.0,400.0,0.6
2026-01-19,YouTube - Brand Awareness,YouTube,3000,50,98.26,0,0.0,,,,0,0.661,0.174,0.154,2.3,0.727,0.463,Tablet,Germany,150.0,4560.0,60.0,0.5,25.0,30.0,80.0,0.15
2026-01-19,YouTube - Brand Awareness,YouTube,396,21,20.54,0,0.0,free advertising tutorial youtube,marketing tutorial,broad,0,0.661,0.174,0.154,2.3,0.727,0.463,Tablet,Canada,150.0,4560.0,60.0,0.5,25.0,30.0,80.0,0.15
2026-01-19,YouTube - Brand Awareness,YouTube,446,29,16.3,0,0.0,cheap keyword planner software download,keyword planner,broad,0,0.661,0.174,0.154,1.91,0.727,0.463,Tablet,United States,150.0,4560.0,60.0,0.5,25.0,30.0,80.0,0.15
2026-01-19,YouTube - Brand Awareness,YouTube,321,8,30.35,0,0.0,marketing jobs salary definition,jobs,broad,0,0.661,0.174,0.154,2.5,0.727,0.463,Mobile,United States,150.0,4560.0,60.0,0.5,25.0,30.0,80.0,0.15
2026-01-19,YouTube - Brand Awareness,YouTube,379,9,12.64,0,0.0,how to reset google ads password,support,broad,0,0.661,0.174,0.154,1.53,0.727,0.463,Desktop,Germany,150.0,4560.0,60.0,0.5,25.0,30.0,80.0,0.15
2026-01-20,Google Search - Brand,Google Search,1232,77,193.01,5,454.47,,,,6,0.7,0.02,0.28,2.01,0.77,0.49,Tablet,Canada,150.0,4560.0,30.0,2.5,10.0,100.0,300.0,0.5
2026-01-20,Google Search - Brand,Google Search,126,6,8.11,0,0.0,forecastiq,forecastiq,exact,0,0.7,0.02,0.28,1.4,0.77,0.49,Mobile,Germany,150.0,4560.0,30.0,2.5,10.0,100.0,300.0,0.5
2026-01-20,Google Search - Brand,Google Search,121,7,9.14,0,0.0,forecastiq pricing,forecastiq,phrase,0,0.7,0.02,0.28,1.39,0.77,0.49,Desktop,Germany,150.0,4560.0,30.0,2.5,10.0,100.0,300.0,0.5
2026-01-20,Google Search - Brand,Google Search,182,13,12.93,1,99.9,forecastiq software reviews,forecastiq,broad,1,0.7,0.02,0.28,3.75,0.77,0.49,Desktop,Germany,150.0,4560.0,30.0,2.5,10.0,100.0,300.0,0.5
2026-01-20,Google Search - Brand,Google Search,161,6,7.97,0,0.0,forecastiq login portal,forecastiq,phrase,0,0.7,0.02,0.28,2.73,0.77,0.49,Desktop,Canada,150.0,4560.0,30.0,2.5,10.0,100.0,300.0,0.5
2026-01-20,Google Search - NonBrand,Google Search,4563,117,253.72,6,388.2,,,,7,0.773,0.109,0.08,1.96,0.85,0.541,Tablet,Canada,300.0,9120.0,40.0,1.5,15.0,60.0,150.0,0.35
2026-01-20,Google Search - NonBrand,Google Search,455,10,13.07,1,59.66,paid ads forecasting tool,forecasting tool,phrase,1,0.773,0.109,0.08,1.49,0.85,0.541,Mobile,Canada,300.0,9120.0,40.0,1.5,15.0,60.0,150.0,0.35
2026-01-20,Google Search - NonBrand,Google Search,674,44,83.35,7,384.82,marketing forecasting software,forecasting tool,exact,7,0.773,0.109,0.08,3.49,0.85,0.541,Mobile,United States,300.0,9120.0,40.0,1.5,15.0,60.0,150.0,0.35
2026-01-20,Google Search - NonBrand,Google Search,470,26,41.56,5,279.64,ppc budget optimization planner,budget optimization,broad,5,0.773,0.109,0.08,1.52,0.85,0.541,Mobile,United Kingdom,300.0,9120.0,40.0,1.5,15.0,60.0,150.0,0.35
2026-01-20,Google Search - NonBrand,Google Search,611,46,16.89,0,0.0,ads forecasting template excel,forecasting tool,broad,0,0.773,0.109,0.08,2.94,0.85,0.541,Mobile,Germany,300.0,9120.0,40.0,1.5,15.0,60.0,150.0,0.35
2026-01-20,Google Search - Competitors,Google Search,2856,68,187.06,3,124.94,,,,3,0.745,0.125,0.068,3.15,0.82,0.522,Desktop,Germany,100.0,3040.0,50.0,0.8,20.0,40.0,100.0,0.2
2026-01-20,Google Search - Competitors,Google Search,426,10,34.85,0,0.0,semrush forecasting tool alternative,semrush,phrase,0,0.745,0.125,0.068,2.25,0.82,0.522,Desktop,United States,100.0,3040.0,50.0,0.8,20.0,40.0,100.0,0.2
2026-01-20,Google Search - Competitors,Google Search,275,5,46.84,0,0.0,ahrefs traffic forecaster,ahrefs,broad,0,0.745,0.125,0.068,2.02,0.82,0.522,Mobile,United Kingdom,100.0,3040.0,50.0,0.8,20.0,40.0,100.0,0.2
2026-01-20,Google Search - Competitors,Google Search,391,22,27.39,0,0.0,spyfu competitor ads budget planner,competitor template,broad,0,0.745,0.125,0.068,2.99,0.82,0.522,Tablet,Canada,100.0,3040.0,50.0,0.8,20.0,40.0,100.0,0.2
2026-01-20,Meta Ads - Prospecting,Meta,1287,117,152.94,4,301.09,,,,4,0.662,0.225,0.148,1.25,0.728,0.463,Tablet,Canada,200.0,6080.0,35.0,1.8,12.0,80.0,200.0,0.4
2026-01-20,Meta Ads - Retargeting,Meta,1508,26,48.1,1,125.48,,,,1,0.4,0.55,0.05,2.84,0.44,0.28,Mobile,United States,50.0,1520.0,25.0,3.5,8.0,120.0,400.0,0.6
2026-01-20,YouTube - Brand Awareness,YouTube,1575,63,142.57,0,0.0,,,,0,0.573,0.173,0.058,2.67,0.63,0.401,Mobile,Germany,150.0,4560.0,60.0,0.5,25.0,30.0,80.0,0.15
2026-01-20,YouTube - Brand Awareness,YouTube,199,13,22.58,0,0.0,free advertising tutorial youtube,marketing tutorial,broad,0,0.573,0.173,0.058,3.43,0.63,0.401,Tablet,United States,150.0,4560.0,60.0,0.5,25.0,30.0,80.0,0.15
2026-01-20,YouTube - Brand Awareness,YouTube,142,3,16.09,0,0.0,cheap keyword planner software download,keyword planner,broad,0,0.573,0.173,0.058,2.52,0.63,0.401,Mobile,Germany,150.0,4560.0,60.0,0.5,25.0,30.0,80.0,0.15
2026-01-20,YouTube - Brand Awareness,YouTube,215,13,28.74,0,0.0,marketing jobs salary definition,jobs,broad,0,0.573,0.173,0.058,2.26,0.63,0.401,Desktop,Canada,150.0,4560.0,60.0,0.5,25.0,30.0,80.0,0.15
2026-01-20,YouTube - Brand Awareness,YouTube,223,9,12.79,0,0.0,how to reset google ads password,support,broad,0,0.573,0.173,0.058,2.8,0.63,0.401,Desktop,Germany,150.0,4560.0,60.0,0.5,25.0,30.0,80.0,0.15
2026-01-21,Google Search - Brand,Google Search,4015,73,118.89,3,284.21,,,,3,0.7,0.02,0.28,1.43,0.77,0.49,Mobile,United States,150.0,4560.0,30.0,2.5,10.0,100.0,300.0,0.5
2026-01-21,Google Search - Brand,Google Search,501,10,11.66,0,0.0,forecastiq,forecastiq,exact,0,0.7,0.02,0.28,1.62,0.77,0.49,Desktop,Germany,150.0,4560.0,30.0,2.5,10.0,100.0,300.0,0.5
2026-01-21,Google Search - Brand,Google Search,467,32,58.16,2,202.69,forecastiq pricing,forecastiq,phrase,2,0.7,0.02,0.28,1.24,0.77,0.49,Desktop,Germany,150.0,4560.0,30.0,2.5,10.0,100.0,300.0,0.5
2026-01-21,Google Search - Brand,Google Search,519,32,45.34,3,288.89,forecastiq software reviews,forecastiq,broad,3,0.7,0.02,0.28,3.59,0.77,0.49,Desktop,United Kingdom,150.0,4560.0,30.0,2.5,10.0,100.0,300.0,0.5
2026-01-21,Google Search - Brand,Google Search,461,31,54.68,0,0.0,forecastiq login portal,forecastiq,phrase,0,0.7,0.02,0.28,2.11,0.77,0.49,Desktop,United Kingdom,150.0,4560.0,30.0,2.5,10.0,100.0,300.0,0.5
2026-01-21,Google Search - NonBrand,Google Search,7521,109,186.53,4,263.78,,,,4,0.79,0.173,0.094,1.68,0.869,0.553,Tablet,United Kingdom,300.0,9120.0,40.0,1.5,15.0,60.0,150.0,0.35
2026-01-21,Google Search - NonBrand,Google Search,944,23,23.17,3,173.49,paid ads forecasting tool,forecasting tool,phrase,3,0.79,0.173,0.094,1.43,0.869,0.553,Desktop,Canada,300.0,9120.0,40.0,1.5,15.0,60.0,150.0,0.35
2026-01-21,Google Search - NonBrand,Google Search,625,40,50.78,8,509.26,marketing forecasting software,forecasting tool,exact,8,0.79,0.173,0.094,1.3,0.869,0.553,Desktop,Germany,300.0,9120.0,40.0,1.5,15.0,60.0,150.0,0.35
2026-01-21,Google Search - NonBrand,Google Search,1059,82,79.0,20,1201.06,ppc budget optimization planner,budget optimization,broad,20,0.79,0.173,0.094,2.38,0.869,0.553,Mobile,United States,300.0,9120.0,40.0,1.5,15.0,60.0,150.0,0.35
2026-01-21,Google Search - NonBrand,Google Search,703,43,18.35,0,0.0,ads forecasting template excel,forecasting tool,broad,0,0.79,0.173,0.094,1.69,0.869,0.553,Mobile,United States,300.0,9120.0,40.0,1.5,15.0,60.0,150.0,0.35
2026-01-21,Google Search - Competitors,Google Search,3360,48,60.02,1,39.14,,,,1,0.6,0.237,0.07,2.57,0.66,0.42,Mobile,Germany,100.0,3040.0,50.0,0.8,20.0,40.0,100.0,0.2
2026-01-21,Google Search - Competitors,Google Search,410,31,32.41,0,0.0,semrush forecasting tool alternative,semrush,phrase,0,0.6,0.237,0.07,2.96,0.66,0.42,Mobile,United States,100.0,3040.0,50.0,0.8,20.0,40.0,100.0,0.2
2026-01-21,Google Search - Competitors,Google Search,343,17,47.53,0,0.0,ahrefs traffic forecaster,ahrefs,broad,0,0.6,0.237,0.07,2.15,0.66,0.42,Tablet,United Kingdom,100.0,3040.0,50.0,0.8,20.0,40.0,100.0,0.2
2026-01-21,Google Search - Competitors,Google Search,318,16,24.43,0,0.0,spyfu competitor ads budget planner,competitor template,broad,0,0.6,0.237,0.07,2.63,0.66,0.42,Mobile,United Kingdom,100.0,3040.0,50.0,0.8,20.0,40.0,100.0,0.2
2026-01-21,Meta Ads - Prospecting,Meta,3230,85,249.02,7,542.24,,,,9,0.716,0.164,0.11,1.45,0.788,0.501,Mobile,United Kingdom,200.0,6080.0,35.0,1.8,12.0,80.0,200.0,0.4
2026-01-21,Meta Ads - Retargeting,Meta,170,17,33.44,1,119.78,,,,1,0.4,0.55,0.05,2.45,0.44,0.28,Mobile,United States,50.0,1520.0,25.0,3.5,8.0,120.0,400.0,0.6
2026-01-21,YouTube - Brand Awareness,YouTube,2044,73,119.84,0,0.0,,,,0,0.836,0.095,0.152,1.94,0.92,0.586,Mobile,United States,150.0,4560.0,60.0,0.5,25.0,30.0,80.0,0.15
2026-01-21,YouTube - Brand Awareness,YouTube,183,11,20.54,0,0.0,free advertising tutorial youtube,marketing tutorial,broad,0,0.836,0.095,0.152,2.55,0.92,0.586,Tablet,Canada,150.0,4560.0,60.0,0.5,25.0,30.0,80.0,0.15
2026-01-21,YouTube - Brand Awareness,YouTube,168,7,15.45,0,0.0,cheap keyword planner software download,keyword planner,broad,0,0.836,0.095,0.152,3.36,0.92,0.586,Tablet,Germany,150.0,4560.0,60.0,0.5,25.0,30.0,80.0,0.15
2026-01-21,YouTube - Brand Awareness,YouTube,279,13,30.17,0,0.0,marketing jobs salary definition,jobs,broad,0,0.836,0.095,0.152,2.4,0.92,0.586,Mobile,Canada,150.0,4560.0,60.0,0.5,25.0,30.0,80.0,0.15
2026-01-21,YouTube - Brand Awareness,YouTube,238,15,12.32,0,0.0,how to reset google ads password,support,broad,0,0.836,0.095,0.152,2.48,0.92,0.586,Mobile,United States,150.0,4560.0,60.0,0.5,25.0,30.0,80.0,0.15
2026-01-22,Google Search - Brand,Google Search,4662,63,131.94,5,537.89,,,,6,0.7,0.02,0.28,1.43,0.77,0.49,Desktop,United States,150.0,4560.0,30.0,2.5,10.0,100.0,300.0,0.5
2026-01-22,Google Search - Brand,Google Search,424,17,19.68,0,0.0,forecastiq,forecastiq,exact,0,0.7,0.02,0.28,1.54,0.77,0.49,Desktop,United Kingdom,150.0,4560.0,30.0,2.5,10.0,100.0,300.0,0.5
2026-01-22,Google Search - Brand,Google Search,387,29,50.73,2,206.88,forecastiq pricing,forecastiq,phrase,2,0.7,0.02,0.28,3.26,0.77,0.49,Mobile,Canada,150.0,4560.0,30.0,2.5,10.0,100.0,300.0,0.5
2026-01-22,Google Search - Brand,Google Search,514,14,13.68,1,107.35,forecastiq software reviews,forecastiq,broad,1,0.7,0.02,0.28,2.48,0.77,0.49,Desktop,Germany,150.0,4560.0,30.0,2.5,10.0,100.0,300.0,0.5
2026-01-22,Google Search - Brand,Google Search,620,29,40.41,0,0.0,forecastiq login portal,forecastiq,phrase,0,0.7,0.02,0.28,2.98,0.77,0.49,Mobile,Germany,150.0,4560.0,30.0,2.5,10.0,100.0,300.0,0.5
2026-01-22,Google Search - NonBrand,Google Search,5002,122,365.98,8,491.02,,,,9,0.759,0.057,0.152,2.03,0.834,0.531,Desktop,Germany,300.0,9120.0,40.0,1.5,15.0,60.0,150.0,0.35
2026-01-22,Google Search - NonBrand,Google Search,619,32,28.45,4,238.07,paid ads forecasting tool,forecasting tool,phrase,4,0.759,0.057,0.152,2.68,0.834,0.531,Tablet,United Kingdom,300.0,9120.0,40.0,1.5,15.0,60.0,150.0,0.35
2026-01-22,Google Search - NonBrand,Google Search,636,31,57.58,7,402.1,marketing forecasting software,forecasting tool,exact,8,0.759,0.057,0.152,1.39,0.834,0.531,Tablet,Germany,300.0,9120.0,40.0,1.5,15.0,60.0,150.0,0.35
2026-01-22,Google Search - NonBrand,Google Search,529,15,15.72,3,193.15,ppc budget optimization planner,budget optimization,broad,3,0.759,0.057,0.152,2.09,0.834,0.531,Mobile,United Kingdom,300.0,9120.0,40.0,1.5,15.0,60.0,150.0,0.35
2026-01-22,Google Search - NonBrand,Google Search,467,21,20.22,0,0.0,ads forecasting template excel,forecasting tool,broad,0,0.759,0.057,0.152,3.1,0.834,0.531,Desktop,Canada,300.0,9120.0,40.0,1.5,15.0,60.0,150.0,0.35
2026-01-22,Google Search - Competitors,Google Search,2135,61,140.39,2,76.91,,,,2,0.726,0.157,0.097,2.26,0.799,0.508,Desktop,United States,100.0,3040.0,50.0,0.8,20.0,40.0,100.0,0.2
2026-01-22,Google Search - Competitors,Google Search,271,13,35.19,0,0.0,semrush forecasting tool alternative,semrush,phrase,0,0.726,0.157,0.097,1.52,0.799,0.508,Mobile,United Kingdom,100.0,3040.0,50.0,0.8,20.0,40.0,100.0,0.2
2026-01-22,Google Search - Competitors,Google Search,318,8,45.35,0,0.0,ahrefs traffic forecaster,ahrefs,broad,0,0.726,0.157,0.097,2.1,0.799,0.508,Tablet,United States,100.0,3040.0,50.0,0.8,20.0,40.0,100.0,0.2
2026-01-22,Google Search - Competitors,Google Search,255,9,27.46,0,0.0,spyfu competitor ads budget planner,competitor template,broad,0,0.726,0.157,0.097,1.28,0.799,0.508,Tablet,Canada,100.0,3040.0,50.0,0.8,20.0,40.0,100.0,0.2
2026-01-22,Meta Ads - Prospecting,Meta,1392,116,220.53,5,372.6,,,,5,0.663,0.233,0.179,2.44,0.73,0.464,Mobile,United Kingdom,200.0,6080.0,35.0,1.8,12.0,80.0,200.0,0.4
2026-01-22,Meta Ads - Retargeting,Meta,768,32,39.12,1,128.24,,,,1,0.4,0.55,0.05,2.06,0.44,0.28,Mobile,Canada,50.0,1520.0,25.0,3.5,8.0,120.0,400.0,0.6
2026-01-22,YouTube - Brand Awareness,YouTube,1782,66,154.6,0,0.0,,,,0,0.569,0.243,0.175,1.12,0.626,0.398,Desktop,Canada,150.0,4560.0,60.0,0.5,25.0,30.0,80.0,0.15
2026-01-22,YouTube - Brand Awareness,YouTube,219,4,20.61,0,0.0,free advertising tutorial youtube,marketing tutorial,broad,0,0.569,0.243,0.175,2.5,0.626,0.398,Mobile,Canada,150.0,4560.0,60.0,0.5,25.0,30.0,80.0,0.15
2026-01-22,YouTube - Brand Awareness,YouTube,260,7,16.62,0,0.0,cheap keyword planner software download,keyword planner,broad,0,0.569,0.243,0.175,1.2,0.626,0.398,Mobile,Germany,150.0,4560.0,60.0,0.5,25.0,30.0,80.0,0.15
2026-01-22,YouTube - Brand Awareness,YouTube,210,12,31.47,0,0.0,marketing jobs salary definition,jobs,broad,0,0.569,0.243,0.175,2.78,0.626,0.398,Tablet,Germany,150.0,4560.0,60.0,0.5,25.0,30.0,80.0,0.15
2026-01-22,YouTube - Brand Awareness,YouTube,200,13,12.7,0,0.0,how to reset google ads password,support,broad,0,0.569,0.243,0.175,3.59,0.626,0.398,Mobile,Canada,150.0,4560.0,60.0,0.5,25.0,30.0,80.0,0.15
2026-01-23,Google Search - Brand,Google Search,5530,70,143.62,5,454.79,,,,5,0.7,0.02,0.28,3.38,0.77,0.49,Mobile,Germany,150.0,4560.0,30.0,2.5,10.0,100.0,300.0,0.5
2026-01-23,Google Search - Brand,Google Search,591,25,48.28,1,100.01,forecastiq,forecastiq,exact,1,0.7,0.02,0.28,2.81,0.77,0.49,Mobile,Germany,150.0,4560.0,30.0,2.5,10.0,100.0,300.0,0.5
2026-01-23,Google Search - Brand,Google Search,638,42,44.44,3,311.01,forecastiq pricing,forecastiq,phrase,3,0.7,0.02,0.28,3.29,0.77,0.49,Desktop,Germany,150.0,4560.0,30.0,2.5,10.0,100.0,300.0,0.5
2026-01-23,Google Search - Brand,Google Search,755,16,20.09,2,196.14,forecastiq software reviews,forecastiq,broad,2,0.7,0.02,0.28,2.33,0.77,0.49,Desktop,Canada,150.0,4560.0,30.0,2.5,10.0,100.0,300.0,0.5
2026-01-23,Google Search - Brand,Google Search,451,31,34.28,0,0.0,forecastiq login portal,forecastiq,phrase,0,0.7,0.02,0.28,2.62,0.77,0.49,Mobile,Canada,150.0,4560.0,30.0,2.5,10.0,100.0,300.0,0.5
2026-01-23,Google Search - NonBrand,Google Search,7095,129,264.26,5,314.43,,,,6,0.6,0.075,0.123,2.71,0.66,0.42,Mobile,Germany,300.0,9120.0,40.0,1.5,15.0,60.0,150.0,0.35
2026-01-23,Google Search - NonBrand,Google Search,581,12,23.97,1,64.03,paid ads forecasting tool,forecasting tool,phrase,1,0.6,0.075,0.123,2.49,0.66,0.42,Tablet,Germany,300.0,9120.0,40.0,1.5,15.0,60.0,150.0,0.35
2026-01-23,Google Search - NonBrand,Google Search,666,31,32.03,5,280.61,marketing forecasting software,forecasting tool,exact,5,0.6,0.075,0.123,1.9,0.66,0.42,Desktop,United States,300.0,9120.0,40.0,1.5,15.0,60.0,150.0,0.35
2026-01-23,Google Search - NonBrand,Google Search,934,38,68.44,11,626.55,ppc budget optimization planner,budget optimization,broad,12,0.6,0.075,0.123,2.97,0.66,0.42,Tablet,Germany,300.0,9120.0,40.0,1.5,15.0,60.0,150.0,0.35
2026-01-23,Google Search - NonBrand,Google Search,913,38,18.48,0,0.0,ads forecasting template excel,forecasting tool,broad,0,0.6,0.075,0.123,1.92,0.66,0.42,Tablet,Germany,300.0,9120.0,40.0,1.5,15.0,60.0,150.0,0.35
2026-01-23,Google Search - Competitors,Google Search,2574,39,96.48,1,37.11,,,,1,0.719,0.117,0.096,1.57,0.791,0.503,Tablet,United Kingdom,100.0,3040.0,50.0,0.8,20.0,40.0,100.0,0.2
2026-01-23,Google Search - Competitors,Google Search,283,10,36.02,0,0.0,semrush forecasting tool alternative,semrush,phrase,0,0.719,0.117,0.096,3.78,0.791,0.503,Tablet,United Kingdom,100.0,3040.0,50.0,0.8,20.0,40.0,100.0,0.2
2026-01-23,Google Search - Competitors,Google Search,382,14,42.78,0,0.0,ahrefs traffic forecaster,ahrefs,broad,0,0.719,0.117,0.096,3.02,0.791,0.503,Mobile,United States,100.0,3040.0,50.0,0.8,20.0,40.0,100.0,0.2
2026-01-23,Google Search - Competitors,Google Search,365,12,25.17,0,0.0,spyfu competitor ads budget planner,competitor template,broad,0,0.719,0.117,0.096,1.92,0.791,0.503,Desktop,Canada,100.0,3040.0,50.0,0.8,20.0,40.0,100.0,0.2
2026-01-23,Meta Ads - Prospecting,Meta,8640,144,317.46,7,592.46,,,,8,0.819,0.067,0.066,2.36,0.901,0.574,Tablet,United Kingdom,200.0,6080.0,35.0,1.8,12.0,80.0,200.0,0.4
2026-01-23,Meta Ads - Retargeting,Meta,240,20,56.71,2,263.97,,,,2,0.4,0.55,0.05,3.27,0.44,0.28,Tablet,Germany,50.0,1520.0,25.0,3.5,8.0,120.0,400.0,0.6
2026-01-23,YouTube - Brand Awareness,YouTube,5700,76,183.49,0,0.0,,,,0,0.693,0.185,0.053,1.62,0.762,0.485,Tablet,Germany,150.0,4560.0,60.0,0.5,25.0,30.0,80.0,0.15
2026-01-23,YouTube - Brand Awareness,YouTube,780,51,20.7,0,0.0,free advertising tutorial youtube,marketing tutorial,broad,0,0.693,0.185,0.053,1.57,0.762,0.485,Desktop,Canada,150.0,4560.0,60.0,0.5,25.0,30.0,80.0,0.15
2026-01-23,YouTube - Brand Awareness,YouTube,853,36,16.7,0,0.0,cheap keyword planner software download,keyword planner,broad,0,0.693,0.185,0.053,2.74,0.762,0.485,Tablet,Canada,150.0,4560.0,60.0,0.5,25.0,30.0,80.0,0.15
2026-01-23,YouTube - Brand Awareness,YouTube,607,29,31.41,0,0.0,marketing jobs salary definition,jobs,broad,0,0.693,0.185,0.053,3.66,0.762,0.485,Mobile,United Kingdom,150.0,4560.0,60.0,0.5,25.0,30.0,80.0,0.15
2026-01-23,YouTube - Brand Awareness,YouTube,772,54,12.63,0,0.0,how to reset google ads password,support,broad,0,0.693,0.185,0.053,1.27,0.762,0.485,Mobile,United Kingdom,150.0,4560.0,60.0,0.5,25.0,30.0,80.0,0.15
2026-01-24,Google Search - Brand,Google Search,1360,85,101.54,3,322.31,,,,3,0.7,0.02,0.28,2.69,0.77,0.49,Tablet,United States,150.0,4560.0,30.0,2.5,10.0,100.0,300.0,0.5
2026-01-24,Google Search - Brand,Google Search,141,5,5.53,0,0.0,forecastiq,forecastiq,exact,0,0.7,0.02,0.28,1.98,0.77,0.49,Mobile,United Kingdom,150.0,4560.0,30.0,2.5,10.0,100.0,300.0,0.5
2026-01-24,Google Search - Brand,Google Search,136,7,9.83,0,0.0,forecastiq pricing,forecastiq,phrase,0,0.7,0.02,0.28,3.74,0.77,0.49,Desktop,Canada,150.0,4560.0,30.0,2.5,10.0,100.0,300.0,0.5
2026-01-24,Google Search - Brand,Google Search,165,11,18.78,1,107.01,forecastiq software reviews,forecastiq,broad,1,0.7,0.02,0.28,3.52,0.77,0.49,Tablet,United Kingdom,150.0,4560.0,30.0,2.5,10.0,100.0,300.0,0.5
2026-01-24,Google Search - Brand,Google Search,192,7,7.16,0,0.0,forecastiq login portal,forecastiq,phrase,0,0.7,0.02,0.28,2.74,0.77,0.49,Desktop,Germany,150.0,4560.0,30.0,2.5,10.0,100.0,300.0,0.5
2026-01-24,Google Search - NonBrand,Google Search,4532,103,222.78,5,312.67,,,,5,0.83,0.089,0.094,1.29,0.913,0.581,Desktop,United States,300.0,9120.0,40.0,1.5,15.0,60.0,150.0,0.35
2026-01-24,Google Search - NonBrand,Google Search,462,32,42.61,4,241.12,paid ads forecasting tool,forecasting tool,phrase,4,0.83,0.089,0.094,3.54,0.913,0.581,Mobile,United States,300.0,9120.0,40.0,1.5,15.0,60.0,150.0,0.35
2026-01-24,Google Search - NonBrand,Google Search,544,18,21.82,3,193.04,marketing forecasting software,forecasting tool,exact,3,0.83,0.089,0.094,3.21,0.913,0.581,Tablet,Germany,300.0,9120.0,40.0,1.5,15.0,60.0,150.0,0.35
2026-01-24,Google Search - NonBrand,Google Search,678,45,85.07,12,712.04,ppc budget optimization planner,budget optimization,broad,13,0.83,0.089,0.094,3.75,0.913,0.581,Tablet,Germany,300.0,9120.0,40.0,1.5,15.0,60.0,150.0,0.35
2026-01-24,Google Search - NonBrand,Google Search,484,23,20.05,0,0.0,ads forecasting template excel,forecasting tool,broad,0,0.83,0.089,0.094,3.48,0.913,0.581,Mobile,United Kingdom,300.0,9120.0,40.0,1.5,15.0,60.0,150.0,0.35
2026-01-24,Google Search - Competitors,Google Search,1534,26,28.48,0,0.0,,,,0,0.815,0.18,0.136,1.98,0.896,0.57,Desktop,United States,100.0,3040.0,50.0,0.8,20.0,40.0,100.0,0.2
2026-01-24,Google Search - Competitors,Google Search,133,10,38.26,0,0.0,semrush forecasting tool alternative,semrush,phrase,0,0.815,0.18,0.136,1.59,0.896,0.57,Mobile,Germany,100.0,3040.0,50.0,0.8,20.0,40.0,100.0,0.2
2026-01-24,Google Search - Competitors,Google Search,219,5,48.28,0,0.0,ahrefs traffic forecaster,ahrefs,broad,0,0.815,0.18,0.136,3.09,0.896,0.57,Mobile,Canada,100.0,3040.0,50.0,0.8,20.0,40.0,100.0,0.2
2026-01-24,Google Search - Competitors,Google Search,133,4,26.28,0,0.0,spyfu competitor ads budget planner,competitor template,broad,0,0.815,0.18,0.136,2.07,0.896,0.57,Tablet,Canada,100.0,3040.0,50.0,0.8,20.0,40.0,100.0,0.2
2026-01-24,Meta Ads - Prospecting,Meta,3276,52,112.63,2,151.87,,,,2,0.892,0.161,0.116,2.82,0.981,0.624,Desktop,United States,200.0,6080.0,35.0,1.8,12.0,80.0,200.0,0.4
2026-01-24,Meta Ads - Retargeting,Meta,560,14,20.9,0,0.0,,,,0,0.4,0.55,0.05,2.82,0.44,0.28,Mobile,United States,50.0,1520.0,25.0,3.5,8.0,120.0,400.0,0.6
2026-01-24,YouTube - Brand Awareness,YouTube,3906,63,162.59,0,0.0,,,,0,0.882,0.148,0.129,1.84,0.97,0.617,Tablet,United Kingdom,150.0,4560.0,60.0,0.5,25.0,30.0,80.0,0.15
2026-01-24,YouTube - Brand Awareness,YouTube,515,28,21.96,0,0.0,free advertising tutorial youtube,marketing tutorial,broad,0,0.882,0.148,0.129,2.55,0.97,0.617,Desktop,Germany,150.0,4560.0,60.0,0.5,25.0,30.0,80.0,0.15
2026-01-24,YouTube - Brand Awareness,YouTube,537,31,16.46,0,0.0,cheap keyword planner software download,keyword planner,broad,0,0.882,0.148,0.129,1.68,0.97,0.617,Desktop,Canada,150.0,4560.0,60.0,0.5,25.0,30.0,80.0,0.15
2026-01-24,YouTube - Brand Awareness,YouTube,476,16,28.49,0,0.0,marketing jobs salary definition,jobs,broad,0,0.882,0.148,0.129,2.1,0.97,0.617,Mobile,Canada,150.0,4560.0,60.0,0.5,25.0,30.0,80.0,0.15
2026-01-24,YouTube - Brand Awareness,YouTube,470,23,12.41,0,0.0,how to reset google ads password,support,broad,0,0.882,0.148,0.129,2.74,0.97,0.617,Desktop,Germany,150.0,4560.0,60.0,0.5,25.0,30.0,80.0,0.15
2026-01-25,Google Search - Brand,Google Search,1925,35,103.38,3,271.03,,,,3,0.7,0.02,0.28,2.51,0.77,0.49,Mobile,United Kingdom,150.0,4560.0,30.0,2.5,10.0,100.0,300.0,0.5
2026-01-25,Google Search - Brand,Google Search,228,11,21.02,0,0.0,forecastiq,forecastiq,exact,0,0.7,0.02,0.28,3.02,0.77,0.49,Mobile,Canada,150.0,4560.0,30.0,2.5,10.0,100.0,300.0,0.5
2026-01-25,Google Search - Brand,Google Search,252,11,9.92,0,0.0,forecastiq pricing,forecastiq,phrase,0,0.7,0.02,0.28,1.85,0.77,0.49,Mobile,Canada,150.0,4560.0,30.0,2.5,10.0,100.0,300.0,0.5
2026-01-25,Google Search - Brand,Google Search,192,13,18.94,1,92.4,forecastiq software reviews,forecastiq,broad,1,0.7,0.02,0.28,3.52,0.77,0.49,Tablet,United States,150.0,4560.0,30.0,2.5,10.0,100.0,300.0,0.5
2026-01-25,Google Search - Brand,Google Search,205,6,11.72,0,0.0,forecastiq login portal,forecastiq,phrase,0,0.7,0.02,0.28,1.73,0.77,0.49,Tablet,United States,150.0,4560.0,30.0,2.5,10.0,100.0,300.0,0.5
2026-01-25,Google Search - NonBrand,Google Search,6390,90,206.74,4,233.65,,,,4,0.829,0.127,0.113,1.66,0.912,0.58,Desktop,United States,300.0,9120.0,40.0,1.5,15.0,60.0,150.0,0.35
2026-01-25,Google Search - NonBrand,Google Search,822,36,30.63,6,362.23,paid ads forecasting tool,forecasting tool,phrase,6,0.829,0.127,0.113,1.33,0.912,0.58,Tablet,United Kingdom,300.0,9120.0,40.0,1.5,15.0,60.0,150.0,0.35
2026-01-25,Google Search - NonBrand,Google Search,761,24,33.3,5,291.93,marketing forecasting software,forecasting tool,exact,5,0.829,0.127,0.113,3.23,0.912,0.58,Mobile,Canada,300.0,9120.0,40.0,1.5,15.0,60.0,150.0,0.35
2026-01-25,Google Search - NonBrand,Google Search,661,16,20.31,3,166.35,ppc budget optimization planner,budget optimization,broad,3,0.829,0.127,0.113,1.35,0.912,0.58,Mobile,Germany,300.0,9120.0,40.0,1.5,15.0,60.0,150.0,0.35
2026-01-25,Google Search - NonBrand,Google Search,583,28,17.23,0,0.0,ads forecasting template excel,forecasting tool,broad,0,0.829,0.127,0.113,3.22,0.912,0.58,Mobile,United States,300.0,9120.0,40.0,1.5,15.0,60.0,150.0,0.35
2026-01-25,Google Search - Competitors,Google Search,2048,32,77.5,1,40.78,,,,1,0.78,0.171,0.17,2.58,0.858,0.546,Desktop,Canada,100.0,3040.0,50.0,0.8,20.0,40.0,100.0,0.2
2026-01-25,Google Search - Competitors,Google Search,237,10,32.74,0,0.0,semrush forecasting tool alternative,semrush,phrase,0,0.78,0.171,0.17,1.77,0.858,0.546,Mobile,United Kingdom,100.0,3040.0,50.0,0.8,20.0,40.0,100.0,0.2
2026-01-25,Google Search - Competitors,Google Search,305,18,42.26,0,0.0,ahrefs traffic forecaster,ahrefs,broad,0,0.78,0.171,0.17,3.12,0.858,0.546,Mobile,United Kingdom,100.0,3040.0,50.0,0.8,20.0,40.0,100.0,0.2
2026-01-25,Google Search - Competitors,Google Search,298,10,24.88,0,0.0,spyfu competitor ads budget planner,competitor template,broad,0,0.78,0.171,0.17,3.57,0.858,0.546,Tablet,United Kingdom,100.0,3040.0,50.0,0.8,20.0,40.0,100.0,0.2
2026-01-25,Meta Ads - Prospecting,Meta,3894,66,122.4,3,257.9,,,,3,0.783,0.111,0.105,2.86,0.862,0.548,Desktop,United Kingdom,200.0,6080.0,35.0,1.8,12.0,80.0,200.0,0.4
2026-01-25,Meta Ads - Retargeting,Meta,742,14,20.76,0,0.0,,,,0,0.4,0.55,0.05,3.19,0.44,0.28,Mobile,Canada,50.0,1520.0,25.0,3.5,8.0,120.0,400.0,0.6
2026-01-25,YouTube - Brand Awareness,YouTube,7524,99,148.67,0,0.0,,,,0,0.861,0.204,0.102,1.99,0.947,0.603,Tablet,Germany,150.0,4560.0,60.0,0.5,25.0,30.0,80.0,0.15
2026-01-25,YouTube - Brand Awareness,YouTube,855,57,20.76,0,0.0,free advertising tutorial youtube,marketing tutorial,broad,0,0.861,0.204,0.102,2.02,0.947,0.603,Tablet,United States,150.0,4560.0,60.0,0.5,25.0,30.0,80.0,0.15
2026-01-25,YouTube - Brand Awareness,YouTube,668,21,15.33,0,0.0,cheap keyword planner software download,keyword planner,broad,0,0.861,0.204,0.102,2.12,0.947,0.603,Mobile,United Kingdom,150.0,4560.0,60.0,0.5,25.0,30.0,80.0,0.15
2026-01-25,YouTube - Brand Awareness,YouTube,791,48,27.58,0,0.0,marketing jobs salary definition,jobs,broad,0,0.861,0.204,0.102,2.18,0.947,0.603,Tablet,Germany,150.0,4560.0,60.0,0.5,25.0,30.0,80.0,0.15
2026-01-25,YouTube - Brand Awareness,YouTube,753,19,11.38,0,0.0,how to reset google ads password,support,broad,0,0.861,0.204,0.102,3.36,0.947,0.603,Tablet,United States,150.0,4560.0,60.0,0.5,25.0,30.0,80.0,0.15
2026-01-26,Google Search - Brand,Google Search,1216,64,153.32,4,436.05,,,,4,0.7,0.02,0.28,2.01,0.77,0.49,Tablet,United States,150.0,4560.0,30.0,2.5,10.0,100.0,300.0,0.5
2026-01-26,Google Search - Brand,Google Search,150,5,9.18,0,0.0,forecastiq,forecastiq,exact,0,0.7,0.02,0.28,2.35,0.77,0.49,Desktop,United Kingdom,150.0,4560.0,30.0,2.5,10.0,100.0,300.0,0.5
2026-01-26,Google Search - Brand,Google Search,128,4,4.67,0,0.0,forecastiq pricing,forecastiq,phrase,0,0.7,0.02,0.28,3.74,0.77,0.49,Desktop,United Kingdom,150.0,4560.0,30.0,2.5,10.0,100.0,300.0,0.5
2026-01-26,Google Search - Brand,Google Search,152,4,6.64,0,0.0,forecastiq software reviews,forecastiq,broad,0,0.7,0.02,0.28,1.81,0.77,0.49,Tablet,Germany,150.0,4560.0,30.0,2.5,10.0,100.0,300.0,0.5
2026-01-26,Google Search - Brand,Google Search,128,7,11.5,0,0.0,forecastiq login portal,forecastiq,phrase,0,0.7,0.02,0.28,3.13,0.77,0.49,Desktop,Canada,150.0,4560.0,30.0,2.5,10.0,100.0,300.0,0.5
2026-01-26,Google Search - NonBrand,Google Search,8954,121,326.45,7,416.69,,,,8,0.728,0.117,0.165,3.06,0.801,0.51,Desktop,United States,300.0,9120.0,40.0,1.5,15.0,60.0,150.0,0.35
2026-01-26,Google Search - NonBrand,Google Search,1271,50,73.64,7,412.43,paid ads forecasting tool,forecasting tool,phrase,7,0.728,0.117,0.165,1.77,0.801,0.51,Mobile,United Kingdom,300.0,9120.0,40.0,1.5,15.0,60.0,150.0,0.35
2026-01-26,Google Search - NonBrand,Google Search,774,34,31.09,7,426.39,marketing forecasting software,forecasting tool,exact,7,0.728,0.117,0.165,2.45,0.801,0.51,Desktop,Germany,300.0,9120.0,40.0,1.5,15.0,60.0,150.0,0.35
2026-01-26,Google Search - NonBrand,Google Search,882,27,43.6,7,460.34,ppc budget optimization planner,budget optimization,broad,7,0.728,0.117,0.165,2.85,0.801,0.51,Desktop,Canada,300.0,9120.0,40.0,1.5,15.0,60.0,150.0,0.35
2026-01-26,Google Search - NonBrand,Google Search,882,24,18.05,0,0.0,ads forecasting template excel,forecasting tool,broad,0,0.728,0.117,0.165,2.93,0.801,0.51,Mobile,Canada,300.0,9120.0,40.0,1.5,15.0,60.0,150.0,0.35
2026-01-26,Google Search - Competitors,Google Search,602,43,97.99,2,73.91,,,,2,0.868,0.15,0.166,2.14,0.955,0.607,Mobile,Germany,100.0,3040.0,50.0,0.8,20.0,40.0,100.0,0.2
2026-01-26,Google Search - Competitors,Google Search,81,4,37.09,0,0.0,semrush forecasting tool alternative,semrush,phrase,0,0.868,0.15,0.166,2.06,0.955,0.607,Tablet,Germany,100.0,3040.0,50.0,0.8,20.0,40.0,100.0,0.2
2026-01-26,Google Search - Competitors,Google Search,61,3,49.16,0,0.0,ahrefs traffic forecaster,ahrefs,broad,0,0.868,0.15,0.166,2.36,0.955,0.607,Tablet,Germany,100.0,3040.0,50.0,0.8,20.0,40.0,100.0,0.2
2026-01-26,Google Search - Competitors,Google Search,84,5,22.52,0,0.0,spyfu competitor ads budget planner,competitor template,broad,0,0.868,0.15,0.166,2.71,0.955,0.607,Tablet,United States,100.0,3040.0,50.0,0.8,20.0,40.0,100.0,0.2
2026-01-26,Meta Ads - Prospecting,Meta,5684,203,388.8,11,831.11,,,,13,0.868,0.247,0.13,2.42,0.955,0.608,Mobile,United Kingdom,200.0,6080.0,35.0,1.8,12.0,80.0,200.0,0.4
2026-01-26,Meta Ads - Retargeting,Meta,1600,32,41.05,1,121.46,,,,1,0.4,0.55,0.05,1.13,0.44,0.28,Mobile,United States,50.0,1520.0,25.0,3.5,8.0,120.0,400.0,0.6
2026-01-26,YouTube - Brand Awareness,YouTube,2550,102,210.33,0,0.0,,,,0,0.642,0.238,0.09,2.98,0.706,0.449,Desktop,Germany,150.0,4560.0,60.0,0.5,25.0,30.0,80.0,0.15
2026-01-26,YouTube - Brand Awareness,YouTube,257,11,22.08,0,0.0,free advertising tutorial youtube,marketing tutorial,broad,0,0.642,0.238,0.09,2.81,0.706,0.449,Tablet,Canada,150.0,4560.0,60.0,0.5,25.0,30.0,80.0,0.15
2026-01-26,YouTube - Brand Awareness,YouTube,239,12,15.03,0,0.0,cheap keyword planner software download,keyword planner,broad,0,0.642,0.238,0.09,2.24,0.706,0.449,Mobile,United States,150.0,4560.0,60.0,0.5,25.0,30.0,80.0,0.15
2026-01-26,YouTube - Brand Awareness,YouTube,316,13,29.58,0,0.0,marketing jobs salary definition,jobs,broad,0,0.642,0.238,0.09,2.85,0.706,0.449,Mobile,United States,150.0,4560.0,60.0,0.5,25.0,30.0,80.0,0.15
2026-01-26,YouTube - Brand Awareness,YouTube,286,18,12.23,0,0.0,how to reset google ads password,support,broad,0,0.642,0.238,0.09,3.42,0.706,0.449,Mobile,United Kingdom,150.0,4560.0,60.0,0.5,25.0,30.0,80.0,0.15
2026-01-27,Google Search - Brand,Google Search,754,58,68.05,2,204.55,,,,2,0.7,0.02,0.28,3.39,0.77,0.49,Mobile,Germany,150.0,4560.0,30.0,2.5,10.0,100.0,300.0,0.5
2026-01-27,Google Search - Brand,Google Search,89,4,3.61,0,0.0,forecastiq,forecastiq,exact,0,0.7,0.02,0.28,3.04,0.77,0.49,Tablet,United States,150.0,4560.0,30.0,2.5,10.0,100.0,300.0,0.5
2026-01-27,Google Search - Brand,Google Search,96,2,2.16,0,0.0,forecastiq pricing,forecastiq,phrase,0,0.7,0.02,0.28,1.6,0.77,0.49,Tablet,United Kingdom,150.0,4560.0,30.0,2.5,10.0,100.0,300.0,0.5
2026-01-27,Google Search - Brand,Google Search,85,3,3.89,0,0.0,forecastiq software reviews,forecastiq,broad,0,0.7,0.02,0.28,3.22,0.77,0.49,Desktop,United Kingdom,150.0,4560.0,30.0,2.5,10.0,100.0,300.0,0.5
2026-01-27,Google Search - Brand,Google Search,70,5,9.08,0,0.0,forecastiq login portal,forecastiq,phrase,0,0.7,0.02,0.28,2.45,0.77,0.49,Desktop,United States,150.0,4560.0,30.0,2.5,10.0,100.0,300.0,0.5
2026-01-27,Google Search - NonBrand,Google Search,9000,125,235.3,5,298.53,,,,5,0.729,0.164,0.185,3.28,0.802,0.51,Mobile,United Kingdom,300.0,9120.0,40.0,1.5,15.0,60.0,150.0,0.35
2026-01-27,Google Search - NonBrand,Google Search,798,58,62.14,8,499.51,paid ads forecasting tool,forecasting tool,phrase,9,0.729,0.164,0.185,3.63,0.802,0.51,Mobile,Canada,300.0,9120.0,40.0,1.5,15.0,60.0,150.0,0.35
2026-01-27,Google Search - NonBrand,Google Search,1011,58,108.77,12,741.18,marketing forecasting software,forecasting tool,exact,13,0.729,0.164,0.185,1.4,0.802,0.51,Mobile,United States,300.0,9120.0,40.0,1.5,15.0,60.0,150.0,0.35
2026-01-27,Google Search - NonBrand,Google Search,1236,75,108.35,22,1305.45,ppc budget optimization planner,budget optimization,broad,24,0.729,0.164,0.185,2.22,0.802,0.51,Tablet,United States,300.0,9120.0,40.0,1.5,15.0,60.0,150.0,0.35
2026-01-27,Google Search - NonBrand,Google Search,731,52,20.19,0,0.0,ads forecasting template excel,forecasting tool,broad,0,0.729,0.164,0.185,1.37,0.802,0.51,Desktop,Germany,300.0,9120.0,40.0,1.5,15.0,60.0,150.0,0.35
2026-01-27,Google Search - Competitors,Google Search,1591,43,68.65,1,39.75,,,,1,0.738,0.138,0.106,2.28,0.812,0.517,Desktop,Canada,100.0,3040.0,50.0,0.8,20.0,40.0,100.0,0.2
2026-01-27,Google Search - Competitors,Google Search,157,7,35.48,0,0.0,semrush forecasting tool alternative,semrush,phrase,0,0.738,0.138,0.106,2.0,0.812,0.517,Tablet,United States,100.0,3040.0,50.0,0.8,20.0,40.0,100.0,0.2
2026-01-27,Google Search - Competitors,Google Search,157,7,47.62,0,0.0,ahrefs traffic forecaster,ahrefs,broad,0,0.738,0.138,0.106,2.82,0.812,0.517,Desktop,United Kingdom,100.0,3040.0,50.0,0.8,20.0,40.0,100.0,0.2
2026-01-27,Google Search - Competitors,Google Search,211,5,24.03,0,0.0,spyfu competitor ads budget planner,competitor template,broad,0,0.738,0.138,0.106,3.57,0.812,0.517,Mobile,United States,100.0,3040.0,50.0,0.8,20.0,40.0,100.0,0.2
2026-01-27,Meta Ads - Prospecting,Meta,6120,102,299.35,7,571.0,,,,7,0.811,0.141,0.085,1.67,0.892,0.567,Tablet,United Kingdom,200.0,6080.0,35.0,1.8,12.0,80.0,200.0,0.4
2026-01-27,Meta Ads - Retargeting,Meta,1600,20,35.97,1,125.09,,,,1,0.4,0.55,0.05,2.74,0.44,0.28,Desktop,Germany,50.0,1520.0,25.0,3.5,8.0,120.0,400.0,0.6
2026-01-27,YouTube - Brand Awareness,YouTube,4380,73,139.7,0,0.0,,,,0,0.846,0.105,0.17,1.18,0.93,0.592,Desktop,Canada,150.0,4560.0,60.0,0.5,25.0,30.0,80.0,0.15
2026-01-27,YouTube - Brand Awareness,YouTube,511,36,24.16,0,0.0,free advertising tutorial youtube,marketing tutorial,broad,0,0.846,0.105,0.17,3.1,0.93,0.592,Tablet,United Kingdom,150.0,4560.0,60.0,0.5,25.0,30.0,80.0,0.15
2026-01-27,YouTube - Brand Awareness,YouTube,386,8,17.54,0,0.0,cheap keyword planner software download,keyword planner,broad,0,0.846,0.105,0.17,1.8,0.93,0.592,Tablet,United States,150.0,4560.0,60.0,0.5,25.0,30.0,80.0,0.15
2026-01-27,YouTube - Brand Awareness,YouTube,501,14,32.12,0,0.0,marketing jobs salary definition,jobs,broad,0,0.846,0.105,0.17,1.92,0.93,0.592,Tablet,United Kingdom,150.0,4560.0,60.0,0.5,25.0,30.0,80.0,0.15
2026-01-27,YouTube - Brand Awareness,YouTube,510,35,12.95,0,0.0,how to reset google ads password,support,broad,0,0.846,0.105,0.17,2.44,0.93,0.592,Mobile,United States,150.0,4560.0,60.0,0.5,25.0,30.0,80.0,0.15
2026-01-28,Google Search - Brand,Google Search,1968,123,322.6,10,947.42,,,,12,0.7,0.02,0.28,2.78,0.77,0.49,Tablet,Canada,150.0,4560.0,30.0,2.5,10.0,100.0,300.0,0.5
2026-01-28,Google Search - Brand,Google Search,232,17,17.25,0,0.0,forecastiq,forecastiq,exact,0,0.7,0.02,0.28,1.97,0.77,0.49,Tablet,Germany,150.0,4560.0,30.0,2.5,10.0,100.0,300.0,0.5
2026-01-28,Google Search - Brand,Google Search,264,9,12.58,0,0.0,forecastiq pricing,forecastiq,phrase,0,0.7,0.02,0.28,2.0,0.77,0.49,Tablet,Canada,150.0,4560.0,30.0,2.5,10.0,100.0,300.0,0.5
2026-01-28,Google Search - Brand,Google Search,295,22,19.08,3,304.04,forecastiq software reviews,forecastiq,broad,3,0.7,0.02,0.28,1.26,0.77,0.49,Desktop,Canada,150.0,4560.0,30.0,2.5,10.0,100.0,300.0,0.5
2026-01-28,Google Search - Brand,Google Search,266,6,8.45,0,0.0,forecastiq login portal,forecastiq,phrase,0,0.7,0.02,0.28,1.37,0.77,0.49,Tablet,United Kingdom,150.0,4560.0,30.0,2.5,10.0,100.0,300.0,0.5
2026-01-28,Google Search - NonBrand,Google Search,9690,170,428.85,9,585.14,,,,10,0.783,0.219,0.093,3.29,0.861,0.548,Mobile,Canada,300.0,9120.0,40.0,1.5,15.0,60.0,150.0,0.35
2026-01-28,Google Search - NonBrand,Google Search,1036,39,55.18,7,426.34,paid ads forecasting tool,forecasting tool,phrase,7,0.783,0.219,0.093,3.27,0.861,0.548,Tablet,Germany,300.0,9120.0,40.0,1.5,15.0,60.0,150.0,0.35
2026-01-28,Google Search - NonBrand,Google Search,1326,34,53.72,7,442.71,marketing forecasting software,forecasting tool,exact,7,0.783,0.219,0.093,1.91,0.861,0.548,Tablet,Germany,300.0,9120.0,40.0,1.5,15.0,60.0,150.0,0.35
2026-01-28,Google Search - NonBrand,Google Search,1266,36,36.87,9,550.54,ppc budget optimization planner,budget optimization,broad,9,0.783,0.219,0.093,3.61,0.861,0.548,Mobile,United States,300.0,9120.0,40.0,1.5,15.0,60.0,150.0,0.35
2026-01-28,Google Search - NonBrand,Google Search,857,66,17.75,0,0.0,ads forecasting template excel,forecasting tool,broad,0,0.783,0.219,0.093,2.28,0.861,0.548,Desktop,Germany,300.0,9120.0,40.0,1.5,15.0,60.0,150.0,0.35
2026-01-28,Google Search - Competitors,Google Search,1025,41,96.83,1,38.2,,,,1,0.785,0.163,0.199,2.98,0.864,0.55,Desktop,Germany,100.0,3040.0,50.0,0.8,20.0,40.0,100.0,0.2
2026-01-28,Google Search - Competitors,Google Search,108,8,38.28,0,0.0,semrush forecasting tool alternative,semrush,phrase,0,0.785,0.163,0.199,1.34,0.864,0.55,Desktop,United Kingdom,100.0,3040.0,50.0,0.8,20.0,40.0,100.0,0.2
2026-01-28,Google Search - Competitors,Google Search,84,6,46.6,0,0.0,ahrefs traffic forecaster,ahrefs,broad,0,0.785,0.163,0.199,1.87,0.864,0.55,Desktop,United Kingdom,100.0,3040.0,50.0,0.8,20.0,40.0,100.0,0.2
2026-01-28,Google Search - Competitors,Google Search,97,2,27.34,0,0.0,spyfu competitor ads budget planner,competitor template,broad,0,0.785,0.163,0.199,2.93,0.864,0.55,Tablet,United States,100.0,3040.0,50.0,0.8,20.0,40.0,100.0,0.2
2026-01-28,Meta Ads - Prospecting,Meta,7168,128,216.95,5,398.43,,,,5,0.864,0.231,0.163,2.96,0.95,0.605,Mobile,United Kingdom,200.0,6080.0,35.0,1.8,12.0,80.0,200.0,0.4
2026-01-28,Meta Ads - Retargeting,Meta,2077,31,32.91,1,112.53,,,,1,0.4,0.55,0.05,3.1,0.44,0.28,Desktop,Germany,50.0,1520.0,25.0,3.5,8.0,120.0,400.0,0.6
2026-01-28,YouTube - Brand Awareness,YouTube,6930,105,149.41,0,0.0,,,,0,0.697,0.137,0.121,3.24,0.766,0.488,Mobile,United States,150.0,4560.0,60.0,0.5,25.0,30.0,80.0,0.15
2026-01-28,YouTube - Brand Awareness,YouTube,902,25,23.34,0,0.0,free advertising tutorial youtube,marketing tutorial,broad,0,0.697,0.137,0.121,2.11,0.766,0.488,Mobile,United Kingdom,150.0,4560.0,60.0,0.5,25.0,30.0,80.0,0.15
2026-01-28,YouTube - Brand Awareness,YouTube,664,49,16.86,0,0.0,cheap keyword planner software download,keyword planner,broad,0,0.697,0.137,0.121,2.38,0.766,0.488,Mobile,United Kingdom,150.0,4560.0,60.0,0.5,25.0,30.0,80.0,0.15
2026-01-28,YouTube - Brand Awareness,YouTube,991,63,29.82,0,0.0,marketing jobs salary definition,jobs,broad,0,0.697,0.137,0.121,1.75,0.766,0.488,Mobile,United States,150.0,4560.0,60.0,0.5,25.0,30.0,80.0,0.15
2026-01-28,YouTube - Brand Awareness,YouTube,712,47,12.64,0,0.0,how to reset google ads password,support,broad,0,0.697,0.137,0.121,3.58,0.766,0.488,Mobile,United States,150.0,4560.0,60.0,0.5,25.0,30.0,80.0,0.15
2026-01-29,Google Search - Brand,Google Search,1577,83,115.69,4,410.86,,,,4,0.7,0.02,0.28,2.25,0.77,0.49,Tablet,Canada,150.0,4560.0,30.0,2.5,10.0,100.0,300.0,0.5
2026-01-29,Google Search - Brand,Google Search,220,5,7.56,0,0.0,forecastiq,forecastiq,exact,0,0.7,0.02,0.28,3.37,0.77,0.49,Desktop,Canada,150.0,4560.0,30.0,2.5,10.0,100.0,300.0,0.5
2026-01-29,Google Search - Brand,Google Search,150,3,5.06,0,0.0,forecastiq pricing,forecastiq,phrase,0,0.7,0.02,0.28,2.11,0.77,0.49,Tablet,United States,150.0,4560.0,30.0,2.5,10.0,100.0,300.0,0.5
2026-01-29,Google Search - Brand,Google Search,224,14,15.4,2,204.62,forecastiq software reviews,forecastiq,broad,2,0.7,0.02,0.28,1.85,0.77,0.49,Mobile,Germany,150.0,4560.0,30.0,2.5,10.0,100.0,300.0,0.5
2026-01-29,Google Search - Brand,Google Search,185,9,12.91,0,0.0,forecastiq login portal,forecastiq,phrase,0,0.7,0.02,0.28,3.11,0.77,0.49,Tablet,Canada,150.0,4560.0,30.0,2.5,10.0,100.0,300.0,0.5
2026-01-29,Google Search - NonBrand,Google Search,6834,201,226.56,6,349.07,,,,7,0.85,0.223,0.105,1.81,0.936,0.595,Tablet,United Kingdom,300.0,9120.0,40.0,1.5,15.0,60.0,150.0,0.35
2026-01-29,Google Search - NonBrand,Google Search,905,27,46.64,3,188.61,paid ads forecasting tool,forecasting tool,phrase,3,0.85,0.223,0.105,2.44,0.936,0.595,Mobile,United Kingdom,300.0,9120.0,40.0,1.5,15.0,60.0,150.0,0.35
2026-01-29,Google Search - NonBrand,Google Search,752,53,46.69,10,623.11,marketing forecasting software,forecasting tool,exact,10,0.85,0.223,0.105,2.93,0.936,0.595,Mobile,Germany,300.0,9120.0,40.0,1.5,15.0,60.0,150.0,0.35
2026-01-29,Google Search - NonBrand,Google Search,986,25,35.34,6,341.38,ppc budget optimization planner,budget optimization,broad,6,0.85,0.223,0.105,3.76,0.936,0.595,Tablet,Canada,300.0,9120.0,40.0,1.5,15.0,60.0,150.0,0.35
2026-01-29,Google Search - NonBrand,Google Search,857,59,17.74,0,0.0,ads forecasting template excel,forecasting tool,broad,0,0.85,0.223,0.105,2.59,0.936,0.595,Desktop,United Kingdom,300.0,9120.0,40.0,1.5,15.0,60.0,150.0,0.35
2026-01-29,Google Search - Competitors,Google Search,4692,69,74.06,1,38.36,,,,1,0.731,0.143,0.139,1.14,0.804,0.512,Desktop,Canada,100.0,3040.0,50.0,0.8,20.0,40.0,100.0,0.2
2026-01-29,Google Search - Competitors,Google Search,442,20,37.88,0,0.0,semrush forecasting tool alternative,semrush,phrase,0,0.731,0.143,0.139,1.6,0.804,0.512,Tablet,Germany,100.0,3040.0,50.0,0.8,20.0,40.0,100.0,0.2
2026-01-29,Google Search - Competitors,Google Search,460,31,44.96,0,0.0,ahrefs traffic forecaster,ahrefs,broad,0,0.731,0.143,0.139,2.68,0.804,0.512,Tablet,Canada,100.0,3040.0,50.0,0.8,20.0,40.0,100.0,0.2
2026-01-29,Google Search - Competitors,Google Search,382,22,26.1,0,0.0,spyfu competitor ads budget planner,competitor template,broad,0,0.731,0.143,0.139,3.69,0.804,0.512,Desktop,Germany,100.0,3040.0,50.0,0.8,20.0,40.0,100.0,0.2
2026-01-29,Meta Ads - Prospecting,Meta,6477,127,317.38,8,627.01,,,,10,0.59,0.205,0.106,2.7,0.649,0.413,Desktop,Canada,200.0,6080.0,35.0,1.8,12.0,80.0,200.0,0.4
2026-01-29,Meta Ads - Retargeting,Meta,836,38,79.04,3,361.24,,,,3,0.4,0.55,0.05,1.63,0.44,0.28,Desktop,Germany,50.0,1520.0,25.0,3.5,8.0,120.0,400.0,0.6
2026-01-29,YouTube - Brand Awareness,YouTube,6750,125,142.12,0,0.0,,,,0,0.646,0.235,0.054,1.77,0.71,0.452,Mobile,United States,150.0,4560.0,60.0,0.5,25.0,30.0,80.0,0.15
2026-01-29,YouTube - Brand Awareness,YouTube,832,30,22.99,0,0.0,free advertising tutorial youtube,marketing tutorial,broad,0,0.646,0.235,0.054,2.35,0.71,0.452,Mobile,United Kingdom,150.0,4560.0,60.0,0.5,25.0,30.0,80.0,0.15
2026-01-29,YouTube - Brand Awareness,YouTube,941,69,15.52,0,0.0,cheap keyword planner software download,keyword planner,broad,0,0.646,0.235,0.054,1.9,0.71,0.452,Desktop,United States,150.0,4560.0,60.0,0.5,25.0,30.0,80.0,0.15
2026-01-29,YouTube - Brand Awareness,YouTube,992,29,27.02,0,0.0,marketing jobs salary definition,jobs,broad,0,0.646,0.235,0.054,2.23,0.71,0.452,Desktop,Germany,150.0,4560.0,60.0,0.5,25.0,30.0,80.0,0.15
2026-01-29,YouTube - Brand Awareness,YouTube,550,16,12.21,0,0.0,how to reset google ads password,support,broad,0,0.646,0.235,0.054,1.34,0.71,0.452,Tablet,Germany,150.0,4560.0,60.0,0.5,25.0,30.0,80.0,0.15
2026-01-30,Google Search - Brand,Google Search,2300,46,92.41,2,180.24,,,,2,0.7,0.02,0.28,2.0,0.77,0.49,Desktop,United States,150.0,4560.0,30.0,2.5,10.0,100.0,300.0,0.5
2026-01-30,Google Search - Brand,Google Search,267,19,33.05,1,101.18,forecastiq,forecastiq,exact,1,0.7,0.02,0.28,3.21,0.77,0.49,Desktop,United States,150.0,4560.0,30.0,2.5,10.0,100.0,300.0,0.5
2026-01-30,Google Search - Brand,Google Search,279,7,9.05,0,0.0,forecastiq pricing,forecastiq,phrase,0,0.7,0.02,0.28,2.3,0.77,0.49,Mobile,United Kingdom,150.0,4560.0,30.0,2.5,10.0,100.0,300.0,0.5
2026-01-30,Google Search - Brand,Google Search,325,7,12.66,0,0.0,forecastiq software reviews,forecastiq,broad,0,0.7,0.02,0.28,1.98,0.77,0.49,Desktop,Canada,150.0,4560.0,30.0,2.5,10.0,100.0,300.0,0.5
2026-01-30,Google Search - Brand,Google Search,201,7,12.13,0,0.0,forecastiq login portal,forecastiq,phrase,0,0.7,0.02,0.28,3.38,0.77,0.49,Tablet,Canada,150.0,4560.0,30.0,2.5,10.0,100.0,300.0,0.5
2026-01-30,Google Search - NonBrand,Google Search,13481,221,258.59,6,389.75,,,,7,0.739,0.238,0.077,1.33,0.813,0.517,Tablet,Germany,300.0,9120.0,40.0,1.5,15.0,60.0,150.0,0.35
2026-01-30,Google Search - NonBrand,Google Search,1675,131,152.88,21,1261.65,paid ads forecasting tool,forecasting tool,phrase,22,0.739,0.238,0.077,3.15,0.813,0.517,Tablet,Germany,300.0,9120.0,40.0,1.5,15.0,60.0,150.0,0.35
2026-01-30,Google Search - NonBrand,Google Search,1432,100,182.7,21,1307.42,marketing forecasting software,forecasting tool,exact,23,0.739,0.238,0.077,2.18,0.813,0.517,Mobile,United States,300.0,9120.0,40.0,1.5,15.0,60.0,150.0,0.35
2026-01-30,Google Search - NonBrand,Google Search,1457,97,150.81,21,1206.81,ppc budget optimization planner,budget optimization,broad,24,0.739,0.238,0.077,2.77,0.813,0.517,Tablet,United Kingdom,300.0,9120.0,40.0,1.5,15.0,60.0,150.0,0.35
2026-01-30,Google Search - NonBrand,Google Search,1745,82,16.94,0,0.0,ads forecasting template excel,forecasting tool,broad,0,0.739,0.238,0.077,3.32,0.813,0.517,Desktop,Canada,300.0,9120.0,40.0,1.5,15.0,60.0,150.0,0.35
2026-01-30,Google Search - Competitors,Google Search,2295,51,68.22,1,43.83,,,,1,0.804,0.203,0.183,1.7,0.885,0.563,Desktop,Germany,100.0,3040.0,50.0,0.8,20.0,40.0,100.0,0.2
2026-01-30,Google Search - Competitors,Google Search,251,8,37.52,0,0.0,semrush forecasting tool alternative,semrush,phrase,0,0.804,0.203,0.183,3.76,0.885,0.563,Desktop,Germany,100.0,3040.0,50.0,0.8,20.0,40.0,100.0,0.2
2026-01-30,Google Search - Competitors,Google Search,257,20,41.16,0,0.0,ahrefs traffic forecaster,ahrefs,broad,0,0.804,0.203,0.183,1.91,0.885,0.563,Desktop,United States,100.0,3040.0,50.0,0.8,20.0,40.0,100.0,0.2
2026-01-30,Google Search - Competitors,Google Search,314,17,24.44,0,0.0,spyfu competitor ads budget planner,competitor template,broad,0,0.804,0.203,0.183,3.15,0.885,0.563,Desktop,Germany,100.0,3040.0,50.0,0.8,20.0,40.0,100.0,0.2
2026-01-30,Meta Ads - Prospecting,Meta,7110,90,264.95,6,490.95,,,,6,0.79,0.247,0.117,1.39,0.869,0.553,Desktop,Canada,200.0,6080.0,35.0,1.8,12.0,80.0,200.0,0.4
2026-01-30,Meta Ads - Retargeting,Meta,700,28,45.47,1,122.72,,,,1,0.4,0.55,0.05,1.12,0.44,0.28,Mobile,United Kingdom,50.0,1520.0,25.0,3.5,8.0,120.0,400.0,0.6
2026-01-30,YouTube - Brand Awareness,YouTube,2241,83,226.97,0,0.0,,,,0,0.795,0.068,0.157,1.65,0.875,0.557,Desktop,Canada,150.0,4560.0,60.0,0.5,25.0,30.0,80.0,0.15
2026-01-30,YouTube - Brand Awareness,YouTube,247,8,23.99,0,0.0,free advertising tutorial youtube,marketing tutorial,broad,0,0.795,0.068,0.157,2.79,0.875,0.557,Desktop,United States,150.0,4560.0,60.0,0.5,25.0,30.0,80.0,0.15
2026-01-30,YouTube - Brand Awareness,YouTube,187,13,16.5,0,0.0,cheap keyword planner software download,keyword planner,broad,0,0.795,0.068,0.157,1.4,0.875,0.557,Mobile,Germany,150.0,4560.0,60.0,0.5,25.0,30.0,80.0,0.15
2026-01-30,YouTube - Brand Awareness,YouTube,260,9,30.18,0,0.0,marketing jobs salary definition,jobs,broad,0,0.795,0.068,0.157,1.55,0.875,0.557,Tablet,United Kingdom,150.0,4560.0,60.0,0.5,25.0,30.0,80.0,0.15
2026-01-30,YouTube - Brand Awareness,YouTube,314,19,12.1,0,0.0,how to reset google ads password,support,broad,0,0.795,0.068,0.157,3.58,0.875,0.557,Desktop,Canada,150.0,4560.0,60.0,0.5,25.0,30.0,80.0,0.15
2026-01-31,Google Search - Brand,Google Search,999,37,93.94,3,317.4,,,,3,0.7,0.02,0.28,2.62,0.77,0.49,Desktop,United States,150.0,4560.0,30.0,2.5,10.0,100.0,300.0,0.5
2026-01-31,Google Search - Brand,Google Search,128,2,3.81,0,0.0,forecastiq,forecastiq,exact,0,0.7,0.02,0.28,1.51,0.77,0.49,Mobile,Canada,150.0,4560.0,30.0,2.5,10.0,100.0,300.0,0.5
2026-01-31,Google Search - Brand,Google Search,86,3,5.52,0,0.0,forecastiq pricing,forecastiq,phrase,0,0.7,0.02,0.28,1.22,0.77,0.49,Desktop,Germany,150.0,4560.0,30.0,2.5,10.0,100.0,300.0,0.5
2026-01-31,Google Search - Brand,Google Search,125,3,5.3,0,0.0,forecastiq software reviews,forecastiq,broad,0,0.7,0.02,0.28,2.97,0.77,0.49,Tablet,United Kingdom,150.0,4560.0,30.0,2.5,10.0,100.0,300.0,0.5
2026-01-31,Google Search - Brand,Google Search,102,5,9.52,0,0.0,forecastiq login portal,forecastiq,phrase,0,0.7,0.02,0.28,3.78,0.77,0.49,Mobile,Canada,150.0,4560.0,30.0,2.5,10.0,100.0,300.0,0.5
2026-01-31,Google Search - NonBrand,Google Search,1425,75,180.76,4,245.38,,,,4,0.657,0.244,0.188,1.25,0.723,0.46,Desktop,United Kingdom,300.0,9120.0,40.0,1.5,15.0,60.0,150.0,0.35
2026-01-31,Google Search - NonBrand,Google Search,212,12,18.23,1,60.05,paid ads forecasting tool,forecasting tool,phrase,1,0.657,0.244,0.188,1.91,0.723,0.46,Desktop,Germany,300.0,9120.0,40.0,1.5,15.0,60.0,150.0,0.35
2026-01-31,Google Search - NonBrand,Google Search,203,8,10.23,1,57.75,marketing forecasting software,forecasting tool,exact,1,0.657,0.244,0.188,2.6,0.723,0.46,Tablet,Germany,300.0,9120.0,40.0,1.5,15.0,60.0,150.0,0.35
2026-01-31,Google Search - NonBrand,Google Search,207,5,8.91,1,58.8,ppc budget optimization planner,budget optimization,broad,1,0.657,0.244,0.188,1.89,0.723,0.46,Tablet,Canada,300.0,9120.0,40.0,1.5,15.0,60.0,150.0,0.35
2026-01-31,Google Search - NonBrand,Google Search,204,4,18.77,0,0.0,ads forecasting template excel,forecasting tool,broad,0,0.657,0.244,0.188,2.04,0.723,0.46,Desktop,United Kingdom,300.0,9120.0,40.0,1.5,15.0,60.0,150.0,0.35
2026-01-31,Google Search - Competitors,Google Search,850,34,51.91,1,36.78,,,,1,0.808,0.195,0.134,2.33,0.889,0.566,Desktop,Canada,100.0,3040.0,50.0,0.8,20.0,40.0,100.0,0.2
2026-01-31,Google Search - Competitors,Google Search,71,1,32.68,0,0.0,semrush forecasting tool alternative,semrush,phrase,0,0.808,0.195,0.134,2.25,0.889,0.566,Tablet,United Kingdom,100.0,3040.0,50.0,0.8,20.0,40.0,100.0,0.2
2026-01-31,Google Search - Competitors,Google Search,92,4,48.27,0,0.0,ahrefs traffic forecaster,ahrefs,broad,0,0.808,0.195,0.134,3.09,0.889,0.566,Mobile,United States,100.0,3040.0,50.0,0.8,20.0,40.0,100.0,0.2
2026-01-31,Google Search - Competitors,Google Search,127,6,24.4,0,0.0,spyfu competitor ads budget planner,competitor template,broad,0,0.808,0.195,0.134,2.68,0.889,0.566,Mobile,United Kingdom,100.0,3040.0,50.0,0.8,20.0,40.0,100.0,0.2
2026-01-31,Meta Ads - Prospecting,Meta,3362,82,99.68,2,147.76,,,,2,0.801,0.142,0.075,3.19,0.881,0.561,Desktop,Canada,200.0,6080.0,35.0,1.8,12.0,80.0,200.0,0.4
2026-01-31,Meta Ads - Retargeting,Meta,1060,20,21.12,1,129.59,,,,1,0.4,0.55,0.05,2.64,0.44,0.28,Desktop,United States,50.0,1520.0,25.0,3.5,8.0,120.0,400.0,0.6
2026-01-31,YouTube - Brand Awareness,YouTube,4345,79,191.97,0,0.0,,,,0,0.596,0.154,0.148,3.33,0.656,0.417,Tablet,United Kingdom,150.0,4560.0,60.0,0.5,25.0,30.0,80.0,0.15
2026-01-31,YouTube - Brand Awareness,YouTube,364,26,22.53,0,0.0,free advertising tutorial youtube,marketing tutorial,broad,0,0.596,0.154,0.148,3.29,0.656,0.417,Tablet,United States,150.0,4560.0,60.0,0.5,25.0,30.0,80.0,0.15
2026-01-31,YouTube - Brand Awareness,YouTube,380,17,15.03,0,0.0,cheap keyword planner software download,keyword planner,broad,0,0.596,0.154,0.148,2.76,0.656,0.417,Tablet,United States,150.0,4560.0,60.0,0.5,25.0,30.0,80.0,0.15
2026-01-31,YouTube - Brand Awareness,YouTube,408,26,29.77,0,0.0,marketing jobs salary definition,jobs,broad,0,0.596,0.154,0.148,2.82,0.656,0.417,Desktop,Germany,150.0,4560.0,60.0,0.5,25.0,30.0,80.0,0.15
2026-01-31,YouTube - Brand Awareness,YouTube,580,38,12.88,0,0.0,how to reset google ads password,support,broad,0,0.596,0.154,0.148,1.85,0.656,0.417,Desktop,Canada,150.0,4560.0,60.0,0.5,25.0,30.0,80.0,0.15
2026-02-01,Google Search - Brand,Google Search,3102,47,111.2,3,308.22,,,,3,0.7,0.02,0.28,1.59,0.77,0.49,Mobile,Germany,150.0,4560.0,30.0,2.5,10.0,100.0,300.0,0.5
2026-02-01,Google Search - Brand,Google Search,285,22,37.45,1,100.46,forecastiq,forecastiq,exact,1,0.7,0.02,0.28,1.68,0.77,0.49,Mobile,United Kingdom,150.0,4560.0,30.0,2.5,10.0,100.0,300.0,0.5
2026-02-01,Google Search - Brand,Google Search,258,17,27.67,1,103.26,forecastiq pricing,forecastiq,phrase,1,0.7,0.02,0.28,3.24,0.77,0.49,Tablet,United Kingdom,150.0,4560.0,30.0,2.5,10.0,100.0,300.0,0.5
2026-02-01,Google Search - Brand,Google Search,400,15,13.61,2,206.2,forecastiq software reviews,forecastiq,broad,2,0.7,0.02,0.28,2.81,0.77,0.49,Desktop,United Kingdom,150.0,4560.0,30.0,2.5,10.0,100.0,300.0,0.5
2026-02-01,Google Search - Brand,Google Search,279,9,13.8,0,0.0,forecastiq login portal,forecastiq,phrase,0,0.7,0.02,0.28,3.0,0.77,0.49,Mobile,Germany,150.0,4560.0,30.0,2.5,10.0,100.0,300.0,0.5
2026-02-01,Google Search - NonBrand,Google Search,4611,87,242.92,5,296.49,,,,5,0.864,0.184,0.118,1.14,0.951,0.605,Desktop,United Kingdom,300.0,9120.0,40.0,1.5,15.0,60.0,150.0,0.35
2026-02-01,Google Search - NonBrand,Google Search,461,19,17.11,2,122.01,paid ads forecasting tool,forecasting tool,phrase,2,0.864,0.184,0.118,3.72,0.951,0.605,Tablet,Canada,300.0,9120.0,40.0,1.5,15.0,60.0,150.0,0.35
2026-02-01,Google Search - NonBrand,Google Search,613,46,65.09,8,489.67,marketing forecasting software,forecasting tool,exact,9,0.864,0.184,0.118,3.1,0.951,0.605,Desktop,Canada,300.0,9120.0,40.0,1.5,15.0,60.0,150.0,0.35
2026-02-01,Google Search - NonBrand,Google Search,574,12,15.79,2,112.77,ppc budget optimization planner,budget optimization,broad,2,0.864,0.184,0.118,1.87,0.951,0.605,Tablet,Germany,300.0,9120.0,40.0,1.5,15.0,60.0,150.0,0.35
2026-02-01,Google Search - NonBrand,Google Search,428,31,18.84,0,0.0,ads forecasting template excel,forecasting tool,broad,0,0.864,0.184,0.118,3.51,0.951,0.605,Desktop,United Kingdom,300.0,9120.0,40.0,1.5,15.0,60.0,150.0,0.35
2026-02-01,Google Search - Competitors,Google Search,3078,57,79.46,1,41.56,,,,1,0.89,0.225,0.089,1.94,0.979,0.623,Desktop,Germany,100.0,3040.0,50.0,0.8,20.0,40.0,100.0,0.2
2026-02-01,Google Search - Competitors,Google Search,423,31,36.57,0,0.0,semrush forecasting tool alternative,semrush,phrase,0,0.89,0.225,0.089,3.37,0.979,0.623,Desktop,United Kingdom,100.0,3040.0,50.0,0.8,20.0,40.0,100.0,0.2
2026-02-01,Google Search - Competitors,Google Search,460,29,48.68,0,0.0,ahrefs traffic forecaster,ahrefs,broad,0,0.89,0.225,0.089,2.38,0.979,0.623,Desktop,United States,100.0,3040.0,50.0,0.8,20.0,40.0,100.0,0.2
2026-02-01,Google Search - Competitors,Google Search,419,26,27.33,0,0.0,spyfu competitor ads budget planner,competitor template,broad,0,0.89,0.225,0.089,3.63,0.979,0.623,Tablet,United Kingdom,100.0,3040.0,50.0,0.8,20.0,40.0,100.0,0.2
2026-02-01,Meta Ads - Prospecting,Meta,2964,57,169.36,4,302.69,,,,4,0.59,0.101,0.153,3.12,0.649,0.413,Mobile,Canada,200.0,6080.0,35.0,1.8,12.0,80.0,200.0,0.4
2026-02-01,Meta Ads - Retargeting,Meta,154,11,16.41,0,0.0,,,,0,0.4,0.55,0.05,3.15,0.44,0.28,Mobile,Canada,50.0,1520.0,25.0,3.5,8.0,120.0,400.0,0.6
2026-02-01,YouTube - Brand Awareness,YouTube,2565,95,108.92,0,0.0,,,,0,0.851,0.216,0.149,2.07,0.936,0.596,Mobile,Germany,150.0,4560.0,60.0,0.5,25.0,30.0,80.0,0.15
2026-02-01,YouTube - Brand Awareness,YouTube,353,17,23.88,0,0.0,free advertising tutorial youtube,marketing tutorial,broad,0,0.851,0.216,0.149,2.82,0.936,0.596,Mobile,Canada,150.0,4560.0,60.0,0.5,25.0,30.0,80.0,0.15
2026-02-01,YouTube - Brand Awareness,YouTube,281,12,15.06,0,0.0,cheap keyword planner software download,keyword planner,broad,0,0.851,0.216,0.149,2.61,0.936,0.596,Mobile,United Kingdom,150.0,4560.0,60.0,0.5,25.0,30.0,80.0,0.15
2026-02-01,YouTube - Brand Awareness,YouTube,312,13,27.8,0,0.0,marketing jobs salary definition,jobs,broad,0,0.851,0.216,0.149,2.71,0.936,0.596,Mobile,United Kingdom,150.0,4560.0,60.0,0.5,25.0,30.0,80.0,0.15
2026-02-01,YouTube - Brand Awareness,YouTube,372,7,11.28,0,0.0,how to reset google ads password,support,broad,0,0.851,0.216,0.149,3.03,0.936,0.596,Desktop,Canada,150.0,4560.0,60.0,0.5,25.0,30.0,80.0,0.15
2026-02-02,Google Search - Brand,Google Search,4850,97,247.43,7,720.61,,,,7,0.7,0.02,0.28,2.2,0.77,0.49,Mobile,United Kingdom,150.0,4560.0,30.0,2.5,10.0,100.0,300.0,0.5
2026-02-02,Google Search - Brand,Google Search,605,33,43.89,1,93.66,forecastiq,forecastiq,exact,1,0.7,0.02,0.28,1.67,0.77,0.49,Tablet,United States,150.0,4560.0,30.0,2.5,10.0,100.0,300.0,0.5
2026-02-02,Google Search - Brand,Google Search,425,16,19.82,1,104.05,forecastiq pricing,forecastiq,phrase,1,0.7,0.02,0.28,2.03,0.77,0.49,Mobile,United Kingdom,150.0,4560.0,30.0,2.5,10.0,100.0,300.0,0.5
2026-02-02,Google Search - Brand,Google Search,663,21,29.51,3,282.52,forecastiq software reviews,forecastiq,broad,3,0.7,0.02,0.28,2.01,0.77,0.49,Mobile,Canada,150.0,4560.0,30.0,2.5,10.0,100.0,300.0,0.5
2026-02-02,Google Search - Brand,Google Search,445,20,33.24,0,0.0,forecastiq login portal,forecastiq,phrase,0,0.7,0.02,0.28,3.1,0.77,0.49,Tablet,Canada,150.0,4560.0,30.0,2.5,10.0,100.0,300.0,0.5
2026-02-02,Google Search - NonBrand,Google Search,6042,106,247.04,7,407.01,,,,7,0.63,0.153,0.07,1.74,0.693,0.441,Mobile,Canada,300.0,9120.0,40.0,1.5,15.0,60.0,150.0,0.35
2026-02-02,Google Search - NonBrand,Google Search,661,45,78.95,6,385.07,paid ads forecasting tool,forecasting tool,phrase,6,0.63,0.153,0.07,3.25,0.693,0.441,Tablet,United Kingdom,300.0,9120.0,40.0,1.5,15.0,60.0,150.0,0.35
2026-02-02,Google Search - NonBrand,Google Search,504,13,22.69,2,122.01,marketing forecasting software,forecasting tool,exact,2,0.63,0.153,0.07,1.29,0.693,0.441,Desktop,United Kingdom,300.0,9120.0,40.0,1.5,15.0,60.0,150.0,0.35
2026-02-02,Google Search - NonBrand,Google Search,551,34,27.94,8,507.67,ppc budget optimization planner,budget optimization,broad,8,0.63,0.153,0.07,3.51,0.693,0.441,Desktop,United States,300.0,9120.0,40.0,1.5,15.0,60.0,150.0,0.35
2026-02-02,Google Search - NonBrand,Google Search,511,10,17.45,0,0.0,ads forecasting template excel,forecasting tool,broad,0,0.63,0.153,0.07,3.25,0.693,0.441,Mobile,Canada,300.0,9120.0,40.0,1.5,15.0,60.0,150.0,0.35
2026-02-02,Google Search - Competitors,Google Search,3484,52,132.09,2,76.54,,,,2,0.864,0.138,0.135,1.13,0.95,0.605,Tablet,Germany,100.0,3040.0,50.0,0.8,20.0,40.0,100.0,0.2
2026-02-02,Google Search - Competitors,Google Search,298,16,37.0,0,0.0,semrush forecasting tool alternative,semrush,phrase,0,0.864,0.138,0.135,2.37,0.95,0.605,Mobile,United States,100.0,3040.0,50.0,0.8,20.0,40.0,100.0,0.2
2026-02-02,Google Search - Competitors,Google Search,312,13,41.42,0,0.0,ahrefs traffic forecaster,ahrefs,broad,0,0.864,0.138,0.135,3.66,0.95,0.605,Tablet,United States,100.0,3040.0,50.0,0.8,20.0,40.0,100.0,0.2
2026-02-02,Google Search - Competitors,Google Search,504,19,26.02,0,0.0,spyfu competitor ads budget planner,competitor template,broad,0,0.864,0.138,0.135,1.51,0.95,0.605,Desktop,United Kingdom,100.0,3040.0,50.0,0.8,20.0,40.0,100.0,0.2
2026-02-02,Meta Ads - Prospecting,Meta,4290,143,242.44,6,474.65,,,,7,0.814,0.187,0.134,1.62,0.896,0.57,Tablet,Canada,200.0,6080.0,35.0,1.8,12.0,80.0,200.0,0.4
2026-02-02,Meta Ads - Retargeting,Meta,1628,22,63.49,2,254.04,,,,2,0.4,0.55,0.05,3.13,0.44,0.28,Tablet,United States,50.0,1520.0,25.0,3.5,8.0,120.0,400.0,0.6
2026-02-02,YouTube - Brand Awareness,YouTube,1827,87,246.76,0,0.0,,,,0,0.871,0.185,0.133,2.62,0.959,0.61,Desktop,United States,150.0,4560.0,60.0,0.5,25.0,30.0,80.0,0.15
2026-02-02,YouTube - Brand Awareness,YouTube,216,14,20.12,0,0.0,free advertising tutorial youtube,marketing tutorial,broad,0,0.871,0.185,0.133,1.65,0.959,0.61,Tablet,United Kingdom,150.0,4560.0,60.0,0.5,25.0,30.0,80.0,0.15
2026-02-02,YouTube - Brand Awareness,YouTube,214,7,15.81,0,0.0,cheap keyword planner software download,keyword planner,broad,0,0.871,0.185,0.133,3.23,0.959,0.61,Tablet,Canada,150.0,4560.0,60.0,0.5,25.0,30.0,80.0,0.15
2026-02-02,YouTube - Brand Awareness,YouTube,213,13,28.66,0,0.0,marketing jobs salary definition,jobs,broad,0,0.871,0.185,0.133,3.15,0.959,0.61,Mobile,United Kingdom,150.0,4560.0,60.0,0.5,25.0,30.0,80.0,0.15
2026-02-02,YouTube - Brand Awareness,YouTube,179,8,11.36,0,0.0,how to reset google ads password,support,broad,0,0.871,0.185,0.133,1.57,0.959,0.61,Mobile,United States,150.0,4560.0,60.0,0.5,25.0,30.0,80.0,0.15
2026-02-03,Google Search - Brand,Google Search,2232,62,168.9,6,611.6,,,,7,0.7,0.02,0.28,1.27,0.77,0.49,Tablet,Canada,150.0,4560.0,30.0,2.5,10.0,100.0,300.0,0.5
2026-02-03,Google Search - Brand,Google Search,214,15,12.35,0,0.0,forecastiq,forecastiq,exact,0,0.7,0.02,0.28,1.97,0.77,0.49,Desktop,Germany,150.0,4560.0,30.0,2.5,10.0,100.0,300.0,0.5
2026-02-03,Google Search - Brand,Google Search,293,14,18.17,1,92.11,forecastiq pricing,forecastiq,phrase,1,0.7,0.02,0.28,1.56,0.77,0.49,Tablet,Canada,150.0,4560.0,30.0,2.5,10.0,100.0,300.0,0.5
2026-02-03,Google Search - Brand,Google Search,277,6,5.93,0,0.0,forecastiq software reviews,forecastiq,broad,0,0.7,0.02,0.28,2.06,0.77,0.49,Desktop,Germany,150.0,4560.0,30.0,2.5,10.0,100.0,300.0,0.5
2026-02-03,Google Search - Brand,Google Search,295,13,11.24,0,0.0,forecastiq login portal,forecastiq,phrase,0,0.7,0.02,0.28,1.98,0.77,0.49,Desktop,Canada,150.0,4560.0,30.0,2.5,10.0,100.0,300.0,0.5
2026-02-03,Google Search - NonBrand,Google Search,5668,109,315.14,7,437.94,,,,8,0.832,0.179,0.122,2.47,0.915,0.582,Tablet,United Kingdom,300.0,9120.0,40.0,1.5,15.0,60.0,150.0,0.35
2026-02-03,Google Search - NonBrand,Google Search,680,29,55.76,3,194.98,paid ads forecasting tool,forecasting tool,phrase,3,0.832,0.179,0.122,2.67,0.915,0.582,Desktop,Canada,300.0,9120.0,40.0,1.5,15.0,60.0,150.0,0.35
2026-02-03,Google Search - NonBrand,Google Search,519,17,29.1,2,122.58,marketing forecasting software,forecasting tool,exact,2,0.832,0.179,0.122,3.74,0.915,0.582,Mobile,United States,300.0,9120.0,40.0,1.5,15.0,60.0,150.0,0.35
2026-02-03,Google Search - NonBrand,Google Search,766,30,43.85,6,379.58,ppc budget optimization planner,budget optimization,broad,6,0.832,0.179,0.122,1.27,0.915,0.582,Tablet,Canada,300.0,9120.0,40.0,1.5,15.0,60.0,150.0,0.35
2026-02-03,Google Search - NonBrand,Google Search,513,10,20.16,0,0.0,ads forecasting template excel,forecasting tool,broad,0,0.832,0.179,0.122,1.9,0.915,0.582,Tablet,Canada,300.0,9120.0,40.0,1.5,15.0,60.0,150.0,0.35
2026-02-03,Google Search - Competitors,Google Search,1365,39,79.49,1,37.09,,,,1,0.846,0.109,0.09,3.11,0.931,0.593,Desktop,United Kingdom,100.0,3040.0,50.0,0.8,20.0,40.0,100.0,0.2
2026-02-03,Google Search - Competitors,Google Search,183,14,36.2,0,0.0,semrush forecasting tool alternative,semrush,phrase,0,0.846,0.109,0.09,1.53,0.931,0.593,Desktop,United Kingdom,100.0,3040.0,50.0,0.8,20.0,40.0,100.0,0.2
2026-02-03,Google Search - Competitors,Google Search,161,5,45.04,0,0.0,ahrefs traffic forecaster,ahrefs,broad,0,0.846,0.109,0.09,2.91,0.931,0.593,Mobile,Germany,100.0,3040.0,50.0,0.8,20.0,40.0,100.0,0.2
2026-02-03,Google Search - Competitors,Google Search,164,4,27.37,0,0.0,spyfu competitor ads budget planner,competitor template,broad,0,0.846,0.109,0.09,3.57,0.931,0.593,Mobile,United States,100.0,3040.0,50.0,0.8,20.0,40.0,100.0,0.2
2026-02-03,Meta Ads - Prospecting,Meta,2288,88,111.67,2,160.6,,,,2,0.843,0.19,0.144,1.3,0.928,0.59,Tablet,Germany,200.0,6080.0,35.0,1.8,12.0,80.0,200.0,0.4
2026-02-03,Meta Ads - Retargeting,Meta,500,20,55.99,2,263.8,,,,2,0.4,0.55,0.05,2.68,0.44,0.28,Tablet,Germany,50.0,1520.0,25.0,3.5,8.0,120.0,400.0,0.6
2026-02-03,YouTube - Brand Awareness,YouTube,2860,55,107.55,0,0.0,,,,0,0.75,0.234,0.156,2.83,0.825,0.525,Tablet,Germany,150.0,4560.0,60.0,0.5,25.0,30.0,80.0,0.15
2026-02-03,YouTube - Brand Awareness,YouTube,229,7,24.04,0,0.0,free advertising tutorial youtube,marketing tutorial,broad,0,0.75,0.234,0.156,3.55,0.825,0.525,Desktop,United States,150.0,4560.0,60.0,0.5,25.0,30.0,80.0,0.15
2026-02-03,YouTube - Brand Awareness,YouTube,268,12,16.88,0,0.0,cheap keyword planner software download,keyword planner,broad,0,0.75,0.234,0.156,3.0,0.825,0.525,Desktop,Germany,150.0,4560.0,60.0,0.5,25.0,30.0,80.0,0.15
2026-02-03,YouTube - Brand Awareness,YouTube,247,18,31.88,0,0.0,marketing jobs salary definition,jobs,broad,0,0.75,0.234,0.156,2.14,0.825,0.525,Tablet,United Kingdom,150.0,4560.0,60.0,0.5,25.0,30.0,80.0,0.15
2026-02-03,YouTube - Brand Awareness,YouTube,242,10,11.81,0,0.0,how to reset google ads password,support,broad,0,0.75,0.234,0.156,1.31,0.825,0.525,Tablet,Canada,150.0,4560.0,60.0,0.5,25.0,30.0,80.0,0.15
2026-02-04,Google Search - Brand,Google Search,4760,70,143.33,4,388.58,,,,4,0.7,0.02,0.28,3.0,0.77,0.49,Mobile,Germany,150.0,4560.0,30.0,2.5,10.0,100.0,300.0,0.5
2026-02-04,Google Search - Brand,Google Search,700,37,70.95,1,96.21,forecastiq,forecastiq,exact,1,0.7,0.02,0.28,3.13,0.77,0.49,Desktop,Canada,150.0,4560.0,30.0,2.5,10.0,100.0,300.0,0.5
2026-02-04,Google Search - Brand,Google Search,611,17,25.89,1,97.92,forecastiq pricing,forecastiq,phrase,1,0.7,0.02,0.28,2.32,0.77,0.49,Desktop,Canada,150.0,4560.0,30.0,2.5,10.0,100.0,300.0,0.5
2026-02-04,Google Search - Brand,Google Search,538,39,45.95,6,655.56,forecastiq software reviews,forecastiq,broad,7,0.7,0.02,0.28,1.37,0.77,0.49,Mobile,Germany,150.0,4560.0,30.0,2.5,10.0,100.0,300.0,0.5
2026-02-04,Google Search - Brand,Google Search,482,12,20.06,0,0.0,forecastiq login portal,forecastiq,phrase,0,0.7,0.02,0.28,3.49,0.77,0.49,Mobile,United Kingdom,150.0,4560.0,30.0,2.5,10.0,100.0,300.0,0.5
2026-02-04,Google Search - NonBrand,Google Search,10664,172,219.68,4,248.93,,,,4,0.583,0.076,0.173,1.7,0.641,0.408,Mobile,United Kingdom,300.0,9120.0,40.0,1.5,15.0,60.0,150.0,0.35
2026-02-04,Google Search - NonBrand,Google Search,1255,59,67.69,10,566.62,paid ads forecasting tool,forecasting tool,phrase,10,0.583,0.076,0.173,2.64,0.641,0.408,Mobile,United States,300.0,9120.0,40.0,1.5,15.0,60.0,150.0,0.35
2026-02-04,Google Search - NonBrand,Google Search,869,63,118.09,13,854.77,marketing forecasting software,forecasting tool,exact,15,0.583,0.076,0.173,3.27,0.641,0.408,Tablet,United Kingdom,300.0,9120.0,40.0,1.5,15.0,60.0,150.0,0.35
2026-02-04,Google Search - NonBrand,Google Search,1215,51,87.44,14,778.7,ppc budget optimization planner,budget optimization,broad,16,0.583,0.076,0.173,3.25,0.641,0.408,Desktop,Canada,300.0,9120.0,40.0,1.5,15.0,60.0,150.0,0.35
2026-02-04,Google Search - NonBrand,Google Search,932,18,18.43,0,0.0,ads forecasting template excel,forecasting tool,broad,0,0.583,0.076,0.173,3.11,0.641,0.408,Tablet,United Kingdom,300.0,9120.0,40.0,1.5,15.0,60.0,150.0,0.35
2026-02-04,Google Search - Competitors,Google Search,4970,70,128.89,2,79.39,,,,2,0.727,0.223,0.167,1.28,0.8,0.509,Tablet,Canada,100.0,3040.0,50.0,0.8,20.0,40.0,100.0,0.2
2026-02-04,Google Search - Competitors,Google Search,713,44,34.24,0,0.0,semrush forecasting tool alternative,semrush,phrase,0,0.727,0.223,0.167,1.89,0.8,0.509,Desktop,United States,100.0,3040.0,50.0,0.8,20.0,40.0,100.0,0.2
2026-02-04,Google Search - Competitors,Google Search,491,18,49.15,0,0.0,ahrefs traffic forecaster,ahrefs,broad,0,0.727,0.223,0.167,3.52,0.8,0.509,Tablet,United Kingdom,100.0,3040.0,50.0,0.8,20.0,40.0,100.0,0.2
2026-02-04,Google Search - Competitors,Google Search,725,50,27.39,0,0.0,spyfu competitor ads budget planner,competitor template,broad,0,0.727,0.223,0.167,2.78,0.8,0.509,Desktop,Canada,100.0,3040.0,50.0,0.8,20.0,40.0,100.0,0.2
2026-02-04,Meta Ads - Prospecting,Meta,3040,160,331.21,10,748.79,,,,12,0.576,0.077,0.141,1.49,0.634,0.403,Tablet,Germany,200.0,6080.0,35.0,1.8,12.0,80.0,200.0,0.4
2026-02-04,Meta Ads - Retargeting,Meta,1368,19,31.0,1,108.27,,,,1,0.4,0.55,0.05,2.51,0.44,0.28,Tablet,United States,50.0,1520.0,25.0,3.5,8.0,120.0,400.0,0.6
2026-02-04,YouTube - Brand Awareness,YouTube,3040,80,230.74,0,0.0,,,,0,0.814,0.228,0.161,1.37,0.895,0.57,Tablet,Canada,150.0,4560.0,60.0,0.5,25.0,30.0,80.0,0.15
2026-02-04,YouTube - Brand Awareness,YouTube,374,15,19.84,0,0.0,free advertising tutorial youtube,marketing tutorial,broad,0,0.814,0.228,0.161,3.72,0.895,0.57,Desktop,United Kingdom,150.0,4560.0,60.0,0.5,25.0,30.0,80.0,0.15
2026-02-04,YouTube - Brand Awareness,YouTube,367,18,17.38,0,0.0,cheap keyword planner software download,keyword planner,broad,0,0.814,0.228,0.161,1.24,0.895,0.57,Desktop,United Kingdom,150.0,4560.0,60.0,0.5,25.0,30.0,80.0,0.15
2026-02-04,YouTube - Brand Awareness,YouTube,245,12,30.62,0,0.0,marketing jobs salary definition,jobs,broad,0,0.814,0.228,0.161,2.46,0.895,0.57,Tablet,Canada,150.0,4560.0,60.0,0.5,25.0,30.0,80.0,0.15
2026-02-04,YouTube - Brand Awareness,YouTube,365,27,11.95,0,0.0,how to reset google ads password,support,broad,0,0.814,0.228,0.161,3.56,0.895,0.57,Mobile,Canada,150.0,4560.0,60.0,0.5,25.0,30.0,80.0,0.15
2026-02-05,Google Search - Brand,Google Search,5900,118,287.66,9,932.06,,,,10,0.7,0.02,0.28,2.72,0.77,0.49,Desktop,United States,150.0,4560.0,30.0,2.5,10.0,100.0,300.0,0.5
2026-02-05,Google Search - Brand,Google Search,864,49,49.07,2,215.11,forecastiq,forecastiq,exact,2,0.7,0.02,0.28,3.09,0.77,0.49,Tablet,United States,150.0,4560.0,30.0,2.5,10.0,100.0,300.0,0.5
2026-02-05,Google Search - Brand,Google Search,683,15,28.57,1,107.52,forecastiq pricing,forecastiq,phrase,1,0.7,0.02,0.28,1.81,0.77,0.49,Tablet,Canada,150.0,4560.0,30.0,2.5,10.0,100.0,300.0,0.5
2026-02-05,Google Search - Brand,Google Search,656,36,67.42,5,519.82,forecastiq software reviews,forecastiq,broad,5,0.7,0.02,0.28,2.08,0.77,0.49,Tablet,United States,150.0,4560.0,30.0,2.5,10.0,100.0,300.0,0.5
2026-02-05,Google Search - Brand,Google Search,729,32,25.74,0,0.0,forecastiq login portal,forecastiq,phrase,0,0.7,0.02,0.28,3.25,0.77,0.49,Desktop,Canada,150.0,4560.0,30.0,2.5,10.0,100.0,300.0,0.5
2026-02-05,Google Search - NonBrand,Google Search,3432,132,263.79,7,408.55,,,,8,0.653,0.195,0.125,2.33,0.718,0.457,Mobile,United States,300.0,9120.0,40.0,1.5,15.0,60.0,150.0,0.35
2026-02-05,Google Search - NonBrand,Google Search,497,12,18.29,1,61.79,paid ads forecasting tool,forecasting tool,phrase,1,0.653,0.195,0.125,1.72,0.718,0.457,Mobile,United States,300.0,9120.0,40.0,1.5,15.0,60.0,150.0,0.35
2026-02-05,Google Search - NonBrand,Google Search,355,8,11.42,1,62.99,marketing forecasting software,forecasting tool,exact,1,0.653,0.195,0.125,3.15,0.718,0.457,Mobile,Germany,300.0,9120.0,40.0,1.5,15.0,60.0,150.0,0.35
2026-02-05,Google Search - NonBrand,Google Search,328,9,10.58,2,114.23,ppc budget optimization planner,budget optimization,broad,2,0.653,0.195,0.125,1.59,0.718,0.457,Tablet,United Kingdom,300.0,9120.0,40.0,1.5,15.0,60.0,150.0,0.35
2026-02-05,Google Search - NonBrand,Google Search,454,20,18.69,0,0.0,ads forecasting template excel,forecasting tool,broad,0,0.653,0.195,0.125,3.54,0.718,0.457,Tablet,Germany,300.0,9120.0,40.0,1.5,15.0,60.0,150.0,0.35
2026-02-05,Google Search - Competitors,Google Search,1288,56,151.0,2,84.89,,,,2,0.565,0.137,0.139,1.16,0.621,0.395,Desktop,United Kingdom,100.0,3040.0,50.0,0.8,20.0,40.0,100.0,0.2
2026-02-05,Google Search - Competitors,Google Search,187,14,36.99,0,0.0,semrush forecasting tool alternative,semrush,phrase,0,0.565,0.137,0.139,2.14,0.621,0.395,Desktop,Germany,100.0,3040.0,50.0,0.8,20.0,40.0,100.0,0.2
2026-02-05,Google Search - Competitors,Google Search,146,5,47.89,0,0.0,ahrefs traffic forecaster,ahrefs,broad,0,0.565,0.137,0.139,2.67,0.621,0.395,Desktop,United Kingdom,100.0,3040.0,50.0,0.8,20.0,40.0,100.0,0.2
2026-02-05,Google Search - Competitors,Google Search,174,8,25.67,0,0.0,spyfu competitor ads budget planner,competitor template,broad,0,0.565,0.137,0.139,2.76,0.621,0.395,Desktop,United Kingdom,100.0,3040.0,50.0,0.8,20.0,40.0,100.0,0.2
2026-02-05,Meta Ads - Prospecting,Meta,3749,163,201.07,6,480.28,,,,7,0.629,0.098,0.163,1.73,0.692,0.44,Mobile,Germany,200.0,6080.0,35.0,1.8,12.0,80.0,200.0,0.4
2026-02-05,Meta Ads - Retargeting,Meta,945,21,39.34,1,115.67,,,,1,0.4,0.55,0.05,1.23,0.44,0.28,Tablet,Germany,50.0,1520.0,25.0,3.5,8.0,120.0,400.0,0.6
2026-02-05,YouTube - Brand Awareness,YouTube,3132,58,163.25,0,0.0,,,,0,0.562,0.25,0.184,2.8,0.619,0.394,Tablet,Canada,150.0,4560.0,60.0,0.5,25.0,30.0,80.0,0.15
2026-02-05,YouTube - Brand Awareness,YouTube,334,6,22.6,0,0.0,free advertising tutorial youtube,marketing tutorial,broad,0,0.562,0.25,0.184,1.45,0.619,0.394,Mobile,United States,150.0,4560.0,60.0,0.5,25.0,30.0,80.0,0.15
2026-02-05,YouTube - Brand Awareness,YouTube,393,10,15.32,0,0.0,cheap keyword planner software download,keyword planner,broad,0,0.562,0.25,0.184,3.14,0.619,0.394,Desktop,United Kingdom,150.0,4560.0,60.0,0.5,25.0,30.0,80.0,0.15
2026-02-05,YouTube - Brand Awareness,YouTube,359,7,30.98,0,0.0,marketing jobs salary definition,jobs,broad,0,0.562,0.25,0.184,1.96,0.619,0.394,Tablet,Germany,150.0,4560.0,60.0,0.5,25.0,30.0,80.0,0.15
2026-02-05,YouTube - Brand Awareness,YouTube,336,19,11.71,0,0.0,how to reset google ads password,support,broad,0,0.562,0.25,0.184,2.46,0.619,0.394,Mobile,United Kingdom,150.0,4560.0,60.0,0.5,25.0,30.0,80.0,0.15
2026-02-06,Google Search - Brand,Google Search,1428,51,70.89,2,198.96,,,,2,0.7,0.02,0.28,2.64,0.77,0.49,Mobile,Germany,150.0,4560.0,30.0,2.5,10.0,100.0,300.0,0.5
2026-02-06,Google Search - Brand,Google Search,167,6,7.27,0,0.0,forecastiq,forecastiq,exact,0,0.7,0.02,0.28,3.34,0.77,0.49,Tablet,Germany,150.0,4560.0,30.0,2.5,10.0,100.0,300.0,0.5
2026-02-06,Google Search - Brand,Google Search,196,6,10.11,0,0.0,forecastiq pricing,forecastiq,phrase,0,0.7,0.02,0.28,2.62,0.77,0.49,Desktop,Germany,150.0,4560.0,30.0,2.5,10.0,100.0,300.0,0.5
2026-02-06,Google Search - Brand,Google Search,160,5,9.76,0,0.0,forecastiq software reviews,forecastiq,broad,0,0.7,0.02,0.28,2.12,0.77,0.49,Desktop,Germany,150.0,4560.0,30.0,2.5,10.0,100.0,300.0,0.5
2026-02-06,Google Search - Brand,Google Search,133,9,15.33,0,0.0,forecastiq login portal,forecastiq,phrase,0,0.7,0.02,0.28,1.98,0.77,0.49,Mobile,Germany,150.0,4560.0,30.0,2.5,10.0,100.0,300.0,0.5
2026-02-06,Google Search - NonBrand,Google Search,9821,161,368.03,7,447.76,,,,8,0.706,0.074,0.115,1.84,0.777,0.494,Mobile,Germany,300.0,9120.0,40.0,1.5,15.0,60.0,150.0,0.35
2026-02-06,Google Search - NonBrand,Google Search,1175,39,63.54,5,302.07,paid ads forecasting tool,forecasting tool,phrase,5,0.706,0.074,0.115,1.63,0.777,0.494,Tablet,Canada,300.0,9120.0,40.0,1.5,15.0,60.0,150.0,0.35
2026-02-06,Google Search - NonBrand,Google Search,840,46,69.64,9,532.18,marketing forecasting software,forecasting tool,exact,10,0.706,0.074,0.115,2.85,0.777,0.494,Mobile,Germany,300.0,9120.0,40.0,1.5,15.0,60.0,150.0,0.35
2026-02-06,Google Search - NonBrand,Google Search,1390,29,40.04,8,507.22,ppc budget optimization planner,budget optimization,broad,8,0.706,0.074,0.115,1.88,0.777,0.494,Desktop,United Kingdom,300.0,9120.0,40.0,1.5,15.0,60.0,150.0,0.35
2026-02-06,Google Search - NonBrand,Google Search,1049,59,19.63,0,0.0,ads forecasting template excel,forecasting tool,broad,0,0.706,0.074,0.115,2.04,0.777,0.494,Desktop,Canada,300.0,9120.0,40.0,1.5,15.0,60.0,150.0,0.35
2026-02-06,Google Search - Competitors,Google Search,3648,76,210.59,4,149.36,,,,4,0.735,0.089,0.057,3.06,0.809,0.515,Desktop,United Kingdom,100.0,3040.0,50.0,0.8,20.0,40.0,100.0,0.2
2026-02-06,Google Search - Competitors,Google Search,357,14,35.82,0,0.0,semrush forecasting tool alternative,semrush,phrase,0,0.735,0.089,0.057,3.35,0.809,0.515,Mobile,Canada,100.0,3040.0,50.0,0.8,20.0,40.0,100.0,0.2
2026-02-06,Google Search - Competitors,Google Search,400,27,44.74,0,0.0,ahrefs traffic forecaster,ahrefs,broad,0,0.735,0.089,0.057,3.65,0.809,0.515,Mobile,Germany,100.0,3040.0,50.0,0.8,20.0,40.0,100.0,0.2
2026-02-06,Google Search - Competitors,Google Search,500,34,24.19,0,0.0,spyfu competitor ads budget planner,competitor template,broad,0,0.735,0.089,0.057,1.21,0.809,0.515,Tablet,Germany,100.0,3040.0,50.0,0.8,20.0,40.0,100.0,0.2
2026-02-06,Meta Ads - Prospecting,Meta,2425,97,111.15,3,254.3,,,,3,0.584,0.22,0.087,2.85,0.643,0.409,Desktop,United Kingdom,200.0,6080.0,35.0,1.8,12.0,80.0,200.0,0.4
2026-02-06,Meta Ads - Retargeting,Meta,374,17,45.85,1,123.78,,,,1,0.4,0.55,0.05,1.96,0.44,0.28,Mobile,United States,50.0,1520.0,25.0,3.5,8.0,120.0,400.0,0.6
2026-02-06,YouTube - Brand Awareness,YouTube,1272,106,293.23,0,0.0,,,,0,0.841,0.141,0.086,1.28,0.925,0.589,Tablet,Germany,150.0,4560.0,60.0,0.5,25.0,30.0,80.0,0.15
2026-02-06,YouTube - Brand Awareness,YouTube,164,5,21.73,0,0.0,free advertising tutorial youtube,marketing tutorial,broad,0,0.841,0.141,0.086,1.54,0.925,0.589,Desktop,United States,150.0,4560.0,60.0,0.5,25.0,30.0,80.0,0.15
2026-02-06,YouTube - Brand Awareness,YouTube,165,3,14.48,0,0.0,cheap keyword planner software download,keyword planner,broad,0,0.841,0.141,0.086,3.05,0.925,0.589,Tablet,Germany,150.0,4560.0,60.0,0.5,25.0,30.0,80.0,0.15
2026-02-06,YouTube - Brand Awareness,YouTube,127,5,31.96,0,0.0,marketing jobs salary definition,jobs,broad,0,0.841,0.141,0.086,2.19,0.925,0.589,Tablet,United States,150.0,4560.0,60.0,0.5,25.0,30.0,80.0,0.15
2026-02-06,YouTube - Brand Awareness,YouTube,107,8,12.15,0,0.0,how to reset google ads password,support,broad,0,0.841,0.141,0.086,1.88,0.925,0.589,Desktop,Germany,150.0,4560.0,60.0,0.5,25.0,30.0,80.0,0.15
2026-02-07,Google Search - Brand,Google Search,2573,83,222.13,7,682.4,,,,8,0.7,0.02,0.28,2.91,0.77,0.49,Tablet,Germany,150.0,4560.0,30.0,2.5,10.0,100.0,300.0,0.5
2026-02-07,Google Search - Brand,Google Search,283,19,29.98,0,0.0,forecastiq,forecastiq,exact,0,0.7,0.02,0.28,1.77,0.77,0.49,Desktop,Germany,150.0,4560.0,30.0,2.5,10.0,100.0,300.0,0.5
2026-02-07,Google Search - Brand,Google Search,278,14,17.21,1,104.47,forecastiq pricing,forecastiq,phrase,1,0.7,0.02,0.28,2.35,0.77,0.49,Desktop,United States,150.0,4560.0,30.0,2.5,10.0,100.0,300.0,0.5
2026-02-07,Google Search - Brand,Google Search,367,12,21.37,1,101.57,forecastiq software reviews,forecastiq,broad,1,0.7,0.02,0.28,2.14,0.77,0.49,Mobile,United Kingdom,150.0,4560.0,30.0,2.5,10.0,100.0,300.0,0.5
2026-02-07,Google Search - Brand,Google Search,237,7,12.64,0,0.0,forecastiq login portal,forecastiq,phrase,0,0.7,0.02,0.28,1.64,0.77,0.49,Desktop,United States,150.0,4560.0,30.0,2.5,10.0,100.0,300.0,0.5
2026-02-07,Google Search - NonBrand,Google Search,5928,76,89.12,1,65.61,,,,1,0.755,0.211,0.09,1.14,0.831,0.529,Mobile,Canada,300.0,9120.0,40.0,1.5,15.0,60.0,150.0,0.35
2026-02-07,Google Search - NonBrand,Google Search,814,40,47.53,5,322.59,paid ads forecasting tool,forecasting tool,phrase,5,0.755,0.211,0.09,1.35,0.831,0.529,Desktop,Canada,300.0,9120.0,40.0,1.5,15.0,60.0,150.0,0.35
2026-02-07,Google Search - NonBrand,Google Search,583,14,25.98,2,125.78,marketing forecasting software,forecasting tool,exact,2,0.755,0.211,0.09,1.64,0.831,0.529,Desktop,United Kingdom,300.0,9120.0,40.0,1.5,15.0,60.0,150.0,0.35
2026-02-07,Google Search - NonBrand,Google Search,699,33,27.6,7,412.68,ppc budget optimization planner,budget optimization,broad,7,0.755,0.211,0.09,3.04,0.831,0.529,Tablet,United States,300.0,9120.0,40.0,1.5,15.0,60.0,150.0,0.35
2026-02-07,Google Search - NonBrand,Google Search,587,13,17.5,0,0.0,ads forecasting template excel,forecasting tool,broad,0,0.755,0.211,0.09,1.67,0.831,0.529,Mobile,United States,300.0,9120.0,40.0,1.5,15.0,60.0,150.0,0.35
2026-02-07,Google Search - Competitors,Google Search,868,28,54.46,1,43.2,,,,1,0.74,0.062,0.14,3.14,0.814,0.518,Tablet,Germany,100.0,3040.0,50.0,0.8,20.0,40.0,100.0,0.2
2026-02-07,Google Search - Competitors,Google Search,113,8,34.2,0,0.0,semrush forecasting tool alternative,semrush,phrase,0,0.74,0.062,0.14,2.6,0.814,0.518,Desktop,Canada,100.0,3040.0,50.0,0.8,20.0,40.0,100.0,0.2
2026-02-07,Google Search - Competitors,Google Search,84,2,49.26,0,0.0,ahrefs traffic forecaster,ahrefs,broad,0,0.74,0.062,0.14,2.97,0.814,0.518,Tablet,United Kingdom,100.0,3040.0,50.0,0.8,20.0,40.0,100.0,0.2
2026-02-07,Google Search - Competitors,Google Search,115,8,23.6,0,0.0,spyfu competitor ads budget planner,competitor template,broad,0,0.74,0.062,0.14,2.58,0.814,0.518,Desktop,United Kingdom,100.0,3040.0,50.0,0.8,20.0,40.0,100.0,0.2
2026-02-07,Meta Ads - Prospecting,Meta,2256,47,65.21,1,85.11,,,,1,0.808,0.206,0.188,1.64,0.889,0.566,Desktop,Germany,200.0,6080.0,35.0,1.8,12.0,80.0,200.0,0.4
2026-02-07,Meta Ads - Retargeting,Meta,896,16,38.03,1,124.37,,,,1,0.4,0.55,0.05,2.94,0.44,0.28,Tablet,United States,50.0,1520.0,25.0,3.5,8.0,120.0,400.0,0.6
2026-02-07,YouTube - Brand Awareness,YouTube,1833,47,64.09,0,0.0,,,,0,0.885,0.206,0.117,2.94,0.973,0.619,Tablet,United States,150.0,4560.0,60.0,0.5,25.0,30.0,80.0,0.15
2026-02-07,YouTube - Brand Awareness,YouTube,250,17,23.41,0,0.0,free advertising tutorial youtube,marketing tutorial,broad,0,0.885,0.206,0.117,3.13,0.973,0.619,Desktop,Canada,150.0,4560.0,60.0,0.5,25.0,30.0,80.0,0.15
2026-02-07,YouTube - Brand Awareness,YouTube,269,15,15.79,0,0.0,cheap keyword planner software download,keyword planner,broad,0,0.885,0.206,0.117,1.54,0.973,0.619,Mobile,Germany,150.0,4560.0,60.0,0.5,25.0,30.0,80.0,0.15
2026-02-07,YouTube - Brand Awareness,YouTube,239,16,30.28,0,0.0,marketing jobs salary definition,jobs,broad,0,0.885,0.206,0.117,3.29,0.973,0.619,Tablet,Canada,150.0,4560.0,60.0,0.5,25.0,30.0,80.0,0.15
2026-02-07,YouTube - Brand Awareness,YouTube,175,9,13.05,0,0.0,how to reset google ads password,support,broad,0,0.885,0.206,0.117,1.9,0.973,0.619,Desktop,United Kingdom,150.0,4560.0,60.0,0.5,25.0,30.0,80.0,0.15
2026-02-08,Google Search - Brand,Google Search,3172,61,76.35,2,212.35,,,,2,0.7,0.02,0.28,2.11,0.77,0.49,Mobile,United States,150.0,4560.0,30.0,2.5,10.0,100.0,300.0,0.5
2026-02-08,Google Search - Brand,Google Search,364,24,24.5,1,108.17,forecastiq,forecastiq,exact,1,0.7,0.02,0.28,3.4,0.77,0.49,Tablet,Germany,150.0,4560.0,30.0,2.5,10.0,100.0,300.0,0.5
2026-02-08,Google Search - Brand,Google Search,460,18,33.06,1,99.31,forecastiq pricing,forecastiq,phrase,1,0.7,0.02,0.28,2.36,0.77,0.49,Desktop,Germany,150.0,4560.0,30.0,2.5,10.0,100.0,300.0,0.5
2026-02-08,Google Search - Brand,Google Search,467,24,38.73,3,326.7,forecastiq software reviews,forecastiq,broad,3,0.7,0.02,0.28,3.25,0.77,0.49,Mobile,Canada,150.0,4560.0,30.0,2.5,10.0,100.0,300.0,0.5
2026-02-08,Google Search - Brand,Google Search,404,15,22.4,0,0.0,forecastiq login portal,forecastiq,phrase,0,0.7,0.02,0.28,1.74,0.77,0.49,Mobile,United Kingdom,150.0,4560.0,30.0,2.5,10.0,100.0,300.0,0.5
2026-02-08,Google Search - NonBrand,Google Search,1600,80,86.67,1,64.78,,,,1,0.847,0.148,0.077,1.59,0.932,0.593,Desktop,Germany,300.0,9120.0,40.0,1.5,15.0,60.0,150.0,0.35
2026-02-08,Google Search - NonBrand,Google Search,175,10,19.7,1,57.46,paid ads forecasting tool,forecasting tool,phrase,1,0.847,0.148,0.077,2.28,0.932,0.593,Tablet,United Kingdom,300.0,9120.0,40.0,1.5,15.0,60.0,150.0,0.35
2026-02-08,Google Search - NonBrand,Google Search,135,5,6.69,0,0.0,marketing forecasting software,forecasting tool,exact,0,0.847,0.148,0.077,2.97,0.932,0.593,Tablet,Germany,300.0,9120.0,40.0,1.5,15.0,60.0,150.0,0.35
2026-02-08,Google Search - NonBrand,Google Search,179,7,11.85,1,57.02,ppc budget optimization planner,budget optimization,broad,1,0.847,0.148,0.077,3.24,0.932,0.593,Mobile,Germany,300.0,9120.0,40.0,1.5,15.0,60.0,150.0,0.35
2026-02-08,Google Search - NonBrand,Google Search,228,15,17.99,0,0.0,ads forecasting template excel,forecasting tool,broad,0,0.847,0.148,0.077,1.72,0.932,0.593,Mobile,United States,300.0,9120.0,40.0,1.5,15.0,60.0,150.0,0.35
2026-02-08,Google Search - Competitors,Google Search,704,22,57.01,1,37.59,,,,1,0.826,0.161,0.061,1.21,0.909,0.578,Desktop,United States,100.0,3040.0,50.0,0.8,20.0,40.0,100.0,0.2
2026-02-08,Google Search - Competitors,Google Search,101,3,35.95,0,0.0,semrush forecasting tool alternative,semrush,phrase,0,0.826,0.161,0.061,3.71,0.909,0.578,Tablet,Germany,100.0,3040.0,50.0,0.8,20.0,40.0,100.0,0.2
2026-02-08,Google Search - Competitors,Google Search,91,5,47.13,0,0.0,ahrefs traffic forecaster,ahrefs,broad,0,0.826,0.161,0.061,2.58,0.909,0.578,Tablet,United States,100.0,3040.0,50.0,0.8,20.0,40.0,100.0,0.2
2026-02-08,Google Search - Competitors,Google Search,98,5,27.39,0,0.0,spyfu competitor ads budget planner,competitor template,broad,0,0.826,0.161,0.061,2.7,0.909,0.578,Mobile,Canada,100.0,3040.0,50.0,0.8,20.0,40.0,100.0,0.2
2026-02-08,Meta Ads - Prospecting,Meta,1133,103,190.89,5,423.51,,,,6,0.751,0.164,0.079,2.53,0.826,0.526,Mobile,United States,200.0,6080.0,35.0,1.8,12.0,80.0,200.0,0.4
2026-02-08,Meta Ads - Retargeting,Meta,384,16,26.68,1,109.19,,,,1,0.4,0.55,0.05,2.0,0.44,0.28,Mobile,United States,50.0,1520.0,25.0,3.5,8.0,120.0,400.0,0.6
2026-02-08,YouTube - Brand Awareness,YouTube,2044,73,150.9,0,0.0,,,,0,0.782,0.124,0.055,2.55,0.86,0.547,Tablet,United States,150.0,4560.0,60.0,0.5,25.0,30.0,80.0,0.15
2026-02-08,YouTube - Brand Awareness,YouTube,215,5,20.65,0,0.0,free advertising tutorial youtube,marketing tutorial,broad,0,0.782,0.124,0.055,1.99,0.86,0.547,Desktop,United Kingdom,150.0,4560.0,60.0,0.5,25.0,30.0,80.0,0.15
2026-02-08,YouTube - Brand Awareness,YouTube,283,19,16.13,0,0.0,cheap keyword planner software download,keyword planner,broad,0,0.782,0.124,0.055,3.11,0.86,0.547,Tablet,Germany,150.0,4560.0,60.0,0.5,25.0,30.0,80.0,0.15
2026-02-08,YouTube - Brand Awareness,YouTube,197,14,32.48,0,0.0,marketing jobs salary definition,jobs,broad,0,0.782,0.124,0.055,2.07,0.86,0.547,Tablet,United States,150.0,4560.0,60.0,0.5,25.0,30.0,80.0,0.15
2026-02-08,YouTube - Brand Awareness,YouTube,229,12,11.6,0,0.0,how to reset google ads password,support,broad,0,0.782,0.124,0.055,2.68,0.86,0.547,Desktop,United Kingdom,150.0,4560.0,60.0,0.5,25.0,30.0,80.0,0.15
2026-02-09,Google Search - Brand,Google Search,6960,87,159.56,5,479.91,,,,5,0.7,0.02,0.28,1.43,0.77,0.49,Mobile,United States,150.0,4560.0,30.0,2.5,10.0,100.0,300.0,0.5
2026-02-09,Google Search - Brand,Google Search,774,48,74.13,2,194.87,forecastiq,forecastiq,exact,2,0.7,0.02,0.28,2.92,0.77,0.49,Mobile,United Kingdom,150.0,4560.0,30.0,2.5,10.0,100.0,300.0,0.5
2026-02-09,Google Search - Brand,Google Search,585,14,21.48,1,98.67,forecastiq pricing,forecastiq,phrase,1,0.7,0.02,0.28,2.42,0.77,0.49,Desktop,United States,150.0,4560.0,30.0,2.5,10.0,100.0,300.0,0.5
2026-02-09,Google Search - Brand,Google Search,822,63,98.0,9,869.3,forecastiq software reviews,forecastiq,broad,10,0.7,0.02,0.28,3.77,0.77,0.49,Mobile,United States,150.0,4560.0,30.0,2.5,10.0,100.0,300.0,0.5
2026-02-09,Google Search - Brand,Google Search,939,62,78.49,1,105.4,forecastiq login portal,forecastiq,phrase,1,0.7,0.02,0.28,3.0,0.77,0.49,Tablet,Germany,150.0,4560.0,30.0,2.5,10.0,100.0,300.0,0.5
2026-02-09,Google Search - NonBrand,Google Search,9805,265,490.22,10,651.35,,,,12,0.815,0.121,0.18,2.0,0.896,0.57,Mobile,Germany,300.0,9120.0,40.0,1.5,15.0,60.0,150.0,0.35
2026-02-09,Google Search - NonBrand,Google Search,1317,38,46.75,5,289.09,paid ads forecasting tool,forecasting tool,phrase,5,0.815,0.121,0.18,2.56,0.896,0.57,Tablet,United Kingdom,300.0,9120.0,40.0,1.5,15.0,60.0,150.0,0.35
2026-02-09,Google Search - NonBrand,Google Search,1202,84,124.72,15,857.69,marketing forecasting software,forecasting tool,exact,17,0.815,0.121,0.18,2.47,0.896,0.57,Desktop,United Kingdom,300.0,9120.0,40.0,1.5,15.0,60.0,150.0,0.35
2026-02-09,Google Search - NonBrand,Google Search,796,57,110.36,16,934.86,ppc budget optimization planner,budget optimization,broad,18,0.815,0.121,0.18,3.2,0.896,0.57,Desktop,United Kingdom,300.0,9120.0,40.0,1.5,15.0,60.0,150.0,0.35
2026-02-09,Google Search - NonBrand,Google Search,791,23,19.4,0,0.0,ads forecasting template excel,forecasting tool,broad,0,0.815,0.121,0.18,1.36,0.896,0.57,Tablet,Canada,300.0,9120.0,40.0,1.5,15.0,60.0,150.0,0.35
2026-02-09,Google Search - Competitors,Google Search,2400,60,111.17,2,76.61,,,,2,0.89,0.08,0.119,2.86,0.979,0.623,Tablet,United States,100.0,3040.0,50.0,0.8,20.0,40.0,100.0,0.2
2026-02-09,Google Search - Competitors,Google Search,221,4,32.84,0,0.0,semrush forecasting tool alternative,semrush,phrase,0,0.89,0.08,0.119,1.83,0.979,0.623,Mobile,Germany,100.0,3040.0,50.0,0.8,20.0,40.0,100.0,0.2
2026-02-09,Google Search - Competitors,Google Search,270,8,47.59,0,0.0,ahrefs traffic forecaster,ahrefs,broad,0,0.89,0.08,0.119,2.4,0.979,0.623,Desktop,Germany,100.0,3040.0,50.0,0.8,20.0,40.0,100.0,0.2
2026-02-09,Google Search - Competitors,Google Search,205,7,26.17,0,0.0,spyfu competitor ads budget planner,competitor template,broad,0,0.89,0.08,0.119,1.37,0.979,0.623,Mobile,Canada,100.0,3040.0,50.0,0.8,20.0,40.0,100.0,0.2
2026-02-09,Meta Ads - Prospecting,Meta,5624,74,160.81,4,325.93,,,,4,0.648,0.231,0.148,3.19,0.713,0.454,Mobile,United States,200.0,6080.0,35.0,1.8,12.0,80.0,200.0,0.4
2026-02-09,Meta Ads - Retargeting,Meta,306,17,18.61,0,0.0,,,,0,0.4,0.55,0.05,3.03,0.44,0.28,Tablet,Germany,50.0,1520.0,25.0,3.5,8.0,120.0,400.0,0.6
2026-02-09,YouTube - Brand Awareness,YouTube,2279,53,56.53,0,0.0,,,,0,0.895,0.131,0.138,2.23,0.985,0.627,Desktop,United States,150.0,4560.0,60.0,0.5,25.0,30.0,80.0,0.15
2026-02-09,YouTube - Brand Awareness,YouTube,335,21,24.02,0,0.0,free advertising tutorial youtube,marketing tutorial,broad,0,0.895,0.131,0.138,2.27,0.985,0.627,Desktop,United States,150.0,4560.0,60.0,0.5,25.0,30.0,80.0,0.15
2026-02-09,YouTube - Brand Awareness,YouTube,225,9,17.57,0,0.0,cheap keyword planner software download,keyword planner,broad,0,0.895,0.131,0.138,1.91,0.985,0.627,Desktop,United Kingdom,150.0,4560.0,60.0,0.5,25.0,30.0,80.0,0.15
2026-02-09,YouTube - Brand Awareness,YouTube,196,9,30.69,0,0.0,marketing jobs salary definition,jobs,broad,0,0.895,0.131,0.138,1.28,0.985,0.627,Desktop,United Kingdom,150.0,4560.0,60.0,0.5,25.0,30.0,80.0,0.15
2026-02-09,YouTube - Brand Awareness,YouTube,302,8,12.51,0,0.0,how to reset google ads password,support,broad,0,0.895,0.131,0.138,3.04,0.985,0.627,Mobile,Canada,150.0,4560.0,60.0,0.5,25.0,30.0,80.0,0.15
2026-02-10,Google Search - Brand,Google Search,960,64,103.64,3,281.73,,,,3,0.7,0.02,0.28,2.58,0.77,0.49,Mobile,United States,150.0,4560.0,30.0,2.5,10.0,100.0,300.0,0.5
2026-02-10,Google Search - Brand,Google Search,111,5,8.83,0,0.0,forecastiq,forecastiq,exact,0,0.7,0.02,0.28,1.62,0.77,0.49,Tablet,United States,150.0,4560.0,30.0,2.5,10.0,100.0,300.0,0.5
2026-02-10,Google Search - Brand,Google Search,86,6,7.38,0,0.0,forecastiq pricing,forecastiq,phrase,0,0.7,0.02,0.28,2.98,0.77,0.49,Tablet,Germany,150.0,4560.0,30.0,2.5,10.0,100.0,300.0,0.5
2026-02-10,Google Search - Brand,Google Search,83,2,2.06,0,0.0,forecastiq software reviews,forecastiq,broad,0,0.7,0.02,0.28,2.8,0.77,0.49,Tablet,United States,150.0,4560.0,30.0,2.5,10.0,100.0,300.0,0.5
2026-02-10,Google Search - Brand,Google Search,121,3,2.67,0,0.0,forecastiq login portal,forecastiq,phrase,0,0.7,0.02,0.28,3.79,0.77,0.49,Desktop,Canada,150.0,4560.0,30.0,2.5,10.0,100.0,300.0,0.5
2026-02-10,Google Search - NonBrand,Google Search,5425,155,189.84,5,321.87,,,,6,0.852,0.196,0.145,3.01,0.937,0.597,Tablet,United Kingdom,300.0,9120.0,40.0,1.5,15.0,60.0,150.0,0.35
2026-02-10,Google Search - NonBrand,Google Search,582,44,71.32,5,307.84,paid ads forecasting tool,forecasting tool,phrase,5,0.852,0.196,0.145,2.44,0.937,0.597,Mobile,Germany,300.0,9120.0,40.0,1.5,15.0,60.0,150.0,0.35
2026-02-10,Google Search - NonBrand,Google Search,577,14,11.26,2,120.52,marketing forecasting software,forecasting tool,exact,2,0.852,0.196,0.145,2.08,0.937,0.597,Tablet,United States,300.0,9120.0,40.0,1.5,15.0,60.0,150.0,0.35
2026-02-10,Google Search - NonBrand,Google Search,804,54,75.46,12,671.7,ppc budget optimization planner,budget optimization,broad,13,0.852,0.196,0.145,3.46,0.937,0.597,Desktop,United States,300.0,9120.0,40.0,1.5,15.0,60.0,150.0,0.35
2026-02-10,Google Search - NonBrand,Google Search,509,25,16.8,0,0.0,ads forecasting template excel,forecasting tool,broad,0,0.852,0.196,0.145,3.06,0.937,0.597,Desktop,United Kingdom,300.0,9120.0,40.0,1.5,15.0,60.0,150.0,0.35
2026-02-10,Google Search - Competitors,Google Search,3120,78,94.91,1,40.64,,,,1,0.647,0.217,0.132,2.01,0.711,0.453,Desktop,United States,100.0,3040.0,50.0,0.8,20.0,40.0,100.0,0.2
2026-02-10,Google Search - Competitors,Google Search,369,7,34.24,0,0.0,semrush forecasting tool alternative,semrush,phrase,0,0.647,0.217,0.132,3.21,0.711,0.453,Tablet,United States,100.0,3040.0,50.0,0.8,20.0,40.0,100.0,0.2
2026-02-10,Google Search - Competitors,Google Search,467,21,45.54,0,0.0,ahrefs traffic forecaster,ahrefs,broad,0,0.647,0.217,0.132,2.4,0.711,0.453,Tablet,Canada,100.0,3040.0,50.0,0.8,20.0,40.0,100.0,0.2
2026-02-10,Google Search - Competitors,Google Search,385,17,25.55,0,0.0,spyfu competitor ads budget planner,competitor template,broad,0,0.647,0.217,0.132,3.56,0.711,0.453,Tablet,Germany,100.0,3040.0,50.0,0.8,20.0,40.0,100.0,0.2
2026-02-10,Meta Ads - Prospecting,Meta,6417,93,209.4,5,386.73,,,,5,0.573,0.084,0.07,2.48,0.63,0.401,Desktop,United Kingdom,200.0,6080.0,35.0,1.8,12.0,80.0,200.0,0.4
2026-02-10,Meta Ads - Retargeting,Meta,3055,47,81.3,3,379.87,,,,3,0.4,0.55,0.05,2.67,0.44,0.28,Tablet,United Kingdom,50.0,1520.0,25.0,3.5,8.0,120.0,400.0,0.6
2026-02-10,YouTube - Brand Awareness,YouTube,600,50,68.83,0,0.0,,,,0,0.855,0.117,0.079,3.05,0.94,0.598,Desktop,Canada,150.0,4560.0,60.0,0.5,25.0,30.0,80.0,0.15
2026-02-10,YouTube - Brand Awareness,YouTube,70,1,23.45,0,0.0,free advertising tutorial youtube,marketing tutorial,broad,0,0.855,0.117,0.079,3.71,0.94,0.598,Tablet,United Kingdom,150.0,4560.0,60.0,0.5,25.0,30.0,80.0,0.15
2026-02-10,YouTube - Brand Awareness,YouTube,53,1,17.15,0,0.0,cheap keyword planner software download,keyword planner,broad,0,0.855,0.117,0.079,2.0,0.94,0.598,Desktop,United States,150.0,4560.0,60.0,0.5,25.0,30.0,80.0,0.15
2026-02-10,YouTube - Brand Awareness,YouTube,54,4,32.17,0,0.0,marketing jobs salary definition,jobs,broad,0,0.855,0.117,0.079,1.24,0.94,0.598,Tablet,Germany,150.0,4560.0,60.0,0.5,25.0,30.0,80.0,0.15
2026-02-10,YouTube - Brand Awareness,YouTube,80,2,12.93,0,0.0,how to reset google ads password,support,broad,0,0.855,0.117,0.079,3.05,0.94,0.598,Desktop,United Kingdom,150.0,4560.0,60.0,0.5,25.0,30.0,80.0,0.15
2026-02-11,Google Search - Brand,Google Search,4380,60,95.34,3,312.41,,,,3,0.7,0.02,0.28,1.2,0.77,0.49,Mobile,United Kingdom,150.0,4560.0,30.0,2.5,10.0,100.0,300.0,0.5
2026-02-11,Google Search - Brand,Google Search,435,14,12.11,0,0.0,forecastiq,forecastiq,exact,0,0.7,0.02,0.28,3.3,0.77,0.49,Tablet,Canada,150.0,4560.0,30.0,2.5,10.0,100.0,300.0,0.5
2026-02-11,Google Search - Brand,Google Search,566,25,30.74,2,211.12,forecastiq pricing,forecastiq,phrase,2,0.7,0.02,0.28,1.31,0.77,0.49,Desktop,United States,150.0,4560.0,30.0,2.5,10.0,100.0,300.0,0.5
2026-02-11,Google Search - Brand,Google Search,410,19,34.64,2,195.39,forecastiq software reviews,forecastiq,broad,2,0.7,0.02,0.28,1.62,0.77,0.49,Mobile,United Kingdom,150.0,4560.0,30.0,2.5,10.0,100.0,300.0,0.5
2026-02-11,Google Search - Brand,Google Search,608,30,48.11,0,0.0,forecastiq login portal,forecastiq,phrase,0,0.7,0.02,0.28,1.66,0.77,0.49,Tablet,United States,150.0,4560.0,30.0,2.5,10.0,100.0,300.0,0.5
2026-02-11,Google Search - NonBrand,Google Search,2988,166,493.53,10,574.43,,,,10,0.828,0.161,0.097,2.82,0.911,0.58,Mobile,United States,300.0,9120.0,40.0,1.5,15.0,60.0,150.0,0.35
2026-02-11,Google Search - NonBrand,Google Search,325,14,18.35,1,64.39,paid ads forecasting tool,forecasting tool,phrase,1,0.828,0.161,0.097,2.91,0.911,0.58,Desktop,United States,300.0,9120.0,40.0,1.5,15.0,60.0,150.0,0.35
2026-02-11,Google Search - NonBrand,Google Search,281,22,29.55,5,274.82,marketing forecasting software,forecasting tool,exact,5,0.828,0.161,0.097,2.12,0.911,0.58,Tablet,United States,300.0,9120.0,40.0,1.5,15.0,60.0,150.0,0.35
2026-02-11,Google Search - NonBrand,Google Search,287,17,22.78,3,173.48,ppc budget optimization planner,budget optimization,broad,3,0.828,0.161,0.097,1.48,0.911,0.58,Mobile,United States,300.0,9120.0,40.0,1.5,15.0,60.0,150.0,0.35
2026-02-11,Google Search - NonBrand,Google Search,343,17,19.16,0,0.0,ads forecasting template excel,forecasting tool,broad,0,0.828,0.161,0.097,1.99,0.911,0.58,Mobile,Germany,300.0,9120.0,40.0,1.5,15.0,60.0,150.0,0.35
2026-02-11,Google Search - Competitors,Google Search,1739,37,50.31,0,0.0,,,,0,0.601,0.218,0.159,2.62,0.661,0.421,Tablet,Canada,100.0,3040.0,50.0,0.8,20.0,40.0,100.0,0.2
2026-02-11,Google Search - Competitors,Google Search,180,8,32.6,0,0.0,semrush forecasting tool alternative,semrush,phrase,0,0.601,0.218,0.159,2.21,0.661,0.421,Desktop,United Kingdom,100.0,3040.0,50.0,0.8,20.0,40.0,100.0,0.2
2026-02-11,Google Search - Competitors,Google Search,212,16,47.7,0,0.0,ahrefs traffic forecaster,ahrefs,broad,0,0.601,0.218,0.159,2.78,0.661,0.421,Desktop,United Kingdom,100.0,3040.0,50.0,0.8,20.0,40.0,100.0,0.2
2026-02-11,Google Search - Competitors,Google Search,209,13,27.21,0,0.0,spyfu competitor ads budget planner,competitor template,broad,0,0.601,0.218,0.159,2.64,0.661,0.421,Tablet,Germany,100.0,3040.0,50.0,0.8,20.0,40.0,100.0,0.2
2026-02-11,Meta Ads - Prospecting,Meta,4950,99,127.41,3,247.22,,,,3,0.699,0.214,0.142,2.77,0.769,0.489,Mobile,Canada,200.0,6080.0,35.0,1.8,12.0,80.0,200.0,0.4
2026-02-11,Meta Ads - Retargeting,Meta,2442,33,61.99,2,254.74,,,,2,0.4,0.55,0.05,2.63,0.44,0.28,Mobile,United States,50.0,1520.0,25.0,3.5,8.0,120.0,400.0,0.6
2026-02-11,YouTube - Brand Awareness,YouTube,5808,132,333.52,0,0.0,,,,0,0.588,0.18,0.086,1.81,0.647,0.412,Mobile,United Kingdom,150.0,4560.0,60.0,0.5,25.0,30.0,80.0,0.15
2026-02-11,YouTube - Brand Awareness,YouTube,776,47,23.07,0,0.0,free advertising tutorial youtube,marketing tutorial,broad,0,0.588,0.18,0.086,3.55,0.647,0.412,Desktop,Canada,150.0,4560.0,60.0,0.5,25.0,30.0,80.0,0.15
2026-02-11,YouTube - Brand Awareness,YouTube,641,21,15.73,0,0.0,cheap keyword planner software download,keyword planner,broad,0,0.588,0.18,0.086,1.67,0.647,0.412,Mobile,United States,150.0,4560.0,60.0,0.5,25.0,30.0,80.0,0.15
2026-02-11,YouTube - Brand Awareness,YouTube,726,15,28.98,0,0.0,marketing jobs salary definition,jobs,broad,0,0.588,0.18,0.086,3.24,0.647,0.412,Desktop,United States,150.0,4560.0,60.0,0.5,25.0,30.0,80.0,0.15
2026-02-11,YouTube - Brand Awareness,YouTube,483,37,12.89,0,0.0,how to reset google ads password,support,broad,0,0.588,0.18,0.086,1.95,0.647,0.412,Desktop,United States,150.0,4560.0,60.0,0.5,25.0,30.0,80.0,0.15
2026-02-12,Google Search - Brand,Google Search,5229,83,180.94,6,657.68,,,,6,0.7,0.02,0.28,3.11,0.77,0.49,Tablet,United Kingdom,150.0,4560.0,30.0,2.5,10.0,100.0,300.0,0.5
2026-02-12,Google Search - Brand,Google Search,505,30,44.02,1,96.11,forecastiq,forecastiq,exact,1,0.7,0.02,0.28,3.69,0.77,0.49,Desktop,United States,150.0,4560.0,30.0,2.5,10.0,100.0,300.0,0.5
2026-02-12,Google Search - Brand,Google Search,771,22,21.64,1,109.73,forecastiq pricing,forecastiq,phrase,1,0.7,0.02,0.28,2.19,0.77,0.49,Mobile,United Kingdom,150.0,4560.0,30.0,2.5,10.0,100.0,300.0,0.5
2026-02-12,Google Search - Brand,Google Search,688,54,58.57,8,812.15,forecastiq software reviews,forecastiq,broad,9,0.7,0.02,0.28,2.86,0.77,0.49,Tablet,Germany,150.0,4560.0,30.0,2.5,10.0,100.0,300.0,0.5
2026-02-12,Google Search - Brand,Google Search,766,36,45.47,0,0.0,forecastiq login portal,forecastiq,phrase,0,0.7,0.02,0.28,1.23,0.77,0.49,Desktop,Canada,150.0,4560.0,30.0,2.5,10.0,100.0,300.0,0.5
2026-02-12,Google Search - NonBrand,Google Search,11200,160,208.47,6,370.28,,,,7,0.677,0.054,0.113,1.36,0.745,0.474,Tablet,Germany,300.0,9120.0,40.0,1.5,15.0,60.0,150.0,0.35
2026-02-12,Google Search - NonBrand,Google Search,1636,35,69.47,6,375.21,paid ads forecasting tool,forecasting tool,phrase,6,0.677,0.054,0.113,1.47,0.745,0.474,Desktop,United States,300.0,9120.0,40.0,1.5,15.0,60.0,150.0,0.35
2026-02-12,Google Search - NonBrand,Google Search,1057,68,100.25,12,661.14,marketing forecasting software,forecasting tool,exact,12,0.677,0.054,0.113,3.65,0.745,0.474,Desktop,United Kingdom,300.0,9120.0,40.0,1.5,15.0,60.0,150.0,0.35
2026-02-12,Google Search - NonBrand,Google Search,1282,73,66.21,17,960.62,ppc budget optimization planner,budget optimization,broad,20,0.677,0.054,0.113,3.1,0.745,0.474,Desktop,Canada,300.0,9120.0,40.0,1.5,15.0,60.0,150.0,0.35
2026-02-12,Google Search - NonBrand,Google Search,1610,97,17.63,0,0.0,ads forecasting template excel,forecasting tool,broad,0,0.677,0.054,0.113,1.86,0.745,0.474,Mobile,Germany,300.0,9120.0,40.0,1.5,15.0,60.0,150.0,0.35
2026-02-12,Google Search - Competitors,Google Search,4260,60,117.23,2,74.16,,,,2,0.79,0.218,0.16,1.77,0.869,0.553,Desktop,Canada,100.0,3040.0,50.0,0.8,20.0,40.0,100.0,0.2
2026-02-12,Google Search - Competitors,Google Search,569,27,32.92,0,0.0,semrush forecasting tool alternative,semrush,phrase,0,0.79,0.218,0.16,1.82,0.869,0.553,Mobile,United States,100.0,3040.0,50.0,0.8,20.0,40.0,100.0,0.2
2026-02-12,Google Search - Competitors,Google Search,608,41,46.0,0,0.0,ahrefs traffic forecaster,ahrefs,broad,0,0.79,0.218,0.16,1.71,0.869,0.553,Mobile,Canada,100.0,3040.0,50.0,0.8,20.0,40.0,100.0,0.2
2026-02-12,Google Search - Competitors,Google Search,521,37,22.91,0,0.0,spyfu competitor ads budget planner,competitor template,broad,0,0.79,0.218,0.16,3.27,0.869,0.553,Desktop,United States,100.0,3040.0,50.0,0.8,20.0,40.0,100.0,0.2
2026-02-12,Meta Ads - Prospecting,Meta,14080,176,299.3,10,830.76,,,,11,0.84,0.164,0.156,1.75,0.924,0.588,Tablet,Germany,200.0,6080.0,35.0,1.8,12.0,80.0,200.0,0.4
2026-02-12,Meta Ads - Retargeting,Meta,2652,34,35.3,1,112.43,,,,1,0.4,0.55,0.05,2.92,0.44,0.28,Desktop,Canada,50.0,1520.0,25.0,3.5,8.0,120.0,400.0,0.6
2026-02-12,YouTube - Brand Awareness,YouTube,1140,60,157.67,0,0.0,,,,0,0.863,0.179,0.182,1.13,0.949,0.604,Desktop,Germany,150.0,4560.0,60.0,0.5,25.0,30.0,80.0,0.15
2026-02-12,YouTube - Brand Awareness,YouTube,104,2,23.05,0,0.0,free advertising tutorial youtube,marketing tutorial,broad,0,0.863,0.179,0.182,1.49,0.949,0.604,Desktop,United States,150.0,4560.0,60.0,0.5,25.0,30.0,80.0,0.15
2026-02-12,YouTube - Brand Awareness,YouTube,135,6,15.81,0,0.0,cheap keyword planner software download,keyword planner,broad,0,0.863,0.179,0.182,2.21,0.949,0.604,Tablet,United Kingdom,150.0,4560.0,60.0,0.5,25.0,30.0,80.0,0.15
2026-02-12,YouTube - Brand Awareness,YouTube,170,12,28.45,0,0.0,marketing jobs salary definition,jobs,broad,0,0.863,0.179,0.182,1.57,0.949,0.604,Desktop,Canada,150.0,4560.0,60.0,0.5,25.0,30.0,80.0,0.15
2026-02-12,YouTube - Brand Awareness,YouTube,120,4,12.87,0,0.0,how to reset google ads password,support,broad,0,0.863,0.179,0.182,1.3,0.949,0.604,Tablet,Germany,150.0,4560.0,60.0,0.5,25.0,30.0,80.0,0.15
2026-02-13,Google Search - Brand,Google Search,1476,82,217.67,6,601.64,,,,6,0.7,0.02,0.28,1.15,0.77,0.49,Desktop,Canada,150.0,4560.0,30.0,2.5,10.0,100.0,300.0,0.5
2026-02-13,Google Search - Brand,Google Search,217,5,8.15,0,0.0,forecastiq,forecastiq,exact,0,0.7,0.02,0.28,1.73,0.77,0.49,Tablet,United States,150.0,4560.0,30.0,2.5,10.0,100.0,300.0,0.5
2026-02-13,Google Search - Brand,Google Search,174,8,7.31,0,0.0,forecastiq pricing,forecastiq,phrase,0,0.7,0.02,0.28,2.58,0.77,0.49,Tablet,Germany,150.0,4560.0,30.0,2.5,10.0,100.0,300.0,0.5
2026-02-13,Google Search - Brand,Google Search,124,5,6.5,0,0.0,forecastiq software reviews,forecastiq,broad,0,0.7,0.02,0.28,3.41,0.77,0.49,Tablet,United Kingdom,150.0,4560.0,30.0,2.5,10.0,100.0,300.0,0.5
2026-02-13,Google Search - Brand,Google Search,179,7,5.97,0,0.0,forecastiq login portal,forecastiq,phrase,0,0.7,0.02,0.28,1.94,0.77,0.49,Tablet,Canada,150.0,4560.0,30.0,2.5,10.0,100.0,300.0,0.5
2026-02-13,Google Search - NonBrand,Google Search,2256,188,218.86,5,327.99,,,,6,0.839,0.226,0.168,2.6,0.923,0.587,Tablet,United States,300.0,9120.0,40.0,1.5,15.0,60.0,150.0,0.35
2026-02-13,Google Search - NonBrand,Google Search,331,7,10.02,1,59.7,paid ads forecasting tool,forecasting tool,phrase,1,0.839,0.226,0.168,3.79,0.923,0.587,Tablet,Canada,300.0,9120.0,40.0,1.5,15.0,60.0,150.0,0.35
2026-02-13,Google Search - NonBrand,Google Search,246,12,13.61,2,122.24,marketing forecasting software,forecasting tool,exact,2,0.839,0.226,0.168,1.94,0.923,0.587,Desktop,Germany,300.0,9120.0,40.0,1.5,15.0,60.0,150.0,0.35
2026-02-13,Google Search - NonBrand,Google Search,281,14,18.88,3,177.34,ppc budget optimization planner,budget optimization,broad,3,0.839,0.226,0.168,1.77,0.923,0.587,Mobile,Germany,300.0,9120.0,40.0,1.5,15.0,60.0,150.0,0.35
2026-02-13,Google Search - NonBrand,Google Search,312,17,17.55,0,0.0,ads forecasting template excel,forecasting tool,broad,0,0.839,0.226,0.168,2.36,0.923,0.587,Tablet,Canada,300.0,9120.0,40.0,1.5,15.0,60.0,150.0,0.35
2026-02-13,Google Search - Competitors,Google Search,3212,44,122.9,2,85.69,,,,2,0.708,0.097,0.06,2.78,0.779,0.496,Desktop,Germany,100.0,3040.0,50.0,0.8,20.0,40.0,100.0,0.2
2026-02-13,Google Search - Competitors,Google Search,287,18,37.01,0,0.0,semrush forecasting tool alternative,semrush,phrase,0,0.708,0.097,0.06,1.89,0.779,0.496,Tablet,Canada,100.0,3040.0,50.0,0.8,20.0,40.0,100.0,0.2
2026-02-13,Google Search - Competitors,Google Search,367,21,40.76,0,0.0,ahrefs traffic forecaster,ahrefs,broad,0,0.708,0.097,0.06,3.24,0.779,0.496,Tablet,Canada,100.0,3040.0,50.0,0.8,20.0,40.0,100.0,0.2
2026-02-13,Google Search - Competitors,Google Search,365,18,24.26,0,0.0,spyfu competitor ads budget planner,competitor template,broad,0,0.708,0.097,0.06,2.29,0.779,0.496,Tablet,United States,100.0,3040.0,50.0,0.8,20.0,40.0,100.0,0.2
2026-02-13,Meta Ads - Prospecting,Meta,12168,169,360.66,9,786.93,,,,9,0.587,0.202,0.102,1.56,0.645,0.411,Desktop,Germany,200.0,6080.0,35.0,1.8,12.0,80.0,200.0,0.4
2026-02-13,Meta Ads - Retargeting,Meta,4000,50,145.17,5,582.49,,,,5,0.4,0.55,0.05,2.67,0.44,0.28,Mobile,Germany,50.0,1520.0,25.0,3.5,8.0,120.0,400.0,0.6
2026-02-13,YouTube - Brand Awareness,YouTube,5467,71,180.96,0,0.0,,,,0,0.864,0.12,0.16,2.06,0.95,0.605,Tablet,Canada,150.0,4560.0,60.0,0.5,25.0,30.0,80.0,0.15
2026-02-13,YouTube - Brand Awareness,YouTube,566,24,22.82,0,0.0,free advertising tutorial youtube,marketing tutorial,broad,0,0.864,0.12,0.16,1.32,0.95,0.605,Mobile,United Kingdom,150.0,4560.0,60.0,0.5,25.0,30.0,80.0,0.15
2026-02-13,YouTube - Brand Awareness,YouTube,654,22,16.18,0,0.0,cheap keyword planner software download,keyword planner,broad,0,0.864,0.12,0.16,3.03,0.95,0.605,Mobile,Germany,150.0,4560.0,60.0,0.5,25.0,30.0,80.0,0.15
2026-02-13,YouTube - Brand Awareness,YouTube,723,47,28.78,0,0.0,marketing jobs salary definition,jobs,broad,0,0.864,0.12,0.16,1.76,0.95,0.605,Desktop,United Kingdom,150.0,4560.0,60.0,0.5,25.0,30.0,80.0,0.15
2026-02-13,YouTube - Brand Awareness,YouTube,464,33,11.75,0,0.0,how to reset google ads password,support,broad,0,0.864,0.12,0.16,1.99,0.95,0.605,Mobile,United Kingdom,150.0,4560.0,60.0,0.5,25.0,30.0,80.0,0.15
2026-02-14,Google Search - Brand,Google Search,6232,82,109.42,4,383.67,,,,4,0.7,0.02,0.28,2.9,0.77,0.49,Tablet,United Kingdom,150.0,4560.0,30.0,2.5,10.0,100.0,300.0,0.5
2026-02-14,Google Search - Brand,Google Search,763,43,36.63,2,217.43,forecastiq,forecastiq,exact,2,0.7,0.02,0.28,2.35,0.77,0.49,Mobile,Canada,150.0,4560.0,30.0,2.5,10.0,100.0,300.0,0.5
2026-02-14,Google Search - Brand,Google Search,850,24,22.68,1,100.0,forecastiq pricing,forecastiq,phrase,1,0.7,0.02,0.28,1.76,0.77,0.49,Mobile,United States,150.0,4560.0,30.0,2.5,10.0,100.0,300.0,0.5
2026-02-14,Google Search - Brand,Google Search,704,15,25.67,1,92.6,forecastiq software reviews,forecastiq,broad,1,0.7,0.02,0.28,1.79,0.77,0.49,Desktop,United Kingdom,150.0,4560.0,30.0,2.5,10.0,100.0,300.0,0.5
2026-02-14,Google Search - Brand,Google Search,716,39,43.29,0,0.0,forecastiq login portal,forecastiq,phrase,0,0.7,0.02,0.28,1.5,0.77,0.49,Desktop,Germany,150.0,4560.0,30.0,2.5,10.0,100.0,300.0,0.5
2026-02-14,Google Search - NonBrand,Google Search,6566,134,311.57,8,450.92,,,,9,0.775,0.217,0.2,1.78,0.852,0.542,Mobile,United States,300.0,9120.0,40.0,1.5,15.0,60.0,150.0,0.35
2026-02-14,Google Search - NonBrand,Google Search,768,19,31.93,2,114.84,paid ads forecasting tool,forecasting tool,phrase,2,0.775,0.217,0.2,3.36,0.852,0.542,Tablet,Germany,300.0,9120.0,40.0,1.5,15.0,60.0,150.0,0.35
2026-02-14,Google Search - NonBrand,Google Search,884,35,32.29,8,479.96,marketing forecasting software,forecasting tool,exact,9,0.775,0.217,0.2,3.49,0.852,0.542,Tablet,United States,300.0,9120.0,40.0,1.5,15.0,60.0,150.0,0.35
2026-02-14,Google Search - NonBrand,Google Search,620,28,31.51,8,433.47,ppc budget optimization planner,budget optimization,broad,8,0.775,0.217,0.2,1.29,0.852,0.542,Mobile,United States,300.0,9120.0,40.0,1.5,15.0,60.0,150.0,0.35
2026-02-14,Google Search - NonBrand,Google Search,696,17,17.36,0,0.0,ads forecasting template excel,forecasting tool,broad,0,0.775,0.217,0.2,2.59,0.852,0.542,Tablet,United Kingdom,300.0,9120.0,40.0,1.5,15.0,60.0,150.0,0.35
2026-02-14,Google Search - Competitors,Google Search,1173,23,36.78,0,0.0,,,,0,0.658,0.227,0.188,1.95,0.724,0.461,Desktop,United States,100.0,3040.0,50.0,0.8,20.0,40.0,100.0,0.2
2026-02-14,Google Search - Competitors,Google Search,112,2,33.13,0,0.0,semrush forecasting tool alternative,semrush,phrase,0,0.658,0.227,0.188,1.31,0.724,0.461,Desktop,Germany,100.0,3040.0,50.0,0.8,20.0,40.0,100.0,0.2
2026-02-14,Google Search - Competitors,Google Search,114,7,41.96,0,0.0,ahrefs traffic forecaster,ahrefs,broad,0,0.658,0.227,0.188,3.29,0.724,0.461,Desktop,United Kingdom,100.0,3040.0,50.0,0.8,20.0,40.0,100.0,0.2
2026-02-14,Google Search - Competitors,Google Search,146,11,25.31,0,0.0,spyfu competitor ads budget planner,competitor template,broad,0,0.658,0.227,0.188,1.98,0.724,0.461,Desktop,United Kingdom,100.0,3040.0,50.0,0.8,20.0,40.0,100.0,0.2
2026-02-14,Meta Ads - Prospecting,Meta,3050,122,127.59,3,235.24,,,,3,0.806,0.247,0.056,2.05,0.886,0.564,Desktop,Germany,200.0,6080.0,35.0,1.8,12.0,80.0,200.0,0.4
2026-02-14,Meta Ads - Retargeting,Meta,595,17,45.11,1,123.7,,,,1,0.4,0.55,0.05,1.41,0.44,0.28,Desktop,Canada,50.0,1520.0,25.0,3.5,8.0,120.0,400.0,0.6
2026-02-14,YouTube - Brand Awareness,YouTube,1344,42,59.37,0,0.0,,,,0,0.686,0.121,0.191,1.52,0.755,0.48,Mobile,United Kingdom,150.0,4560.0,60.0,0.5,25.0,30.0,80.0,0.15
2026-02-14,YouTube - Brand Awareness,YouTube,186,14,23.19,0,0.0,free advertising tutorial youtube,marketing tutorial,broad,0,0.686,0.121,0.191,1.97,0.755,0.48,Tablet,Germany,150.0,4560.0,60.0,0.5,25.0,30.0,80.0,0.15
2026-02-14,YouTube - Brand Awareness,YouTube,129,7,15.44,0,0.0,cheap keyword planner software download,keyword planner,broad,0,0.686,0.121,0.191,2.6,0.755,0.48,Tablet,Canada,150.0,4560.0,60.0,0.5,25.0,30.0,80.0,0.15
2026-02-14,YouTube - Brand Awareness,YouTube,181,7,31.82,0,0.0,marketing jobs salary definition,jobs,broad,0,0.686,0.121,0.191,2.0,0.755,0.48,Desktop,United States,150.0,4560.0,60.0,0.5,25.0,30.0,80.0,0.15
2026-02-14,YouTube - Brand Awareness,YouTube,142,4,11.77,0,0.0,how to reset google ads password,support,broad,0,0.686,0.121,0.191,1.25,0.755,0.48,Mobile,United Kingdom,150.0,4560.0,60.0,0.5,25.0,30.0,80.0,0.15
2026-02-15,Google Search - Brand,Google Search,2736,38,51.03,1,104.5,,,,1,0.7,0.02,0.28,1.37,0.77,0.49,Desktop,Germany,150.0,4560.0,30.0,2.5,10.0,100.0,300.0,0.5
2026-02-15,Google Search - Brand,Google Search,293,11,14.2,0,0.0,forecastiq,forecastiq,exact,0,0.7,0.02,0.28,2.18,0.77,0.49,Desktop,United Kingdom,150.0,4560.0,30.0,2.5,10.0,100.0,300.0,0.5
2026-02-15,Google Search - Brand,Google Search,290,10,10.94,0,0.0,forecastiq pricing,forecastiq,phrase,0,0.7,0.02,0.28,2.27,0.77,0.49,Desktop,United States,150.0,4560.0,30.0,2.5,10.0,100.0,300.0,0.5
2026-02-15,Google Search - Brand,Google Search,238,18,21.0,2,216.2,forecastiq software reviews,forecastiq,broad,2,0.7,0.02,0.28,2.56,0.77,0.49,Mobile,Canada,150.0,4560.0,30.0,2.5,10.0,100.0,300.0,0.5
2026-02-15,Google Search - Brand,Google Search,287,12,11.01,0,0.0,forecastiq login portal,forecastiq,phrase,0,0.7,0.02,0.28,3.18,0.77,0.49,Tablet,Canada,150.0,4560.0,30.0,2.5,10.0,100.0,300.0,0.5
2026-02-15,Google Search - NonBrand,Google Search,2717,143,327.53,7,439.24,,,,9,0.711,0.243,0.181,1.72,0.782,0.498,Desktop,Canada,300.0,9120.0,40.0,1.5,15.0,60.0,150.0,0.35
2026-02-15,Google Search - NonBrand,Google Search,359,23,41.42,3,183.57,paid ads forecasting tool,forecasting tool,phrase,3,0.711,0.243,0.181,1.28,0.782,0.498,Mobile,United Kingdom,300.0,9120.0,40.0,1.5,15.0,60.0,150.0,0.35
2026-02-15,Google Search - NonBrand,Google Search,226,7,9.32,1,63.69,marketing forecasting software,forecasting tool,exact,1,0.711,0.243,0.181,1.41,0.782,0.498,Desktop,Canada,300.0,9120.0,40.0,1.5,15.0,60.0,150.0,0.35
2026-02-15,Google Search - NonBrand,Google Search,229,18,20.43,3,174.29,ppc budget optimization planner,budget optimization,broad,3,0.711,0.243,0.181,1.78,0.782,0.498,Desktop,United Kingdom,300.0,9120.0,40.0,1.5,15.0,60.0,150.0,0.35
2026-02-15,Google Search - NonBrand,Google Search,265,11,19.17,0,0.0,ads forecasting template excel,forecasting tool,broad,0,0.711,0.243,0.181,2.76,0.782,0.498,Mobile,United Kingdom,300.0,9120.0,40.0,1.5,15.0,60.0,150.0,0.35
2026-02-15,Google Search - Competitors,Google Search,960,30,75.55,1,37.42,,,,1,0.626,0.099,0.152,1.96,0.688,0.438,Tablet,Germany,100.0,3040.0,50.0,0.8,20.0,40.0,100.0,0.2
2026-02-15,Google Search - Competitors,Google Search,99,3,35.04,0,0.0,semrush forecasting tool alternative,semrush,phrase,0,0.626,0.099,0.152,3.64,0.688,0.438,Desktop,Canada,100.0,3040.0,50.0,0.8,20.0,40.0,100.0,0.2
2026-02-15,Google Search - Competitors,Google Search,99,2,48.66,0,0.0,ahrefs traffic forecaster,ahrefs,broad,0,0.626,0.099,0.152,2.49,0.688,0.438,Mobile,United Kingdom,100.0,3040.0,50.0,0.8,20.0,40.0,100.0,0.2
2026-02-15,Google Search - Competitors,Google Search,123,9,24.64,0,0.0,spyfu competitor ads budget planner,competitor template,broad,0,0.626,0.099,0.152,2.34,0.688,0.438,Tablet,United Kingdom,100.0,3040.0,50.0,0.8,20.0,40.0,100.0,0.2
2026-02-15,Meta Ads - Prospecting,Meta,5840,73,177.47,5,394.45,,,,5,0.813,0.13,0.199,2.12,0.895,0.569,Tablet,Canada,200.0,6080.0,35.0,1.8,12.0,80.0,200.0,0.4
2026-02-15,Meta Ads - Retargeting,Meta,540,15,33.01,1,118.83,,,,1,0.4,0.55,0.05,3.08,0.44,0.28,Mobile,United States,50.0,1520.0,25.0,3.5,8.0,120.0,400.0,0.6
2026-02-15,YouTube - Brand Awareness,YouTube,1500,50,125.9,0,0.0,,,,0,0.791,0.247,0.091,1.44,0.87,0.554,Tablet,Canada,150.0,4560.0,60.0,0.5,25.0,30.0,80.0,0.15
2026-02-15,YouTube - Brand Awareness,YouTube,201,9,20.46,0,0.0,free advertising tutorial youtube,marketing tutorial,broad,0,0.791,0.247,0.091,2.19,0.87,0.554,Desktop,United Kingdom,150.0,4560.0,60.0,0.5,25.0,30.0,80.0,0.15
2026-02-15,YouTube - Brand Awareness,YouTube,155,10,16.23,0,0.0,cheap keyword planner software download,keyword planner,broad,0,0.791,0.247,0.091,2.55,0.87,0.554,Tablet,Canada,150.0,4560.0,60.0,0.5,25.0,30.0,80.0,0.15
2026-02-15,YouTube - Brand Awareness,YouTube,206,10,28.13,0,0.0,marketing jobs salary definition,jobs,broad,0,0.791,0.247,0.091,2.62,0.87,0.554,Mobile,United Kingdom,150.0,4560.0,60.0,0.5,25.0,30.0,80.0,0.15
2026-02-15,YouTube - Brand Awareness,YouTube,149,9,12.51,0,0.0,how to reset google ads password,support,broad,0,0.791,0.247,0.091,3.37,0.87,0.554,Mobile,United States,150.0,4560.0,60.0,0.5,25.0,30.0,80.0,0.15
2026-02-16,Google Search - Brand,Google Search,2860,52,67.89,2,209.27,,,,2,0.7,0.02,0.28,1.29,0.77,0.49,Tablet,Germany,150.0,4560.0,30.0,2.5,10.0,100.0,300.0,0.5
2026-02-16,Google Search - Brand,Google Search,419,22,32.02,1,108.75,forecastiq,forecastiq,exact,1,0.7,0.02,0.28,2.09,0.77,0.49,Desktop,United Kingdom,150.0,4560.0,30.0,2.5,10.0,100.0,300.0,0.5
2026-02-16,Google Search - Brand,Google Search,331,14,18.35,1,102.11,forecastiq pricing,forecastiq,phrase,1,0.7,0.02,0.28,1.32,0.77,0.49,Tablet,United Kingdom,150.0,4560.0,30.0,2.5,10.0,100.0,300.0,0.5
2026-02-16,Google Search - Brand,Google Search,301,11,13.08,1,95.92,forecastiq software reviews,forecastiq,broad,1,0.7,0.02,0.28,3.47,0.77,0.49,Tablet,United States,150.0,4560.0,30.0,2.5,10.0,100.0,300.0,0.5
2026-02-16,Google Search - Brand,Google Search,347,19,15.22,0,0.0,forecastiq login portal,forecastiq,phrase,0,0.7,0.02,0.28,1.59,0.77,0.49,Desktop,Canada,150.0,4560.0,30.0,2.5,10.0,100.0,300.0,0.5
2026-02-16,Google Search - NonBrand,Google Search,7540,130,181.7,5,325.26,,,,5,0.81,0.103,0.091,1.17,0.891,0.567,Tablet,Canada,300.0,9120.0,40.0,1.5,15.0,60.0,150.0,0.35
2026-02-16,Google Search - NonBrand,Google Search,1005,33,63.09,4,230.34,paid ads forecasting tool,forecasting tool,phrase,4,0.81,0.103,0.091,2.72,0.891,0.567,Mobile,United States,300.0,9120.0,40.0,1.5,15.0,60.0,150.0,0.35
2026-02-16,Google Search - NonBrand,Google Search,897,28,49.74,4,246.75,marketing forecasting software,forecasting tool,exact,4,0.81,0.103,0.091,3.62,0.891,0.567,Tablet,United States,300.0,9120.0,40.0,1.5,15.0,60.0,150.0,0.35
2026-02-16,Google Search - NonBrand,Google Search,785,44,83.99,12,657.82,ppc budget optimization planner,budget optimization,broad,13,0.81,0.103,0.091,2.07,0.891,0.567,Tablet,United States,300.0,9120.0,40.0,1.5,15.0,60.0,150.0,0.35
2026-02-16,Google Search - NonBrand,Google Search,631,17,17.88,0,0.0,ads forecasting template excel,forecasting tool,broad,0,0.81,0.103,0.091,3.68,0.891,0.567,Mobile,United Kingdom,300.0,9120.0,40.0,1.5,15.0,60.0,150.0,0.35
2026-02-16,Google Search - Competitors,Google Search,3717,59,122.99,2,75.13,,,,2,0.708,0.077,0.065,3.0,0.778,0.495,Tablet,Germany,100.0,3040.0,50.0,0.8,20.0,40.0,100.0,0.2
2026-02-16,Google Search - Competitors,Google Search,464,16,33.53,0,0.0,semrush forecasting tool alternative,semrush,phrase,0,0.708,0.077,0.065,3.34,0.778,0.495,Mobile,Canada,100.0,3040.0,50.0,0.8,20.0,40.0,100.0,0.2
2026-02-16,Google Search - Competitors,Google Search,540,33,46.94,0,0.0,ahrefs traffic forecaster,ahrefs,broad,0,0.708,0.077,0.065,2.28,0.778,0.495,Desktop,Germany,100.0,3040.0,50.0,0.8,20.0,40.0,100.0,0.2
2026-02-16,Google Search - Competitors,Google Search,500,15,23.56,0,0.0,spyfu competitor ads budget planner,competitor template,broad,0,0.708,0.077,0.065,3.57,0.778,0.495,Desktop,United Kingdom,100.0,3040.0,50.0,0.8,20.0,40.0,100.0,0.2
2026-02-16,Meta Ads - Prospecting,Meta,4964,73,217.22,7,563.61,,,,8,0.864,0.084,0.06,3.05,0.95,0.605,Tablet,Germany,200.0,6080.0,35.0,1.8,12.0,80.0,200.0,0.4
2026-02-16,Meta Ads - Retargeting,Meta,780,39,63.68,2,259.18,,,,2,0.4,0.55,0.05,1.98,0.44,0.28,Desktop,Canada,50.0,1520.0,25.0,3.5,8.0,120.0,400.0,0.6
2026-02-16,YouTube - Brand Awareness,YouTube,4731,83,219.02,0,0.0,,,,0,0.787,0.056,0.169,1.13,0.865,0.551,Desktop,United Kingdom,150.0,4560.0,60.0,0.5,25.0,30.0,80.0,0.15
2026-02-16,YouTube - Brand Awareness,YouTube,495,19,23.33,0,0.0,free advertising tutorial youtube,marketing tutorial,broad,0,0.787,0.056,0.169,3.28,0.865,0.551,Tablet,United Kingdom,150.0,4560.0,60.0,0.5,25.0,30.0,80.0,0.15
2026-02-16,YouTube - Brand Awareness,YouTube,455,35,16.61,0,0.0,cheap keyword planner software download,keyword planner,broad,0,0.787,0.056,0.169,3.22,0.865,0.551,Desktop,United States,150.0,4560.0,60.0,0.5,25.0,30.0,80.0,0.15
2026-02-16,YouTube - Brand Awareness,YouTube,672,51,30.06,0,0.0,marketing jobs salary definition,jobs,broad,0,0.787,0.056,0.169,3.62,0.865,0.551,Tablet,United Kingdom,150.0,4560.0,60.0,0.5,25.0,30.0,80.0,0.15
2026-02-16,YouTube - Brand Awareness,YouTube,387,15,11.39,0,0.0,how to reset google ads password,support,broad,0,0.787,0.056,0.169,2.82,0.865,0.551,Desktop,Germany,150.0,4560.0,60.0,0.5,25.0,30.0,80.0,0.15
2026-02-17,Google Search - Brand,Google Search,936,52,97.2,3,292.43,,,,3,0.7,0.02,0.28,1.41,0.77,0.49,Desktop,Germany,150.0,4560.0,30.0,2.5,10.0,100.0,300.0,0.5
2026-02-17,Google Search - Brand,Google Search,74,3,3.8,0,0.0,forecastiq,forecastiq,exact,0,0.7,0.02,0.28,1.59,0.77,0.49,Desktop,United Kingdom,150.0,4560.0,30.0,2.5,10.0,100.0,300.0,0.5
2026-02-17,Google Search - Brand,Google Search,75,4,7.77,0,0.0,forecastiq pricing,forecastiq,phrase,0,0.7,0.02,0.28,3.34,0.77,0.49,Tablet,United States,150.0,4560.0,30.0,2.5,10.0,100.0,300.0,0.5
2026-02-17,Google Search - Brand,Google Search,91,6,9.28,0,0.0,forecastiq software reviews,forecastiq,broad,0,0.7,0.02,0.28,1.6,0.77,0.49,Mobile,Canada,150.0,4560.0,30.0,2.5,10.0,100.0,300.0,0.5
2026-02-17,Google Search - Brand,Google Search,129,3,5.02,0,0.0,forecastiq login portal,forecastiq,phrase,0,0.7,0.02,0.28,1.25,0.77,0.49,Desktop,Canada,150.0,4560.0,30.0,2.5,10.0,100.0,300.0,0.5
2026-02-17,Google Search - NonBrand,Google Search,2329,137,366.69,10,595.62,,,,10,0.656,0.073,0.127,1.34,0.721,0.459,Tablet,Canada,300.0,9120.0,40.0,1.5,15.0,60.0,150.0,0.35
2026-02-17,Google Search - NonBrand,Google Search,218,17,18.78,2,110.29,paid ads forecasting tool,forecasting tool,phrase,2,0.656,0.073,0.127,3.26,0.721,0.459,Mobile,Canada,300.0,9120.0,40.0,1.5,15.0,60.0,150.0,0.35
2026-02-17,Google Search - NonBrand,Google Search,329,26,23.86,4,226.35,marketing forecasting software,forecasting tool,exact,4,0.656,0.073,0.127,2.92,0.721,0.459,Desktop,United States,300.0,9120.0,40.0,1.5,15.0,60.0,150.0,0.35
2026-02-17,Google Search - NonBrand,Google Search,284,16,25.51,4,258.39,ppc budget optimization planner,budget optimization,broad,4,0.656,0.073,0.127,1.47,0.721,0.459,Tablet,Canada,300.0,9120.0,40.0,1.5,15.0,60.0,150.0,0.35
2026-02-17,Google Search - NonBrand,Google Search,227,13,17.06,0,0.0,ads forecasting template excel,forecasting tool,broad,0,0.656,0.073,0.127,2.36,0.721,0.459,Mobile,United Kingdom,300.0,9120.0,40.0,1.5,15.0,60.0,150.0,0.35
2026-02-17,Google Search - Competitors,Google Search,2408,43,97.86,1,37.74,,,,1,0.559,0.205,0.085,1.9,0.615,0.392,Mobile,United States,100.0,3040.0,50.0,0.8,20.0,40.0,100.0,0.2
2026-02-17,Google Search - Competitors,Google Search,318,12,35.31,0,0.0,semrush forecasting tool alternative,semrush,phrase,0,0.559,0.205,0.085,1.98,0.615,0.392,Desktop,United States,100.0,3040.0,50.0,0.8,20.0,40.0,100.0,0.2
2026-02-17,Google Search - Competitors,Google Search,314,21,47.5,0,0.0,ahrefs traffic forecaster,ahrefs,broad,0,0.559,0.205,0.085,1.48,0.615,0.392,Tablet,United States,100.0,3040.0,50.0,0.8,20.0,40.0,100.0,0.2
2026-02-17,Google Search - Competitors,Google Search,350,17,25.83,0,0.0,spyfu competitor ads budget planner,competitor template,broad,0,0.559,0.205,0.085,1.66,0.615,0.392,Tablet,United States,100.0,3040.0,50.0,0.8,20.0,40.0,100.0,0.2
2026-02-17,Meta Ads - Prospecting,Meta,2460,123,265.24,6,438.55,,,,7,0.602,0.182,0.19,2.0,0.662,0.421,Mobile,United States,200.0,6080.0,35.0,1.8,12.0,80.0,200.0,0.4
2026-02-17,Meta Ads - Retargeting,Meta,882,18,27.96,1,111.4,,,,1,0.4,0.55,0.05,1.56,0.44,0.28,Mobile,United States,50.0,1520.0,25.0,3.5,8.0,120.0,400.0,0.6
2026-02-17,YouTube - Brand Awareness,YouTube,1040,52,86.73,0,0.0,,,,0,0.624,0.072,0.14,2.35,0.686,0.437,Tablet,Germany,150.0,4560.0,60.0,0.5,25.0,30.0,80.0,0.15
2026-02-17,YouTube - Brand Awareness,YouTube,112,8,21.61,0,0.0,free advertising tutorial youtube,marketing tutorial,broad,0,0.624,0.072,0.14,3.02,0.686,0.437,Mobile,United Kingdom,150.0,4560.0,60.0,0.5,25.0,30.0,80.0,0.15
2026-02-17,YouTube - Brand Awareness,YouTube,88,4,15.44,0,0.0,cheap keyword planner software download,keyword planner,broad,0,0.624,0.072,0.14,1.27,0.686,0.437,Tablet,Germany,150.0,4560.0,60.0,0.5,25.0,30.0,80.0,0.15
2026-02-17,YouTube - Brand Awareness,YouTube,96,2,29.82,0,0.0,marketing jobs salary definition,jobs,broad,0,0.624,0.072,0.14,2.08,0.686,0.437,Mobile,United States,150.0,4560.0,60.0,0.5,25.0,30.0,80.0,0.15
2026-02-17,YouTube - Brand Awareness,YouTube,106,6,11.0,0,0.0,how to reset google ads password,support,broad,0,0.624,0.072,0.14,2.3,0.686,0.437,Mobile,United Kingdom,150.0,4560.0,60.0,0.5,25.0,30.0,80.0,0.15
2026-02-18,Google Search - Brand,Google Search,3760,80,207.8,8,814.09,,,,10,0.7,0.02,0.28,1.15,0.77,0.49,Desktop,United Kingdom,150.0,4560.0,30.0,2.5,10.0,100.0,300.0,0.5
2026-02-18,Google Search - Brand,Google Search,336,15,17.48,0,0.0,forecastiq,forecastiq,exact,0,0.7,0.02,0.28,1.67,0.77,0.49,Mobile,Canada,150.0,4560.0,30.0,2.5,10.0,100.0,300.0,0.5
2026-02-18,Google Search - Brand,Google Search,473,22,43.33,1,90.3,forecastiq pricing,forecastiq,phrase,1,0.7,0.02,0.28,3.64,0.77,0.49,Mobile,United Kingdom,150.0,4560.0,30.0,2.5,10.0,100.0,300.0,0.5
2026-02-18,Google Search - Brand,Google Search,311,11,11.89,1,103.5,forecastiq software reviews,forecastiq,broad,1,0.7,0.02,0.28,3.69,0.77,0.49,Mobile,Canada,150.0,4560.0,30.0,2.5,10.0,100.0,300.0,0.5
2026-02-18,Google Search - Brand,Google Search,420,11,10.76,0,0.0,forecastiq login portal,forecastiq,phrase,0,0.7,0.02,0.28,1.95,0.77,0.49,Mobile,Germany,150.0,4560.0,30.0,2.5,10.0,100.0,300.0,0.5
2026-02-18,Google Search - NonBrand,Google Search,2752,172,183.1,4,230.32,,,,4,0.642,0.12,0.197,1.91,0.706,0.449,Mobile,United States,300.0,9120.0,40.0,1.5,15.0,60.0,150.0,0.35
2026-02-18,Google Search - NonBrand,Google Search,373,18,25.76,2,115.01,paid ads forecasting tool,forecasting tool,phrase,2,0.642,0.12,0.197,2.78,0.706,0.449,Tablet,Germany,300.0,9120.0,40.0,1.5,15.0,60.0,150.0,0.35
2026-02-18,Google Search - NonBrand,Google Search,286,21,23.03,3,175.8,marketing forecasting software,forecasting tool,exact,3,0.642,0.12,0.197,1.7,0.706,0.449,Tablet,United Kingdom,300.0,9120.0,40.0,1.5,15.0,60.0,150.0,0.35
2026-02-18,Google Search - NonBrand,Google Search,272,17,16.31,4,244.2,ppc budget optimization planner,budget optimization,broad,4,0.642,0.12,0.197,1.46,0.706,0.449,Tablet,United States,300.0,9120.0,40.0,1.5,15.0,60.0,150.0,0.35
2026-02-18,Google Search - NonBrand,Google Search,280,22,16.96,0,0.0,ads forecasting template excel,forecasting tool,broad,0,0.642,0.12,0.197,1.78,0.706,0.449,Mobile,Canada,300.0,9120.0,40.0,1.5,15.0,60.0,150.0,0.35
2026-02-18,Google Search - Competitors,Google Search,3762,66,177.96,4,152.09,,,,4,0.703,0.118,0.141,1.59,0.773,0.492,Desktop,United States,100.0,3040.0,50.0,0.8,20.0,40.0,100.0,0.2
2026-02-18,Google Search - Competitors,Google Search,327,10,36.42,0,0.0,semrush forecasting tool alternative,semrush,phrase,0,0.703,0.118,0.141,3.33,0.773,0.492,Mobile,Canada,100.0,3040.0,50.0,0.8,20.0,40.0,100.0,0.2
2026-02-18,Google Search - Competitors,Google Search,472,22,41.47,0,0.0,ahrefs traffic forecaster,ahrefs,broad,0,0.703,0.118,0.141,3.07,0.773,0.492,Tablet,United Kingdom,100.0,3040.0,50.0,0.8,20.0,40.0,100.0,0.2
2026-02-18,Google Search - Competitors,Google Search,393,26,24.02,0,0.0,spyfu competitor ads budget planner,competitor template,broad,0,0.703,0.118,0.141,3.54,0.773,0.492,Desktop,Germany,100.0,3040.0,50.0,0.8,20.0,40.0,100.0,0.2
2026-02-18,Meta Ads - Prospecting,Meta,2109,111,316.88,10,781.81,,,,11,0.588,0.199,0.12,1.51,0.647,0.412,Desktop,United States,200.0,6080.0,35.0,1.8,12.0,80.0,200.0,0.4
2026-02-18,Meta Ads - Retargeting,Meta,1320,44,93.2,4,527.29,,,,4,0.4,0.55,0.05,2.19,0.44,0.28,Desktop,Germany,50.0,1520.0,25.0,3.5,8.0,120.0,400.0,0.6
2026-02-18,YouTube - Brand Awareness,YouTube,3417,51,62.65,0,0.0,,,,0,0.863,0.139,0.112,1.79,0.95,0.604,Desktop,United Kingdom,150.0,4560.0,60.0,0.5,25.0,30.0,80.0,0.15
2026-02-18,YouTube - Brand Awareness,YouTube,426,9,20.81,0,0.0,free advertising tutorial youtube,marketing tutorial,broad,0,0.863,0.139,0.112,2.01,0.95,0.604,Desktop,Germany,150.0,4560.0,60.0,0.5,25.0,30.0,80.0,0.15
2026-02-18,YouTube - Brand Awareness,YouTube,374,25,14.99,0,0.0,cheap keyword planner software download,keyword planner,broad,0,0.863,0.139,0.112,3.34,0.95,0.604,Tablet,Canada,150.0,4560.0,60.0,0.5,25.0,30.0,80.0,0.15
2026-02-18,YouTube - Brand Awareness,YouTube,344,16,32.4,0,0.0,marketing jobs salary definition,jobs,broad,0,0.863,0.139,0.112,1.45,0.95,0.604,Mobile,United Kingdom,150.0,4560.0,60.0,0.5,25.0,30.0,80.0,0.15
2026-02-18,YouTube - Brand Awareness,YouTube,329,17,12.35,0,0.0,how to reset google ads password,support,broad,0,0.863,0.139,0.112,2.75,0.95,0.604,Mobile,Canada,150.0,4560.0,60.0,0.5,25.0,30.0,80.0,0.15
2026-02-19,Google Search - Brand,Google Search,4266,54,145.21,5,512.41,,,,5,0.7,0.02,0.28,3.01,0.77,0.49,Tablet,Germany,150.0,4560.0,30.0,2.5,10.0,100.0,300.0,0.5
2026-02-19,Google Search - Brand,Google Search,638,32,49.74,1,95.19,forecastiq,forecastiq,exact,1,0.7,0.02,0.28,1.87,0.77,0.49,Tablet,United States,150.0,4560.0,30.0,2.5,10.0,100.0,300.0,0.5
2026-02-19,Google Search - Brand,Google Search,602,39,67.39,3,290.29,forecastiq pricing,forecastiq,phrase,3,0.7,0.02,0.28,3.05,0.77,0.49,Mobile,United Kingdom,150.0,4560.0,30.0,2.5,10.0,100.0,300.0,0.5
2026-02-19,Google Search - Brand,Google Search,585,41,35.78,5,511.11,forecastiq software reviews,forecastiq,broad,5,0.7,0.02,0.28,2.67,0.77,0.49,Desktop,Germany,150.0,4560.0,30.0,2.5,10.0,100.0,300.0,0.5
2026-02-19,Google Search - Brand,Google Search,448,21,26.4,0,0.0,forecastiq login portal,forecastiq,phrase,0,0.7,0.02,0.28,1.52,0.77,0.49,Mobile,United States,150.0,4560.0,30.0,2.5,10.0,100.0,300.0,0.5
2026-02-19,Google Search - NonBrand,Google Search,5904,123,192.73,4,236.98,,,,4,0.824,0.055,0.088,2.76,0.906,0.577,Mobile,Germany,300.0,9120.0,40.0,1.5,15.0,60.0,150.0,0.35
2026-02-19,Google Search - NonBrand,Google Search,493,33,41.93,4,248.92,paid ads forecasting tool,forecasting tool,phrase,4,0.824,0.055,0.088,1.22,0.906,0.577,Desktop,Germany,300.0,9120.0,40.0,1.5,15.0,60.0,150.0,0.35
2026-02-19,Google Search - NonBrand,Google Search,733,48,95.06,7,457.02,marketing forecasting software,forecasting tool,exact,8,0.824,0.055,0.088,2.73,0.906,0.577,Tablet,Germany,300.0,9120.0,40.0,1.5,15.0,60.0,150.0,0.35
2026-02-19,Google Search - NonBrand,Google Search,687,16,14.02,4,258.55,ppc budget optimization planner,budget optimization,broad,4,0.824,0.055,0.088,3.44,0.906,0.577,Desktop,Canada,300.0,9120.0,40.0,1.5,15.0,60.0,150.0,0.35
2026-02-19,Google Search - NonBrand,Google Search,661,36,18.25,0,0.0,ads forecasting template excel,forecasting tool,broad,0,0.824,0.055,0.088,1.21,0.906,0.577,Mobile,Germany,300.0,9120.0,40.0,1.5,15.0,60.0,150.0,0.35
2026-02-19,Google Search - Competitors,Google Search,1184,74,105.24,1,43.21,,,,1,0.571,0.124,0.183,2.86,0.628,0.4,Mobile,United Kingdom,100.0,3040.0,50.0,0.8,20.0,40.0,100.0,0.2
2026-02-19,Google Search - Competitors,Google Search,138,6,31.98,0,0.0,semrush forecasting tool alternative,semrush,phrase,0,0.571,0.124,0.183,3.16,0.628,0.4,Mobile,United States,100.0,3040.0,50.0,0.8,20.0,40.0,100.0,0.2
2026-02-19,Google Search - Competitors,Google Search,173,9,47.12,0,0.0,ahrefs traffic forecaster,ahrefs,broad,0,0.571,0.124,0.183,1.59,0.628,0.4,Tablet,United Kingdom,100.0,3040.0,50.0,0.8,20.0,40.0,100.0,0.2
2026-02-19,Google Search - Competitors,Google Search,173,5,22.56,0,0.0,spyfu competitor ads budget planner,competitor template,broad,0,0.571,0.124,0.183,1.77,0.628,0.4,Tablet,United Kingdom,100.0,3040.0,50.0,0.8,20.0,40.0,100.0,0.2
2026-02-19,Meta Ads - Prospecting,Meta,3528,147,209.21,6,454.83,,,,6,0.694,0.182,0.069,2.36,0.763,0.486,Tablet,United States,200.0,6080.0,35.0,1.8,12.0,80.0,200.0,0.4
2026-02-19,Meta Ads - Retargeting,Meta,629,37,94.42,4,446.45,,,,5,0.4,0.55,0.05,3.34,0.44,0.28,Mobile,Canada,50.0,1520.0,25.0,3.5,8.0,120.0,400.0,0.6
2026-02-19,YouTube - Brand Awareness,YouTube,2210,85,181.07,0,0.0,,,,0,0.811,0.199,0.072,3.17,0.893,0.568,Tablet,United States,150.0,4560.0,60.0,0.5,25.0,30.0,80.0,0.15
2026-02-19,YouTube - Brand Awareness,YouTube,179,7,22.93,0,0.0,free advertising tutorial youtube,marketing tutorial,broad,0,0.811,0.199,0.072,2.5,0.893,0.568,Tablet,United Kingdom,150.0,4560.0,60.0,0.5,25.0,30.0,80.0,0.15
2026-02-19,YouTube - Brand Awareness,YouTube,223,8,15.7,0,0.0,cheap keyword planner software download,keyword planner,broad,0,0.811,0.199,0.072,1.72,0.893,0.568,Tablet,Canada,150.0,4560.0,60.0,0.5,25.0,30.0,80.0,0.15
2026-02-19,YouTube - Brand Awareness,YouTube,267,9,31.03,0,0.0,marketing jobs salary definition,jobs,broad,0,0.811,0.199,0.072,2.69,0.893,0.568,Mobile,United States,150.0,4560.0,60.0,0.5,25.0,30.0,80.0,0.15
2026-02-19,YouTube - Brand Awareness,YouTube,257,7,11.62,0,0.0,how to reset google ads password,support,broad,0,0.811,0.199,0.072,1.41,0.893,0.568,Tablet,United States,150.0,4560.0,60.0,0.5,25.0,30.0,80.0,0.15
2026-02-20,Google Search - Brand,Google Search,3741,87,235.23,9,881.27,,,,10,0.7,0.02,0.28,2.91,0.77,0.49,Desktop,United Kingdom,150.0,4560.0,30.0,2.5,10.0,100.0,300.0,0.5
2026-02-20,Google Search - Brand,Google Search,352,8,13.96,0,0.0,forecastiq,forecastiq,exact,0,0.7,0.02,0.28,2.93,0.77,0.49,Desktop,United Kingdom,150.0,4560.0,30.0,2.5,10.0,100.0,300.0,0.5
2026-02-20,Google Search - Brand,Google Search,419,30,26.88,2,202.02,forecastiq pricing,forecastiq,phrase,2,0.7,0.02,0.28,3.69,0.77,0.49,Mobile,Germany,150.0,4560.0,30.0,2.5,10.0,100.0,300.0,0.5
2026-02-20,Google Search - Brand,Google Search,375,18,35.11,3,321.81,forecastiq software reviews,forecastiq,broad,3,0.7,0.02,0.28,2.14,0.77,0.49,Desktop,Germany,150.0,4560.0,30.0,2.5,10.0,100.0,300.0,0.5
2026-02-20,Google Search - Brand,Google Search,339,23,27.49,0,0.0,forecastiq login portal,forecastiq,phrase,0,0.7,0.02,0.28,1.67,0.77,0.49,Tablet,United Kingdom,150.0,4560.0,30.0,2.5,10.0,100.0,300.0,0.5
2026-02-20,Google Search - NonBrand,Google Search,8880,222,331.27,7,446.65,,,,7,0.866,0.144,0.193,1.91,0.952,0.606,Mobile,United States,300.0,9120.0,40.0,1.5,15.0,60.0,150.0,0.35
2026-02-20,Google Search - NonBrand,Google Search,836,22,41.28,2,131.98,paid ads forecasting tool,forecasting tool,phrase,2,0.866,0.144,0.193,1.25,0.952,0.606,Mobile,Germany,300.0,9120.0,40.0,1.5,15.0,60.0,150.0,0.35
2026-02-20,Google Search - NonBrand,Google Search,927,21,30.11,4,251.29,marketing forecasting software,forecasting tool,exact,4,0.866,0.144,0.193,1.84,0.952,0.606,Mobile,United Kingdom,300.0,9120.0,40.0,1.5,15.0,60.0,150.0,0.35
2026-02-20,Google Search - NonBrand,Google Search,820,34,49.66,9,556.05,ppc budget optimization planner,budget optimization,broad,10,0.866,0.144,0.193,2.48,0.952,0.606,Mobile,Germany,300.0,9120.0,40.0,1.5,15.0,60.0,150.0,0.35
2026-02-20,Google Search - NonBrand,Google Search,1079,61,19.08,0,0.0,ads forecasting template excel,forecasting tool,broad,0,0.866,0.144,0.193,2.6,0.952,0.606,Desktop,United States,300.0,9120.0,40.0,1.5,15.0,60.0,150.0,0.35
2026-02-20,Google Search - Competitors,Google Search,3760,47,50.01,0,0.0,,,,0,0.875,0.191,0.126,1.21,0.962,0.612,Tablet,United States,100.0,3040.0,50.0,0.8,20.0,40.0,100.0,0.2
2026-02-20,Google Search - Competitors,Google Search,540,32,33.91,0,0.0,semrush forecasting tool alternative,semrush,phrase,0,0.875,0.191,0.126,3.18,0.962,0.612,Desktop,Canada,100.0,3040.0,50.0,0.8,20.0,40.0,100.0,0.2
2026-02-20,Google Search - Competitors,Google Search,476,13,46.98,0,0.0,ahrefs traffic forecaster,ahrefs,broad,0,0.875,0.191,0.126,3.66,0.962,0.612,Mobile,Canada,100.0,3040.0,50.0,0.8,20.0,40.0,100.0,0.2
2026-02-20,Google Search - Competitors,Google Search,499,19,22.83,0,0.0,spyfu competitor ads budget planner,competitor template,broad,0,0.875,0.191,0.126,2.78,0.962,0.612,Tablet,United States,100.0,3040.0,50.0,0.8,20.0,40.0,100.0,0.2
2026-02-20,Meta Ads - Prospecting,Meta,4590,153,203.12,4,335.78,,,,5,0.586,0.105,0.083,2.68,0.645,0.411,Mobile,United Kingdom,200.0,6080.0,35.0,1.8,12.0,80.0,200.0,0.4
2026-02-20,Meta Ads - Retargeting,Meta,680,34,80.1,3,390.25,,,,3,0.4,0.55,0.05,2.55,0.44,0.28,Mobile,Canada,50.0,1520.0,25.0,3.5,8.0,120.0,400.0,0.6
2026-02-20,YouTube - Brand Awareness,YouTube,2310,55,108.85,0,0.0,,,,0,0.894,0.195,0.056,2.42,0.984,0.626,Desktop,Germany,150.0,4560.0,60.0,0.5,25.0,30.0,80.0,0.15
2026-02-20,YouTube - Brand Awareness,YouTube,224,8,22.31,0,0.0,free advertising tutorial youtube,marketing tutorial,broad,0,0.894,0.195,0.056,2.77,0.984,0.626,Desktop,United States,150.0,4560.0,60.0,0.5,25.0,30.0,80.0,0.15
2026-02-20,YouTube - Brand Awareness,YouTube,188,11,14.91,0,0.0,cheap keyword planner software download,keyword planner,broad,0,0.894,0.195,0.056,3.69,0.984,0.626,Mobile,United States,150.0,4560.0,60.0,0.5,25.0,30.0,80.0,0.15
2026-02-20,YouTube - Brand Awareness,YouTube,233,9,27.04,0,0.0,marketing jobs salary definition,jobs,broad,0,0.894,0.195,0.056,1.25,0.984,0.626,Mobile,United Kingdom,150.0,4560.0,60.0,0.5,25.0,30.0,80.0,0.15
2026-02-20,YouTube - Brand Awareness,YouTube,245,6,11.35,0,0.0,how to reset google ads password,support,broad,0,0.894,0.195,0.056,1.38,0.984,0.626,Tablet,United Kingdom,150.0,4560.0,60.0,0.5,25.0,30.0,80.0,0.15
2026-02-21,Google Search - Brand,Google Search,1908,36,101.93,3,284.93,,,,3,0.7,0.02,0.28,1.36,0.77,0.49,Desktop,United Kingdom,150.0,4560.0,30.0,2.5,10.0,100.0,300.0,0.5
2026-02-21,Google Search - Brand,Google Search,244,6,7.48,0,0.0,forecastiq,forecastiq,exact,0,0.7,0.02,0.28,2.34,0.77,0.49,Desktop,United States,150.0,4560.0,30.0,2.5,10.0,100.0,300.0,0.5
2026-02-21,Google Search - Brand,Google Search,167,5,7.65,0,0.0,forecastiq pricing,forecastiq,phrase,0,0.7,0.02,0.28,2.32,0.77,0.49,Mobile,United States,150.0,4560.0,30.0,2.5,10.0,100.0,300.0,0.5
2026-02-21,Google Search - Brand,Google Search,284,11,13.28,1,93.08,forecastiq software reviews,forecastiq,broad,1,0.7,0.02,0.28,3.76,0.77,0.49,Mobile,Canada,150.0,4560.0,30.0,2.5,10.0,100.0,300.0,0.5
2026-02-21,Google Search - Brand,Google Search,280,9,17.15,0,0.0,forecastiq login portal,forecastiq,phrase,0,0.7,0.02,0.28,2.62,0.77,0.49,Mobile,Canada,150.0,4560.0,30.0,2.5,10.0,100.0,300.0,0.5
2026-02-21,Google Search - NonBrand,Google Search,8316,126,249.63,6,347.01,,,,6,0.864,0.186,0.162,2.87,0.951,0.605,Mobile,Germany,300.0,9120.0,40.0,1.5,15.0,60.0,150.0,0.35
2026-02-21,Google Search - NonBrand,Google Search,1237,42,64.29,5,279.83,paid ads forecasting tool,forecasting tool,phrase,5,0.864,0.186,0.162,1.37,0.951,0.605,Desktop,Canada,300.0,9120.0,40.0,1.5,15.0,60.0,150.0,0.35
2026-02-21,Google Search - NonBrand,Google Search,725,26,23.37,5,303.82,marketing forecasting software,forecasting tool,exact,5,0.864,0.186,0.162,2.37,0.951,0.605,Mobile,United States,300.0,9120.0,40.0,1.5,15.0,60.0,150.0,0.35
2026-02-21,Google Search - NonBrand,Google Search,733,18,24.34,4,234.95,ppc budget optimization planner,budget optimization,broad,4,0.864,0.186,0.162,1.76,0.951,0.605,Mobile,United Kingdom,300.0,9120.0,40.0,1.5,15.0,60.0,150.0,0.35
2026-02-21,Google Search - NonBrand,Google Search,1063,80,20.29,0,0.0,ads forecasting template excel,forecasting tool,broad,0,0.864,0.186,0.162,3.02,0.951,0.605,Desktop,United States,300.0,9120.0,40.0,1.5,15.0,60.0,150.0,0.35
2026-02-21,Google Search - Competitors,Google Search,2040,30,49.07,0,0.0,,,,0,0.687,0.08,0.138,2.11,0.756,0.481,Tablet,United Kingdom,100.0,3040.0,50.0,0.8,20.0,40.0,100.0,0.2
2026-02-21,Google Search - Competitors,Google Search,250,16,32.34,0,0.0,semrush forecasting tool alternative,semrush,phrase,0,0.687,0.08,0.138,1.72,0.756,0.481,Mobile,Canada,100.0,3040.0,50.0,0.8,20.0,40.0,100.0,0.2
2026-02-21,Google Search - Competitors,Google Search,179,10,42.22,0,0.0,ahrefs traffic forecaster,ahrefs,broad,0,0.687,0.08,0.138,3.64,0.756,0.481,Tablet,Canada,100.0,3040.0,50.0,0.8,20.0,40.0,100.0,0.2
2026-02-21,Google Search - Competitors,Google Search,257,20,23.24,0,0.0,spyfu competitor ads budget planner,competitor template,broad,0,0.687,0.08,0.138,2.09,0.756,0.481,Mobile,Germany,100.0,3040.0,50.0,0.8,20.0,40.0,100.0,0.2
2026-02-21,Meta Ads - Prospecting,Meta,5915,91,253.99,6,443.57,,,,6,0.722,0.124,0.088,3.13,0.794,0.505,Tablet,Germany,200.0,6080.0,35.0,1.8,12.0,80.0,200.0,0.4
2026-02-21,Meta Ads - Retargeting,Meta,1036,14,26.69,1,124.17,,,,1,0.4,0.55,0.05,1.2,0.44,0.28,Desktop,Canada,50.0,1520.0,25.0,3.5,8.0,120.0,400.0,0.6
2026-02-21,YouTube - Brand Awareness,YouTube,2492,89,102.4,0,0.0,,,,0,0.892,0.116,0.069,1.71,0.981,0.624,Tablet,United Kingdom,150.0,4560.0,60.0,0.5,25.0,30.0,80.0,0.15
2026-02-21,YouTube - Brand Awareness,YouTube,255,12,21.43,0,0.0,free advertising tutorial youtube,marketing tutorial,broad,0,0.892,0.116,0.069,1.24,0.981,0.624,Mobile,United Kingdom,150.0,4560.0,60.0,0.5,25.0,30.0,80.0,0.15
2026-02-21,YouTube - Brand Awareness,YouTube,364,19,16.59,0,0.0,cheap keyword planner software download,keyword planner,broad,0,0.892,0.116,0.069,1.47,0.981,0.624,Mobile,United Kingdom,150.0,4560.0,60.0,0.5,25.0,30.0,80.0,0.15
2026-02-21,YouTube - Brand Awareness,YouTube,367,11,30.66,0,0.0,marketing jobs salary definition,jobs,broad,0,0.892,0.116,0.069,1.85,0.981,0.624,Tablet,Germany,150.0,4560.0,60.0,0.5,25.0,30.0,80.0,0.15
2026-02-21,YouTube - Brand Awareness,YouTube,362,23,11.32,0,0.0,how to reset google ads password,support,broad,0,0.892,0.116,0.069,1.23,0.981,0.624,Tablet,Germany,150.0,4560.0,60.0,0.5,25.0,30.0,80.0,0.15
2026-02-22,Google Search - Brand,Google Search,2278,34,49.82,1,109.84,,,,1,0.7,0.02,0.28,2.12,0.77,0.49,Tablet,Germany,150.0,4560.0,30.0,2.5,10.0,100.0,300.0,0.5
2026-02-22,Google Search - Brand,Google Search,310,16,24.09,0,0.0,forecastiq,forecastiq,exact,0,0.7,0.02,0.28,1.82,0.77,0.49,Tablet,United Kingdom,150.0,4560.0,30.0,2.5,10.0,100.0,300.0,0.5
2026-02-22,Google Search - Brand,Google Search,275,8,11.99,0,0.0,forecastiq pricing,forecastiq,phrase,0,0.7,0.02,0.28,3.48,0.77,0.49,Mobile,Canada,150.0,4560.0,30.0,2.5,10.0,100.0,300.0,0.5
2026-02-22,Google Search - Brand,Google Search,275,6,9.14,0,0.0,forecastiq software reviews,forecastiq,broad,0,0.7,0.02,0.28,2.64,0.77,0.49,Tablet,Canada,150.0,4560.0,30.0,2.5,10.0,100.0,300.0,0.5
2026-02-22,Google Search - Brand,Google Search,338,17,19.93,0,0.0,forecastiq login portal,forecastiq,phrase,0,0.7,0.02,0.28,2.98,0.77,0.49,Mobile,Germany,150.0,4560.0,30.0,2.5,10.0,100.0,300.0,0.5
2026-02-22,Google Search - NonBrand,Google Search,3120,65,80.45,2,121.14,,,,2,0.887,0.099,0.085,2.91,0.975,0.621,Mobile,Canada,300.0,9120.0,40.0,1.5,15.0,60.0,150.0,0.35
2026-02-22,Google Search - NonBrand,Google Search,270,10,15.58,1,59.77,paid ads forecasting tool,forecasting tool,phrase,1,0.887,0.099,0.085,3.45,0.975,0.621,Mobile,United States,300.0,9120.0,40.0,1.5,15.0,60.0,150.0,0.35
2026-02-22,Google Search - NonBrand,Google Search,313,19,37.43,3,192.57,marketing forecasting software,forecasting tool,exact,3,0.887,0.099,0.085,3.04,0.975,0.621,Tablet,Canada,300.0,9120.0,40.0,1.5,15.0,60.0,150.0,0.35
2026-02-22,Google Search - NonBrand,Google Search,313,21,18.24,4,229.3,ppc budget optimization planner,budget optimization,broad,4,0.887,0.099,0.085,3.3,0.975,0.621,Tablet,United States,300.0,9120.0,40.0,1.5,15.0,60.0,150.0,0.35
2026-02-22,Google Search - NonBrand,Google Search,276,12,19.95,0,0.0,ads forecasting template excel,forecasting tool,broad,0,0.887,0.099,0.085,3.14,0.975,0.621,Mobile,United States,300.0,9120.0,40.0,1.5,15.0,60.0,150.0,0.35
2026-02-22,Google Search - Competitors,Google Search,946,43,102.72,1,42.94,,,,1,0.739,0.089,0.149,2.47,0.813,0.517,Desktop,United States,100.0,3040.0,50.0,0.8,20.0,40.0,100.0,0.2
2026-02-22,Google Search - Competitors,Google Search,102,3,34.86,0,0.0,semrush forecasting tool alternative,semrush,phrase,0,0.739,0.089,0.149,2.04,0.813,0.517,Mobile,United Kingdom,100.0,3040.0,50.0,0.8,20.0,40.0,100.0,0.2
2026-02-22,Google Search - Competitors,Google Search,90,4,47.71,0,0.0,ahrefs traffic forecaster,ahrefs,broad,0,0.739,0.089,0.149,1.59,0.813,0.517,Tablet,United Kingdom,100.0,3040.0,50.0,0.8,20.0,40.0,100.0,0.2
2026-02-22,Google Search - Competitors,Google Search,95,6,23.4,0,0.0,spyfu competitor ads budget planner,competitor template,broad,0,0.739,0.089,0.149,3.09,0.813,0.517,Tablet,Canada,100.0,3040.0,50.0,0.8,20.0,40.0,100.0,0.2
2026-02-22,Meta Ads - Prospecting,Meta,5280,66,145.72,3,216.11,,,,3,0.889,0.089,0.193,1.77,0.978,0.622,Desktop,United Kingdom,200.0,6080.0,35.0,1.8,12.0,80.0,200.0,0.4
2026-02-22,Meta Ads - Retargeting,Meta,156,12,28.49,1,131.97,,,,1,0.4,0.55,0.05,1.98,0.44,0.28,Tablet,Canada,50.0,1520.0,25.0,3.5,8.0,120.0,400.0,0.6
2026-02-22,YouTube - Brand Awareness,YouTube,798,38,106.93,0,0.0,,,,0,0.6,0.196,0.052,2.97,0.66,0.42,Mobile,United States,150.0,4560.0,60.0,0.5,25.0,30.0,80.0,0.15
2026-02-22,YouTube - Brand Awareness,YouTube,68,2,22.2,0,0.0,free advertising tutorial youtube,marketing tutorial,broad,0,0.6,0.196,0.052,3.64,0.66,0.42,Mobile,United Kingdom,150.0,4560.0,60.0,0.5,25.0,30.0,80.0,0.15
2026-02-22,YouTube - Brand Awareness,YouTube,79,5,17.3,0,0.0,cheap keyword planner software download,keyword planner,broad,0,0.6,0.196,0.052,3.62,0.66,0.42,Mobile,United States,150.0,4560.0,60.0,0.5,25.0,30.0,80.0,0.15
2026-02-22,YouTube - Brand Awareness,YouTube,85,6,32.15,0,0.0,marketing jobs salary definition,jobs,broad,0,0.6,0.196,0.052,2.99,0.66,0.42,Tablet,Germany,150.0,4560.0,60.0,0.5,25.0,30.0,80.0,0.15
2026-02-22,YouTube - Brand Awareness,YouTube,100,4,12.97,0,0.0,how to reset google ads password,support,broad,0,0.6,0.196,0.052,2.1,0.66,0.42,Desktop,United Kingdom,150.0,4560.0,60.0,0.5,25.0,30.0,80.0,0.15
2026-02-23,Google Search - Brand,Google Search,6674,94,210.56,7,714.84,,,,8,0.7,0.02,0.28,3.0,0.77,0.49,Mobile,United Kingdom,150.0,4560.0,30.0,2.5,10.0,100.0,300.0,0.5
2026-02-23,Google Search - Brand,Google Search,871,31,44.83,1,98.39,forecastiq,forecastiq,exact,1,0.7,0.02,0.28,1.72,0.77,0.49,Mobile,Germany,150.0,4560.0,30.0,2.5,10.0,100.0,300.0,0.5
2026-02-23,Google Search - Brand,Google Search,740,32,38.79,2,187.07,forecastiq pricing,forecastiq,phrase,2,0.7,0.02,0.28,3.78,0.77,0.49,Desktop,Canada,150.0,4560.0,30.0,2.5,10.0,100.0,300.0,0.5
2026-02-23,Google Search - Brand,Google Search,920,37,61.09,6,551.23,forecastiq software reviews,forecastiq,broad,6,0.7,0.02,0.28,1.9,0.77,0.49,Tablet,United Kingdom,150.0,4560.0,30.0,2.5,10.0,100.0,300.0,0.5
2026-02-23,Google Search - Brand,Google Search,816,38,42.98,0,0.0,forecastiq login portal,forecastiq,phrase,0,0.7,0.02,0.28,3.7,0.77,0.49,Mobile,Canada,150.0,4560.0,30.0,2.5,10.0,100.0,300.0,0.5
2026-02-23,Google Search - NonBrand,Google Search,3636,101,255.39,6,350.72,,,,7,0.812,0.163,0.084,1.44,0.893,0.568,Tablet,Germany,300.0,9120.0,40.0,1.5,15.0,60.0,150.0,0.35
2026-02-23,Google Search - NonBrand,Google Search,348,8,14.14,1,57.5,paid ads forecasting tool,forecasting tool,phrase,1,0.812,0.163,0.084,3.08,0.893,0.568,Mobile,United Kingdom,300.0,9120.0,40.0,1.5,15.0,60.0,150.0,0.35
2026-02-23,Google Search - NonBrand,Google Search,533,11,20.11,2,131.17,marketing forecasting software,forecasting tool,exact,2,0.812,0.163,0.084,1.92,0.893,0.568,Mobile,United Kingdom,300.0,9120.0,40.0,1.5,15.0,60.0,150.0,0.35
2026-02-23,Google Search - NonBrand,Google Search,299,8,14.77,1,65.41,ppc budget optimization planner,budget optimization,broad,1,0.812,0.163,0.084,2.31,0.893,0.568,Desktop,United States,300.0,9120.0,40.0,1.5,15.0,60.0,150.0,0.35
2026-02-23,Google Search - NonBrand,Google Search,495,14,18.16,0,0.0,ads forecasting template excel,forecasting tool,broad,0,0.812,0.163,0.084,2.11,0.893,0.568,Desktop,Germany,300.0,9120.0,40.0,1.5,15.0,60.0,150.0,0.35
2026-02-23,Google Search - Competitors,Google Search,1645,47,80.66,1,43.45,,,,1,0.757,0.113,0.074,1.79,0.833,0.53,Desktop,Canada,100.0,3040.0,50.0,0.8,20.0,40.0,100.0,0.2
2026-02-23,Google Search - Competitors,Google Search,184,9,32.98,0,0.0,semrush forecasting tool alternative,semrush,phrase,0,0.757,0.113,0.074,3.63,0.833,0.53,Desktop,United States,100.0,3040.0,50.0,0.8,20.0,40.0,100.0,0.2
2026-02-23,Google Search - Competitors,Google Search,152,9,46.13,0,0.0,ahrefs traffic forecaster,ahrefs,broad,0,0.757,0.113,0.074,3.4,0.833,0.53,Tablet,Germany,100.0,3040.0,50.0,0.8,20.0,40.0,100.0,0.2
2026-02-23,Google Search - Competitors,Google Search,236,6,23.7,0,0.0,spyfu competitor ads budget planner,competitor template,broad,0,0.757,0.113,0.074,1.41,0.833,0.53,Desktop,Germany,100.0,3040.0,50.0,0.8,20.0,40.0,100.0,0.2
2026-02-23,Meta Ads - Prospecting,Meta,1670,167,311.77,10,746.6,,,,10,0.618,0.223,0.098,1.67,0.68,0.433,Mobile,United Kingdom,200.0,6080.0,35.0,1.8,12.0,80.0,200.0,0.4
2026-02-23,Meta Ads - Retargeting,Meta,2000,25,46.88,1,125.35,,,,1,0.4,0.55,0.05,2.52,0.44,0.28,Tablet,Germany,50.0,1520.0,25.0,3.5,8.0,120.0,400.0,0.6
2026-02-23,YouTube - Brand Awareness,YouTube,6612,116,239.27,0,0.0,,,,0,0.847,0.063,0.158,2.74,0.932,0.593,Desktop,Canada,150.0,4560.0,60.0,0.5,25.0,30.0,80.0,0.15
2026-02-23,YouTube - Brand Awareness,YouTube,858,43,20.93,0,0.0,free advertising tutorial youtube,marketing tutorial,broad,0,0.847,0.063,0.158,3.28,0.932,0.593,Tablet,Canada,150.0,4560.0,60.0,0.5,25.0,30.0,80.0,0.15
2026-02-23,YouTube - Brand Awareness,YouTube,895,28,15.94,0,0.0,cheap keyword planner software download,keyword planner,broad,0,0.847,0.063,0.158,2.44,0.932,0.593,Tablet,United Kingdom,150.0,4560.0,60.0,0.5,25.0,30.0,80.0,0.15
2026-02-23,YouTube - Brand Awareness,YouTube,721,21,31.04,0,0.0,marketing jobs salary definition,jobs,broad,0,0.847,0.063,0.158,1.76,0.932,0.593,Mobile,Canada,150.0,4560.0,60.0,0.5,25.0,30.0,80.0,0.15
2026-02-23,YouTube - Brand Awareness,YouTube,861,25,12.61,0,0.0,how to reset google ads password,support,broad,0,0.847,0.063,0.158,2.2,0.932,0.593,Tablet,Canada,150.0,4560.0,60.0,0.5,25.0,30.0,80.0,0.15
2026-02-24,Google Search - Brand,Google Search,2146,74,98.16,3,282.68,,,,3,0.7,0.02,0.28,2.03,0.77,0.49,Mobile,Germany,150.0,4560.0,30.0,2.5,10.0,100.0,300.0,0.5
2026-02-24,Google Search - Brand,Google Search,297,9,16.0,0,0.0,forecastiq,forecastiq,exact,0,0.7,0.02,0.28,2.02,0.77,0.49,Mobile,Germany,150.0,4560.0,30.0,2.5,10.0,100.0,300.0,0.5
2026-02-24,Google Search - Brand,Google Search,209,11,18.86,0,0.0,forecastiq pricing,forecastiq,phrase,0,0.7,0.02,0.28,3.74,0.77,0.49,Desktop,Canada,150.0,4560.0,30.0,2.5,10.0,100.0,300.0,0.5
2026-02-24,Google Search - Brand,Google Search,305,20,38.72,3,324.13,forecastiq software reviews,forecastiq,broad,3,0.7,0.02,0.28,1.86,0.77,0.49,Mobile,Germany,150.0,4560.0,30.0,2.5,10.0,100.0,300.0,0.5
2026-02-24,Google Search - Brand,Google Search,206,6,7.28,0,0.0,forecastiq login portal,forecastiq,phrase,0,0.7,0.02,0.28,2.82,0.77,0.49,Mobile,United States,150.0,4560.0,30.0,2.5,10.0,100.0,300.0,0.5
2026-02-24,Google Search - NonBrand,Google Search,9263,157,282.02,6,340.64,,,,7,0.803,0.156,0.146,2.01,0.883,0.562,Desktop,United States,300.0,9120.0,40.0,1.5,15.0,60.0,150.0,0.35
2026-02-24,Google Search - NonBrand,Google Search,1060,29,36.5,4,237.45,paid ads forecasting tool,forecasting tool,phrase,4,0.803,0.156,0.146,2.45,0.883,0.562,Desktop,Germany,300.0,9120.0,40.0,1.5,15.0,60.0,150.0,0.35
2026-02-24,Google Search - NonBrand,Google Search,1269,37,70.71,8,455.75,marketing forecasting software,forecasting tool,exact,8,0.803,0.156,0.146,3.08,0.883,0.562,Mobile,Germany,300.0,9120.0,40.0,1.5,15.0,60.0,150.0,0.35
2026-02-24,Google Search - NonBrand,Google Search,784,49,80.87,10,655.06,ppc budget optimization planner,budget optimization,broad,10,0.803,0.156,0.146,3.03,0.883,0.562,Mobile,United Kingdom,300.0,9120.0,40.0,1.5,15.0,60.0,150.0,0.35
2026-02-24,Google Search - NonBrand,Google Search,999,34,17.58,0,0.0,ads forecasting template excel,forecasting tool,broad,0,0.803,0.156,0.146,2.26,0.883,0.562,Mobile,United Kingdom,300.0,9120.0,40.0,1.5,15.0,60.0,150.0,0.35
2026-02-24,Google Search - Competitors,Google Search,2135,35,45.92,0,0.0,,,,0,0.747,0.088,0.119,1.12,0.822,0.523,Tablet,United Kingdom,100.0,3040.0,50.0,0.8,20.0,40.0,100.0,0.2
2026-02-24,Google Search - Competitors,Google Search,287,21,34.19,0,0.0,semrush forecasting tool alternative,semrush,phrase,0,0.747,0.088,0.119,2.8,0.822,0.523,Mobile,United Kingdom,100.0,3040.0,50.0,0.8,20.0,40.0,100.0,0.2
2026-02-24,Google Search - Competitors,Google Search,172,4,47.55,0,0.0,ahrefs traffic forecaster,ahrefs,broad,0,0.747,0.088,0.119,3.03,0.822,0.523,Mobile,Germany,100.0,3040.0,50.0,0.8,20.0,40.0,100.0,0.2
2026-02-24,Google Search - Competitors,Google Search,296,16,26.9,0,0.0,spyfu competitor ads budget planner,competitor template,broad,0,0.747,0.088,0.119,3.23,0.822,0.523,Tablet,Germany,100.0,3040.0,50.0,0.8,20.0,40.0,100.0,0.2
2026-02-24,Meta Ads - Prospecting,Meta,10488,152,194.77,6,498.73,,,,6,0.718,0.13,0.167,2.11,0.79,0.503,Desktop,Canada,200.0,6080.0,35.0,1.8,12.0,80.0,200.0,0.4
2026-02-24,Meta Ads - Retargeting,Meta,992,31,59.6,2,262.78,,,,2,0.4,0.55,0.05,2.95,0.44,0.28,Tablet,Germany,50.0,1520.0,25.0,3.5,8.0,120.0,400.0,0.6
2026-02-24,YouTube - Brand Awareness,YouTube,962,74,176.9,0,0.0,,,,0,0.697,0.073,0.157,2.58,0.767,0.488,Tablet,United Kingdom,150.0,4560.0,60.0,0.5,25.0,30.0,80.0,0.15
2026-02-24,YouTube - Brand Awareness,YouTube,108,3,22.37,0,0.0,free advertising tutorial youtube,marketing tutorial,broad,0,0.697,0.073,0.157,3.45,0.767,0.488,Tablet,Germany,150.0,4560.0,60.0,0.5,25.0,30.0,80.0,0.15
2026-02-24,YouTube - Brand Awareness,YouTube,94,5,14.4,0,0.0,cheap keyword planner software download,keyword planner,broad,0,0.697,0.073,0.157,1.56,0.767,0.488,Mobile,United States,150.0,4560.0,60.0,0.5,25.0,30.0,80.0,0.15
2026-02-24,YouTube - Brand Awareness,YouTube,132,7,29.82,0,0.0,marketing jobs salary definition,jobs,broad,0,0.697,0.073,0.157,2.14,0.767,0.488,Desktop,Canada,150.0,4560.0,60.0,0.5,25.0,30.0,80.0,0.15
2026-02-24,YouTube - Brand Awareness,YouTube,99,3,11.63,0,0.0,how to reset google ads password,support,broad,0,0.697,0.073,0.157,1.98,0.767,0.488,Mobile,United States,150.0,4560.0,60.0,0.5,25.0,30.0,80.0,0.15
2026-02-25,Google Search - Brand,Google Search,5461,127,188.6,7,639.9,,,,8,0.7,0.02,0.28,1.62,0.77,0.49,Tablet,Canada,150.0,4560.0,30.0,2.5,10.0,100.0,300.0,0.5
2026-02-25,Google Search - Brand,Google Search,651,17,33.69,0,0.0,forecastiq,forecastiq,exact,0,0.7,0.02,0.28,2.66,0.77,0.49,Mobile,United Kingdom,150.0,4560.0,30.0,2.5,10.0,100.0,300.0,0.5
2026-02-25,Google Search - Brand,Google Search,657,17,32.94,1,95.51,forecastiq pricing,forecastiq,phrase,1,0.7,0.02,0.28,1.44,0.77,0.49,Mobile,Germany,150.0,4560.0,30.0,2.5,10.0,100.0,300.0,0.5
2026-02-25,Google Search - Brand,Google Search,455,20,32.48,3,284.26,forecastiq software reviews,forecastiq,broad,3,0.7,0.02,0.28,1.26,0.77,0.49,Mobile,Canada,150.0,4560.0,30.0,2.5,10.0,100.0,300.0,0.5
2026-02-25,Google Search - Brand,Google Search,441,15,25.78,0,0.0,forecastiq login portal,forecastiq,phrase,0,0.7,0.02,0.28,2.91,0.77,0.49,Tablet,United Kingdom,150.0,4560.0,30.0,2.5,10.0,100.0,300.0,0.5
2026-02-25,Google Search - NonBrand,Google Search,14175,225,599.49,18,1134.33,,,,22,0.893,0.244,0.12,3.1,0.982,0.625,Tablet,United States,300.0,9120.0,40.0,1.5,15.0,60.0,150.0,0.35
2026-02-25,Google Search - NonBrand,Google Search,1867,95,143.11,13,852.67,paid ads forecasting tool,forecasting tool,phrase,13,0.893,0.244,0.12,2.4,0.982,0.625,Mobile,Canada,300.0,9120.0,40.0,1.5,15.0,60.0,150.0,0.35
2026-02-25,Google Search - NonBrand,Google Search,2093,135,227.88,29,1601.71,marketing forecasting software,forecasting tool,exact,34,0.893,0.244,0.12,1.32,0.982,0.625,Desktop,United Kingdom,300.0,9120.0,40.0,1.5,15.0,60.0,150.0,0.35
2026-02-25,Google Search - NonBrand,Google Search,1647,47,56.41,11,634.06,ppc budget optimization planner,budget optimization,broad,11,0.893,0.244,0.12,2.04,0.982,0.625,Mobile,Germany,300.0,9120.0,40.0,1.5,15.0,60.0,150.0,0.35
2026-02-25,Google Search - NonBrand,Google Search,1558,124,20.29,0,0.0,ads forecasting template excel,forecasting tool,broad,0,0.893,0.244,0.12,2.05,0.982,0.625,Desktop,Canada,300.0,9120.0,40.0,1.5,15.0,60.0,150.0,0.35
2026-02-25,Google Search - Competitors,Google Search,1008,72,191.16,4,172.94,,,,4,0.821,0.09,0.143,3.27,0.903,0.575,Desktop,Canada,100.0,3040.0,50.0,0.8,20.0,40.0,100.0,0.2
2026-02-25,Google Search - Competitors,Google Search,107,7,32.58,0,0.0,semrush forecasting tool alternative,semrush,phrase,0,0.821,0.09,0.143,1.62,0.903,0.575,Mobile,Canada,100.0,3040.0,50.0,0.8,20.0,40.0,100.0,0.2
2026-02-25,Google Search - Competitors,Google Search,120,6,46.91,0,0.0,ahrefs traffic forecaster,ahrefs,broad,0,0.821,0.09,0.143,2.74,0.903,0.575,Desktop,United Kingdom,100.0,3040.0,50.0,0.8,20.0,40.0,100.0,0.2
2026-02-25,Google Search - Competitors,Google Search,134,2,24.28,0,0.0,spyfu competitor ads budget planner,competitor template,broad,0,0.821,0.09,0.143,3.68,0.903,0.575,Mobile,United States,100.0,3040.0,50.0,0.8,20.0,40.0,100.0,0.2
2026-02-25,Meta Ads - Prospecting,Meta,6240,96,270.6,6,509.66,,,,7,0.757,0.065,0.161,1.31,0.832,0.53,Desktop,Canada,200.0,6080.0,35.0,1.8,12.0,80.0,200.0,0.4
2026-02-25,Meta Ads - Retargeting,Meta,2418,39,102.32,4,525.1,,,,4,0.4,0.55,0.05,2.98,0.44,0.28,Mobile,Canada,50.0,1520.0,25.0,3.5,8.0,120.0,400.0,0.6
2026-02-25,YouTube - Brand Awareness,YouTube,3795,55,123.25,0,0.0,,,,0,0.852,0.12,0.076,1.96,0.937,0.596,Mobile,Germany,150.0,4560.0,60.0,0.5,25.0,30.0,80.0,0.15
2026-02-25,YouTube - Brand Awareness,YouTube,540,19,21.63,0,0.0,free advertising tutorial youtube,marketing tutorial,broad,0,0.852,0.12,0.076,2.0,0.937,0.596,Desktop,Canada,150.0,4560.0,60.0,0.5,25.0,30.0,80.0,0.15
2026-02-25,YouTube - Brand Awareness,YouTube,565,33,17.42,0,0.0,cheap keyword planner software download,keyword planner,broad,0,0.852,0.12,0.076,1.56,0.937,0.596,Mobile,United Kingdom,150.0,4560.0,60.0,0.5,25.0,30.0,80.0,0.15
2026-02-25,YouTube - Brand Awareness,YouTube,349,12,28.78,0,0.0,marketing jobs salary definition,jobs,broad,0,0.852,0.12,0.076,1.33,0.937,0.596,Mobile,Germany,150.0,4560.0,60.0,0.5,25.0,30.0,80.0,0.15
2026-02-25,YouTube - Brand Awareness,YouTube,420,27,12.07,0,0.0,how to reset google ads password,support,broad,0,0.852,0.12,0.076,1.78,0.937,0.596,Mobile,United Kingdom,150.0,4560.0,60.0,0.5,25.0,30.0,80.0,0.15
2026-02-26,Google Search - Brand,Google Search,2852,62,67.41,2,217.07,,,,2,0.7,0.02,0.28,2.99,0.77,0.49,Mobile,Canada,150.0,4560.0,30.0,2.5,10.0,100.0,300.0,0.5
2026-02-26,Google Search - Brand,Google Search,291,10,18.7,0,0.0,forecastiq,forecastiq,exact,0,0.7,0.02,0.28,1.51,0.77,0.49,Mobile,United Kingdom,150.0,4560.0,30.0,2.5,10.0,100.0,300.0,0.5
2026-02-26,Google Search - Brand,Google Search,319,13,14.47,0,0.0,forecastiq pricing,forecastiq,phrase,0,0.7,0.02,0.28,1.99,0.77,0.49,Mobile,Germany,150.0,4560.0,30.0,2.5,10.0,100.0,300.0,0.5
2026-02-26,Google Search - Brand,Google Search,306,9,14.75,1,96.22,forecastiq software reviews,forecastiq,broad,1,0.7,0.02,0.28,2.27,0.77,0.49,Tablet,United Kingdom,150.0,4560.0,30.0,2.5,10.0,100.0,300.0,0.5
2026-02-26,Google Search - Brand,Google Search,299,23,30.18,0,0.0,forecastiq login portal,forecastiq,phrase,0,0.7,0.02,0.28,1.86,0.77,0.49,Tablet,Canada,150.0,4560.0,30.0,2.5,10.0,100.0,300.0,0.5
2026-02-26,Google Search - NonBrand,Google Search,7802,166,179.28,4,253.86,,,,4,0.779,0.229,0.198,2.98,0.857,0.545,Desktop,United Kingdom,300.0,9120.0,40.0,1.5,15.0,60.0,150.0,0.35
2026-02-26,Google Search - NonBrand,Google Search,798,55,50.23,8,484.42,paid ads forecasting tool,forecasting tool,phrase,8,0.779,0.229,0.198,2.39,0.857,0.545,Mobile,Germany,300.0,9120.0,40.0,1.5,15.0,60.0,150.0,0.35
2026-02-26,Google Search - NonBrand,Google Search,989,32,63.71,5,283.86,marketing forecasting software,forecasting tool,exact,5,0.779,0.229,0.198,2.59,0.857,0.545,Mobile,United States,300.0,9120.0,40.0,1.5,15.0,60.0,150.0,0.35
2026-02-26,Google Search - NonBrand,Google Search,731,38,73.23,7,411.02,ppc budget optimization planner,budget optimization,broad,8,0.779,0.229,0.198,2.46,0.857,0.545,Desktop,Canada,300.0,9120.0,40.0,1.5,15.0,60.0,150.0,0.35
2026-02-26,Google Search - NonBrand,Google Search,1083,50,17.38,0,0.0,ads forecasting template excel,forecasting tool,broad,0,0.779,0.229,0.198,2.33,0.857,0.545,Mobile,United Kingdom,300.0,9120.0,40.0,1.5,15.0,60.0,150.0,0.35
2026-02-26,Google Search - Competitors,Google Search,2664,36,48.13,0,0.0,,,,0,0.759,0.22,0.08,2.08,0.835,0.532,Mobile,Canada,100.0,3040.0,50.0,0.8,20.0,40.0,100.0,0.2
2026-02-26,Google Search - Competitors,Google Search,393,30,34.36,0,0.0,semrush forecasting tool alternative,semrush,phrase,0,0.759,0.22,0.08,3.79,0.835,0.532,Tablet,United Kingdom,100.0,3040.0,50.0,0.8,20.0,40.0,100.0,0.2
2026-02-26,Google Search - Competitors,Google Search,234,9,41.39,0,0.0,ahrefs traffic forecaster,ahrefs,broad,0,0.759,0.22,0.08,3.63,0.835,0.532,Desktop,United States,100.0,3040.0,50.0,0.8,20.0,40.0,100.0,0.2
2026-02-26,Google Search - Competitors,Google Search,322,10,25.0,0,0.0,spyfu competitor ads budget planner,competitor template,broad,0,0.759,0.22,0.08,1.59,0.835,0.532,Mobile,United Kingdom,100.0,3040.0,50.0,0.8,20.0,40.0,100.0,0.2
2026-02-26,Meta Ads - Prospecting,Meta,5256,72,108.83,3,246.26,,,,3,0.682,0.087,0.164,2.03,0.75,0.478,Tablet,Canada,200.0,6080.0,35.0,1.8,12.0,80.0,200.0,0.4
2026-02-26,Meta Ads - Retargeting,Meta,646,17,40.67,1,125.56,,,,1,0.4,0.55,0.05,3.33,0.44,0.28,Mobile,United Kingdom,50.0,1520.0,25.0,3.5,8.0,120.0,400.0,0.6
2026-02-26,YouTube - Brand Awareness,YouTube,3850,50,126.34,0,0.0,,,,0,0.731,0.13,0.167,2.48,0.804,0.511,Desktop,Canada,150.0,4560.0,60.0,0.5,25.0,30.0,80.0,0.15
2026-02-26,YouTube - Brand Awareness,YouTube,526,41,22.82,0,0.0,free advertising tutorial youtube,marketing tutorial,broad,0,0.731,0.13,0.167,1.89,0.804,0.511,Desktop,Canada,150.0,4560.0,60.0,0.5,25.0,30.0,80.0,0.15
2026-02-26,YouTube - Brand Awareness,YouTube,323,17,17.28,0,0.0,cheap keyword planner software download,keyword planner,broad,0,0.731,0.13,0.167,1.32,0.804,0.511,Desktop,Germany,150.0,4560.0,60.0,0.5,25.0,30.0,80.0,0.15
2026-02-26,YouTube - Brand Awareness,YouTube,488,38,29.78,0,0.0,marketing jobs salary definition,jobs,broad,0,0.731,0.13,0.167,2.51,0.804,0.511,Desktop,United States,150.0,4560.0,60.0,0.5,25.0,30.0,80.0,0.15
2026-02-26,YouTube - Brand Awareness,YouTube,356,26,11.4,0,0.0,how to reset google ads password,support,broad,0,0.731,0.13,0.167,2.79,0.804,0.511,Desktop,Canada,150.0,4560.0,60.0,0.5,25.0,30.0,80.0,0.15
2026-02-27,Google Search - Brand,Google Search,7344,102,161.33,5,485.45,,,,5,0.7,0.02,0.28,1.97,0.77,0.49,Desktop,Germany,150.0,4560.0,30.0,2.5,10.0,100.0,300.0,0.5
2026-02-27,Google Search - Brand,Google Search,987,48,71.11,2,203.78,forecastiq,forecastiq,exact,2,0.7,0.02,0.28,1.5,0.77,0.49,Desktop,Canada,150.0,4560.0,30.0,2.5,10.0,100.0,300.0,0.5
2026-02-27,Google Search - Brand,Google Search,674,48,47.6,3,295.22,forecastiq pricing,forecastiq,phrase,3,0.7,0.02,0.28,1.97,0.77,0.49,Mobile,Germany,150.0,4560.0,30.0,2.5,10.0,100.0,300.0,0.5
2026-02-27,Google Search - Brand,Google Search,876,55,99.99,9,980.59,forecastiq software reviews,forecastiq,broad,10,0.7,0.02,0.28,1.77,0.77,0.49,Tablet,Canada,150.0,4560.0,30.0,2.5,10.0,100.0,300.0,0.5
2026-02-27,Google Search - Brand,Google Search,805,33,47.86,0,0.0,forecastiq login portal,forecastiq,phrase,0,0.7,0.02,0.28,2.02,0.77,0.49,Desktop,United States,150.0,4560.0,30.0,2.5,10.0,100.0,300.0,0.5
2026-02-27,Google Search - NonBrand,Google Search,5134,151,296.23,6,382.63,,,,7,0.833,0.181,0.072,2.01,0.917,0.583,Desktop,United Kingdom,300.0,9120.0,40.0,1.5,15.0,60.0,150.0,0.35
2026-02-27,Google Search - NonBrand,Google Search,757,53,93.01,7,450.25,paid ads forecasting tool,forecasting tool,phrase,7,0.833,0.181,0.072,1.98,0.917,0.583,Desktop,United Kingdom,300.0,9120.0,40.0,1.5,15.0,60.0,150.0,0.35
2026-02-27,Google Search - NonBrand,Google Search,573,21,32.97,4,239.02,marketing forecasting software,forecasting tool,exact,4,0.833,0.181,0.072,2.68,0.917,0.583,Mobile,Canada,300.0,9120.0,40.0,1.5,15.0,60.0,150.0,0.35
2026-02-27,Google Search - NonBrand,Google Search,752,42,41.63,9,514.27,ppc budget optimization planner,budget optimization,broad,9,0.833,0.181,0.072,2.54,0.917,0.583,Desktop,Canada,300.0,9120.0,40.0,1.5,15.0,60.0,150.0,0.35
2026-02-27,Google Search - NonBrand,Google Search,413,19,18.84,0,0.0,ads forecasting template excel,forecasting tool,broad,0,0.833,0.181,0.072,1.38,0.917,0.583,Tablet,United Kingdom,300.0,9120.0,40.0,1.5,15.0,60.0,150.0,0.35
2026-02-27,Google Search - Competitors,Google Search,946,86,140.24,2,86.76,,,,2,0.868,0.15,0.082,1.44,0.955,0.607,Tablet,Germany,100.0,3040.0,50.0,0.8,20.0,40.0,100.0,0.2
2026-02-27,Google Search - Competitors,Google Search,126,4,33.41,0,0.0,semrush forecasting tool alternative,semrush,phrase,0,0.868,0.15,0.082,2.52,0.955,0.607,Desktop,United States,100.0,3040.0,50.0,0.8,20.0,40.0,100.0,0.2
2026-02-27,Google Search - Competitors,Google Search,93,6,41.56,0,0.0,ahrefs traffic forecaster,ahrefs,broad,0,0.868,0.15,0.082,3.17,0.955,0.607,Mobile,United Kingdom,100.0,3040.0,50.0,0.8,20.0,40.0,100.0,0.2
2026-02-27,Google Search - Competitors,Google Search,86,4,24.72,0,0.0,spyfu competitor ads budget planner,competitor template,broad,0,0.868,0.15,0.082,2.0,0.955,0.607,Mobile,Canada,100.0,3040.0,50.0,0.8,20.0,40.0,100.0,0.2
2026-02-27,Meta Ads - Prospecting,Meta,1030,103,198.38,5,364.07,,,,5,0.568,0.186,0.161,2.03,0.625,0.398,Tablet,United Kingdom,200.0,6080.0,35.0,1.8,12.0,80.0,200.0,0.4
2026-02-27,Meta Ads - Retargeting,Meta,2015,31,51.03,1,118.89,,,,1,0.4,0.55,0.05,3.19,0.44,0.28,Mobile,Germany,50.0,1520.0,25.0,3.5,8.0,120.0,400.0,0.6
2026-02-27,YouTube - Brand Awareness,YouTube,7154,98,131.79,0,0.0,,,,0,0.782,0.181,0.198,1.6,0.86,0.547,Desktop,Germany,150.0,4560.0,60.0,0.5,25.0,30.0,80.0,0.15
2026-02-27,YouTube - Brand Awareness,YouTube,942,74,21.63,0,0.0,free advertising tutorial youtube,marketing tutorial,broad,0,0.782,0.181,0.198,1.52,0.86,0.547,Mobile,United States,150.0,4560.0,60.0,0.5,25.0,30.0,80.0,0.15
2026-02-27,YouTube - Brand Awareness,YouTube,1018,32,15.46,0,0.0,cheap keyword planner software download,keyword planner,broad,0,0.782,0.181,0.198,1.6,0.86,0.547,Tablet,United States,150.0,4560.0,60.0,0.5,25.0,30.0,80.0,0.15
2026-02-27,YouTube - Brand Awareness,YouTube,788,62,29.63,0,0.0,marketing jobs salary definition,jobs,broad,0,0.782,0.181,0.198,2.06,0.86,0.547,Tablet,Canada,150.0,4560.0,60.0,0.5,25.0,30.0,80.0,0.15
2026-02-27,YouTube - Brand Awareness,YouTube,884,46,11.02,0,0.0,how to reset google ads password,support,broad,0,0.782,0.181,0.198,1.64,0.86,0.547,Tablet,United Kingdom,150.0,4560.0,60.0,0.5,25.0,30.0,80.0,0.15
2026-02-28,Google Search - Brand,Google Search,2257,37,53.32,1,93.5,,,,1,0.7,0.02,0.28,3.1,0.77,0.49,Tablet,United Kingdom,150.0,4560.0,30.0,2.5,10.0,100.0,300.0,0.5
2026-02-28,Google Search - Brand,Google Search,200,7,6.09,0,0.0,forecastiq,forecastiq,exact,0,0.7,0.02,0.28,2.06,0.77,0.49,Tablet,United Kingdom,150.0,4560.0,30.0,2.5,10.0,100.0,300.0,0.5
2026-02-28,Google Search - Brand,Google Search,304,16,21.27,1,102.02,forecastiq pricing,forecastiq,phrase,1,0.7,0.02,0.28,2.86,0.77,0.49,Desktop,United States,150.0,4560.0,30.0,2.5,10.0,100.0,300.0,0.5
2026-02-28,Google Search - Brand,Google Search,215,11,21.64,1,90.04,forecastiq software reviews,forecastiq,broad,1,0.7,0.02,0.28,3.19,0.77,0.49,Tablet,Canada,150.0,4560.0,30.0,2.5,10.0,100.0,300.0,0.5
2026-02-28,Google Search - Brand,Google Search,315,11,15.58,0,0.0,forecastiq login portal,forecastiq,phrase,0,0.7,0.02,0.28,1.34,0.77,0.49,Tablet,Germany,150.0,4560.0,30.0,2.5,10.0,100.0,300.0,0.5
2026-02-28,Google Search - NonBrand,Google Search,1862,133,286.97,7,414.75,,,,7,0.762,0.086,0.106,1.99,0.838,0.533,Mobile,Canada,300.0,9120.0,40.0,1.5,15.0,60.0,150.0,0.35
2026-02-28,Google Search - NonBrand,Google Search,190,9,13.37,1,60.94,paid ads forecasting tool,forecasting tool,phrase,1,0.762,0.086,0.106,3.18,0.838,0.533,Tablet,Germany,300.0,9120.0,40.0,1.5,15.0,60.0,150.0,0.35
2026-02-28,Google Search - NonBrand,Google Search,154,11,18.2,2,112.88,marketing forecasting software,forecasting tool,exact,2,0.762,0.086,0.106,1.4,0.838,0.533,Desktop,United States,300.0,9120.0,40.0,1.5,15.0,60.0,150.0,0.35
2026-02-28,Google Search - NonBrand,Google Search,249,16,18.04,3,191.49,ppc budget optimization planner,budget optimization,broad,3,0.762,0.086,0.106,3.19,0.838,0.533,Tablet,United Kingdom,300.0,9120.0,40.0,1.5,15.0,60.0,150.0,0.35
2026-02-28,Google Search - NonBrand,Google Search,234,13,19.02,0,0.0,ads forecasting template excel,forecasting tool,broad,0,0.762,0.086,0.106,2.52,0.838,0.533,Desktop,Germany,300.0,9120.0,40.0,1.5,15.0,60.0,150.0,0.35
2026-02-28,Google Search - Competitors,Google Search,2952,41,98.39,1,38.25,,,,1,0.793,0.161,0.149,1.92,0.872,0.555,Mobile,United Kingdom,100.0,3040.0,50.0,0.8,20.0,40.0,100.0,0.2
2026-02-28,Google Search - Competitors,Google Search,290,16,33.25,0,0.0,semrush forecasting tool alternative,semrush,phrase,0,0.793,0.161,0.149,2.75,0.872,0.555,Mobile,Germany,100.0,3040.0,50.0,0.8,20.0,40.0,100.0,0.2
2026-02-28,Google Search - Competitors,Google Search,427,18,42.61,0,0.0,ahrefs traffic forecaster,ahrefs,broad,0,0.793,0.161,0.149,3.73,0.872,0.555,Mobile,Canada,100.0,3040.0,50.0,0.8,20.0,40.0,100.0,0.2
2026-02-28,Google Search - Competitors,Google Search,349,19,24.05,0,0.0,spyfu competitor ads budget planner,competitor template,broad,0,0.793,0.161,0.149,3.77,0.872,0.555,Tablet,Germany,100.0,3040.0,50.0,0.8,20.0,40.0,100.0,0.2
2026-02-28,Meta Ads - Prospecting,Meta,2208,46,97.4,2,175.24,,,,2,0.62,0.126,0.098,2.87,0.682,0.434,Mobile,United Kingdom,200.0,6080.0,35.0,1.8,12.0,80.0,200.0,0.4
2026-02-28,Meta Ads - Retargeting,Meta,896,14,34.34,1,119.14,,,,1,0.4,0.55,0.05,1.35,0.44,0.28,Desktop,Germany,50.0,1520.0,25.0,3.5,8.0,120.0,400.0,0.6
2026-02-28,YouTube - Brand Awareness,YouTube,1887,37,85.71,0,0.0,,,,0,0.815,0.087,0.059,3.34,0.897,0.571,Desktop,Canada,150.0,4560.0,60.0,0.5,25.0,30.0,80.0,0.15
2026-02-28,YouTube - Brand Awareness,YouTube,208,8,20.43,0,0.0,free advertising tutorial youtube,marketing tutorial,broad,0,0.815,0.087,0.059,1.63,0.897,0.571,Tablet,United States,150.0,4560.0,60.0,0.5,25.0,30.0,80.0,0.15
2026-02-28,YouTube - Brand Awareness,YouTube,199,15,14.41,0,0.0,cheap keyword planner software download,keyword planner,broad,0,0.815,0.087,0.059,2.73,0.897,0.571,Mobile,United Kingdom,150.0,4560.0,60.0,0.5,25.0,30.0,80.0,0.15
2026-02-28,YouTube - Brand Awareness,YouTube,242,9,29.99,0,0.0,marketing jobs salary definition,jobs,broad,0,0.815,0.087,0.059,2.66,0.897,0.571,Tablet,Canada,150.0,4560.0,60.0,0.5,25.0,30.0,80.0,0.15
2026-02-28,YouTube - Brand Awareness,YouTube,199,10,11.61,0,0.0,how to reset google ads password,support,broad,0,0.815,0.087,0.059,2.15,0.897,0.571,Tablet,Canada,150.0,4560.0,60.0,0.5,25.0,30.0,80.0,0.15
2026-03-01,Google Search - Brand,Google Search,2808,52,148.45,6,616.99,,,,7,0.7,0.02,0.28,1.16,0.77,0.49,Desktop,Canada,150.0,4560.0,30.0,2.5,10.0,100.0,300.0,0.5
2026-03-01,Google Search - Brand,Google Search,364,7,8.67,0,0.0,forecastiq,forecastiq,exact,0,0.7,0.02,0.28,3.6,0.77,0.49,Tablet,Germany,150.0,4560.0,30.0,2.5,10.0,100.0,300.0,0.5
2026-03-01,Google Search - Brand,Google Search,417,20,20.0,1,93.79,forecastiq pricing,forecastiq,phrase,1,0.7,0.02,0.28,2.85,0.77,0.49,Tablet,United States,150.0,4560.0,30.0,2.5,10.0,100.0,300.0,0.5
2026-03-01,Google Search - Brand,Google Search,315,7,5.86,1,93.87,forecastiq software reviews,forecastiq,broad,1,0.7,0.02,0.28,1.32,0.77,0.49,Desktop,United States,150.0,4560.0,30.0,2.5,10.0,100.0,300.0,0.5
2026-03-01,Google Search - Brand,Google Search,324,18,32.97,0,0.0,forecastiq login portal,forecastiq,phrase,0,0.7,0.02,0.28,3.77,0.77,0.49,Tablet,United Kingdom,150.0,4560.0,30.0,2.5,10.0,100.0,300.0,0.5
2026-03-01,Google Search - NonBrand,Google Search,7448,152,430.39,10,559.6,,,,11,0.767,0.077,0.079,1.63,0.844,0.537,Desktop,United States,300.0,9120.0,40.0,1.5,15.0,60.0,150.0,0.35
2026-03-01,Google Search - NonBrand,Google Search,748,48,44.48,6,383.4,paid ads forecasting tool,forecasting tool,phrase,6,0.767,0.077,0.079,3.09,0.844,0.537,Mobile,United States,300.0,9120.0,40.0,1.5,15.0,60.0,150.0,0.35
2026-03-01,Google Search - NonBrand,Google Search,780,54,49.46,8,471.75,marketing forecasting software,forecasting tool,exact,9,0.767,0.077,0.079,1.97,0.844,0.537,Tablet,United States,300.0,9120.0,40.0,1.5,15.0,60.0,150.0,0.35
2026-03-01,Google Search - NonBrand,Google Search,877,27,33.01,5,286.77,ppc budget optimization planner,budget optimization,broad,5,0.767,0.077,0.079,1.33,0.844,0.537,Tablet,Canada,300.0,9120.0,40.0,1.5,15.0,60.0,150.0,0.35
2026-03-01,Google Search - NonBrand,Google Search,905,65,19.79,0,0.0,ads forecasting template excel,forecasting tool,broad,0,0.767,0.077,0.079,1.32,0.844,0.537,Desktop,Germany,300.0,9120.0,40.0,1.5,15.0,60.0,150.0,0.35
2026-03-01,Google Search - Competitors,Google Search,682,31,69.97,1,41.25,,,,1,0.621,0.181,0.106,2.49,0.683,0.435,Tablet,United States,100.0,3040.0,50.0,0.8,20.0,40.0,100.0,0.2
2026-03-01,Google Search - Competitors,Google Search,67,4,33.92,0,0.0,semrush forecasting tool alternative,semrush,phrase,0,0.621,0.181,0.106,1.49,0.683,0.435,Desktop,United Kingdom,100.0,3040.0,50.0,0.8,20.0,40.0,100.0,0.2
2026-03-01,Google Search - Competitors,Google Search,59,3,46.11,0,0.0,ahrefs traffic forecaster,ahrefs,broad,0,0.621,0.181,0.106,1.99,0.683,0.435,Desktop,Canada,100.0,3040.0,50.0,0.8,20.0,40.0,100.0,0.2
2026-03-01,Google Search - Competitors,Google Search,86,4,25.39,0,0.0,spyfu competitor ads budget planner,competitor template,broad,0,0.621,0.181,0.106,3.79,0.683,0.435,Mobile,Germany,100.0,3040.0,50.0,0.8,20.0,40.0,100.0,0.2
2026-03-01,Meta Ads - Prospecting,Meta,2806,46,54.4,1,75.02,,,,1,0.599,0.113,0.066,1.62,0.659,0.419,Desktop,Canada,200.0,6080.0,35.0,1.8,12.0,80.0,200.0,0.4
2026-03-01,Meta Ads - Retargeting,Meta,1512,24,44.37,1,123.44,,,,1,0.4,0.55,0.05,3.22,0.44,0.28,Desktop,United Kingdom,50.0,1520.0,25.0,3.5,8.0,120.0,400.0,0.6
2026-03-01,YouTube - Brand Awareness,YouTube,1890,54,91.16,0,0.0,,,,0,0.727,0.065,0.103,1.76,0.8,0.509,Tablet,United Kingdom,150.0,4560.0,60.0,0.5,25.0,30.0,80.0,0.15
2026-03-01,YouTube - Brand Awareness,YouTube,185,5,22.95,0,0.0,free advertising tutorial youtube,marketing tutorial,broad,0,0.727,0.065,0.103,1.26,0.8,0.509,Desktop,United States,150.0,4560.0,60.0,0.5,25.0,30.0,80.0,0.15
2026-03-01,YouTube - Brand Awareness,YouTube,224,17,15.58,0,0.0,cheap keyword planner software download,keyword planner,broad,0,0.727,0.065,0.103,3.52,0.8,0.509,Desktop,United States,150.0,4560.0,60.0,0.5,25.0,30.0,80.0,0.15
2026-03-01,YouTube - Brand Awareness,YouTube,238,17,30.41,0,0.0,marketing jobs salary definition,jobs,broad,0,0.727,0.065,0.103,2.91,0.8,0.509,Desktop,Germany,150.0,4560.0,60.0,0.5,25.0,30.0,80.0,0.15
2026-03-01,YouTube - Brand Awareness,YouTube,200,14,13.19,0,0.0,how to reset google ads password,support,broad,0,0.727,0.065,0.103,2.03,0.8,0.509,Mobile,United Kingdom,150.0,4560.0,60.0,0.5,25.0,30.0,80.0,0.15
2026-03-02,Google Search - Brand,Google Search,780,65,150.19,5,494.27,,,,6,0.7,0.02,0.28,2.15,0.77,0.49,Mobile,United States,150.0,4560.0,30.0,2.5,10.0,100.0,300.0,0.5
2026-03-02,Google Search - Brand,Google Search,105,4,6.58,0,0.0,forecastiq,forecastiq,exact,0,0.7,0.02,0.28,1.94,0.77,0.49,Desktop,United Kingdom,150.0,4560.0,30.0,2.5,10.0,100.0,300.0,0.5
2026-03-02,Google Search - Brand,Google Search,110,4,6.12,0,0.0,forecastiq pricing,forecastiq,phrase,0,0.7,0.02,0.28,2.14,0.77,0.49,Desktop,United Kingdom,150.0,4560.0,30.0,2.5,10.0,100.0,300.0,0.5
2026-03-02,Google Search - Brand,Google Search,98,6,6.27,0,0.0,forecastiq software reviews,forecastiq,broad,0,0.7,0.02,0.28,2.69,0.77,0.49,Tablet,United States,150.0,4560.0,30.0,2.5,10.0,100.0,300.0,0.5
2026-03-02,Google Search - Brand,Google Search,107,3,4.25,0,0.0,forecastiq login portal,forecastiq,phrase,0,0.7,0.02,0.28,1.63,0.77,0.49,Tablet,United Kingdom,150.0,4560.0,30.0,2.5,10.0,100.0,300.0,0.5
2026-03-02,Google Search - NonBrand,Google Search,8960,140,225.24,5,282.94,,,,5,0.574,0.144,0.096,2.41,0.631,0.402,Tablet,Canada,300.0,9120.0,40.0,1.5,15.0,60.0,150.0,0.35
2026-03-02,Google Search - NonBrand,Google Search,1145,23,42.52,3,162.58,paid ads forecasting tool,forecasting tool,phrase,3,0.574,0.144,0.096,2.57,0.631,0.402,Desktop,United States,300.0,9120.0,40.0,1.5,15.0,60.0,150.0,0.35
2026-03-02,Google Search - NonBrand,Google Search,872,25,41.87,4,247.63,marketing forecasting software,forecasting tool,exact,4,0.574,0.144,0.096,2.5,0.631,0.402,Tablet,United States,300.0,9120.0,40.0,1.5,15.0,60.0,150.0,0.35
2026-03-02,Google Search - NonBrand,Google Search,756,35,59.72,8,499.5,ppc budget optimization planner,budget optimization,broad,8,0.574,0.144,0.096,2.18,0.631,0.402,Mobile,United Kingdom,300.0,9120.0,40.0,1.5,15.0,60.0,150.0,0.35
2026-03-02,Google Search - NonBrand,Google Search,1319,61,17.28,0,0.0,ads forecasting template excel,forecasting tool,broad,0,0.574,0.144,0.096,2.63,0.631,0.402,Mobile,United States,300.0,9120.0,40.0,1.5,15.0,60.0,150.0,0.35
2026-03-02,Google Search - Competitors,Google Search,1416,59,133.66,2,84.0,,,,2,0.661,0.082,0.094,2.23,0.727,0.462,Tablet,United Kingdom,100.0,3040.0,50.0,0.8,20.0,40.0,100.0,0.2
2026-03-02,Google Search - Competitors,Google Search,127,3,37.36,0,0.0,semrush forecasting tool alternative,semrush,phrase,0,0.661,0.082,0.094,1.63,0.727,0.462,Mobile,United States,100.0,3040.0,50.0,0.8,20.0,40.0,100.0,0.2
2026-03-02,Google Search - Competitors,Google Search,207,13,48.53,0,0.0,ahrefs traffic forecaster,ahrefs,broad,0,0.661,0.082,0.094,1.69,0.727,0.462,Mobile,Germany,100.0,3040.0,50.0,0.8,20.0,40.0,100.0,0.2
2026-03-02,Google Search - Competitors,Google Search,127,3,23.12,0,0.0,spyfu competitor ads budget planner,competitor template,broad,0,0.661,0.082,0.094,1.77,0.727,0.462,Desktop,Germany,100.0,3040.0,50.0,0.8,20.0,40.0,100.0,0.2
2026-03-02,Meta Ads - Prospecting,Meta,4680,120,353.84,8,687.07,,,,8,0.597,0.13,0.178,3.29,0.657,0.418,Mobile,Canada,200.0,6080.0,35.0,1.8,12.0,80.0,200.0,0.4
2026-03-02,Meta Ads - Retargeting,Meta,1430,22,63.13,2,259.78,,,,2,0.4,0.55,0.05,2.92,0.44,0.28,Desktop,United Kingdom,50.0,1520.0,25.0,3.5,8.0,120.0,400.0,0.6
2026-03-02,YouTube - Brand Awareness,YouTube,1088,68,172.42,0,0.0,,,,0,0.899,0.232,0.079,1.5,0.989,0.629,Mobile,Germany,150.0,4560.0,60.0,0.5,25.0,30.0,80.0,0.15
2026-03-02,YouTube - Brand Awareness,YouTube,142,6,20.93,0,0.0,free advertising tutorial youtube,marketing tutorial,broad,0,0.899,0.232,0.079,3.16,0.989,0.629,Mobile,United Kingdom,150.0,4560.0,60.0,0.5,25.0,30.0,80.0,0.15
2026-03-02,YouTube - Brand Awareness,YouTube,113,6,16.55,0,0.0,cheap keyword planner software download,keyword planner,broad,0,0.899,0.232,0.079,3.25,0.989,0.629,Desktop,Germany,150.0,4560.0,60.0,0.5,25.0,30.0,80.0,0.15
2026-03-02,YouTube - Brand Awareness,YouTube,144,6,30.77,0,0.0,marketing jobs salary definition,jobs,broad,0,0.899,0.232,0.079,1.69,0.989,0.629,Desktop,United Kingdom,150.0,4560.0,60.0,0.5,25.0,30.0,80.0,0.15
2026-03-02,YouTube - Brand Awareness,YouTube,149,3,10.88,0,0.0,how to reset google ads password,support,broad,0,0.899,0.232,0.079,1.95,0.989,0.629,Tablet,Germany,150.0,4560.0,60.0,0.5,25.0,30.0,80.0,0.15
2026-03-03,Google Search - Brand,Google Search,4268,97,157.0,5,534.09,,,,5,0.7,0.02,0.28,2.33,0.77,0.49,Mobile,Germany,150.0,4560.0,30.0,2.5,10.0,100.0,300.0,0.5
2026-03-03,Google Search - Brand,Google Search,538,37,30.43,1,109.47,forecastiq,forecastiq,exact,1,0.7,0.02,0.28,2.56,0.77,0.49,Desktop,Canada,150.0,4560.0,30.0,2.5,10.0,100.0,300.0,0.5
2026-03-03,Google Search - Brand,Google Search,429,17,24.41,1,101.81,forecastiq pricing,forecastiq,phrase,1,0.7,0.02,0.28,1.22,0.77,0.49,Mobile,United Kingdom,150.0,4560.0,30.0,2.5,10.0,100.0,300.0,0.5
2026-03-03,Google Search - Brand,Google Search,446,11,14.22,1,96.89,forecastiq software reviews,forecastiq,broad,1,0.7,0.02,0.28,2.2,0.77,0.49,Desktop,United Kingdom,150.0,4560.0,30.0,2.5,10.0,100.0,300.0,0.5
2026-03-03,Google Search - Brand,Google Search,393,13,22.99,0,0.0,forecastiq login portal,forecastiq,phrase,0,0.7,0.02,0.28,3.15,0.77,0.49,Mobile,Canada,150.0,4560.0,30.0,2.5,10.0,100.0,300.0,0.5
2026-03-03,Google Search - NonBrand,Google Search,15678,234,326.64,10,597.73,,,,12,0.897,0.212,0.135,3.07,0.986,0.628,Mobile,United Kingdom,300.0,9120.0,40.0,1.5,15.0,60.0,150.0,0.35
2026-03-03,Google Search - NonBrand,Google Search,1904,107,137.72,15,935.16,paid ads forecasting tool,forecasting tool,phrase,16,0.897,0.212,0.135,1.76,0.986,0.628,Tablet,United States,300.0,9120.0,40.0,1.5,15.0,60.0,150.0,0.35
2026-03-03,Google Search - NonBrand,Google Search,1754,130,166.7,31,1847.21,marketing forecasting software,forecasting tool,exact,35,0.897,0.212,0.135,2.67,0.986,0.628,Desktop,United Kingdom,300.0,9120.0,40.0,1.5,15.0,60.0,150.0,0.35
2026-03-03,Google Search - NonBrand,Google Search,2309,152,180.25,33,2098.89,ppc budget optimization planner,budget optimization,broad,37,0.897,0.212,0.135,2.14,0.986,0.628,Tablet,Germany,300.0,9120.0,40.0,1.5,15.0,60.0,150.0,0.35
2026-03-03,Google Search - NonBrand,Google Search,2094,54,18.35,0,0.0,ads forecasting template excel,forecasting tool,broad,0,0.897,0.212,0.135,3.66,0.986,0.628,Desktop,Germany,300.0,9120.0,40.0,1.5,15.0,60.0,150.0,0.35
2026-03-03,Google Search - Competitors,Google Search,2016,36,107.96,1,43.13,,,,1,0.722,0.107,0.14,2.3,0.794,0.505,Desktop,United Kingdom,100.0,3040.0,50.0,0.8,20.0,40.0,100.0,0.2
2026-03-03,Google Search - Competitors,Google Search,262,9,32.82,0,0.0,semrush forecasting tool alternative,semrush,phrase,0,0.722,0.107,0.14,1.86,0.794,0.505,Mobile,Canada,100.0,3040.0,50.0,0.8,20.0,40.0,100.0,0.2
2026-03-03,Google Search - Competitors,Google Search,248,18,47.89,0,0.0,ahrefs traffic forecaster,ahrefs,broad,0,0.722,0.107,0.14,2.66,0.794,0.505,Tablet,Canada,100.0,3040.0,50.0,0.8,20.0,40.0,100.0,0.2
2026-03-03,Google Search - Competitors,Google Search,275,11,26.63,0,0.0,spyfu competitor ads budget planner,competitor template,broad,0,0.722,0.107,0.14,2.04,0.794,0.505,Mobile,United States,100.0,3040.0,50.0,0.8,20.0,40.0,100.0,0.2
2026-03-03,Meta Ads - Prospecting,Meta,5845,167,212.19,7,519.53,,,,8,0.759,0.162,0.141,1.34,0.835,0.531,Mobile,United Kingdom,200.0,6080.0,35.0,1.8,12.0,80.0,200.0,0.4
2026-03-03,Meta Ads - Retargeting,Meta,725,25,30.46,1,119.46,,,,1,0.4,0.55,0.05,2.43,0.44,0.28,Tablet,Canada,50.0,1520.0,25.0,3.5,8.0,120.0,400.0,0.6
2026-03-03,YouTube - Brand Awareness,YouTube,2660,76,208.9,0,0.0,,,,0,0.554,0.243,0.149,3.06,0.609,0.388,Tablet,Germany,150.0,4560.0,60.0,0.5,25.0,30.0,80.0,0.15
2026-03-03,YouTube - Brand Awareness,YouTube,249,14,23.27,0,0.0,free advertising tutorial youtube,marketing tutorial,broad,0,0.554,0.243,0.149,1.88,0.609,0.388,Tablet,United States,150.0,4560.0,60.0,0.5,25.0,30.0,80.0,0.15
2026-03-03,YouTube - Brand Awareness,YouTube,366,17,14.73,0,0.0,cheap keyword planner software download,keyword planner,broad,0,0.554,0.243,0.149,2.55,0.609,0.388,Tablet,Germany,150.0,4560.0,60.0,0.5,25.0,30.0,80.0,0.15
2026-03-03,YouTube - Brand Awareness,YouTube,304,23,27.44,0,0.0,marketing jobs salary definition,jobs,broad,0,0.554,0.243,0.149,3.49,0.609,0.388,Tablet,United States,150.0,4560.0,60.0,0.5,25.0,30.0,80.0,0.15
2026-03-03,YouTube - Brand Awareness,YouTube,298,9,12.11,0,0.0,how to reset google ads password,support,broad,0,0.554,0.243,0.149,2.95,0.609,0.388,Mobile,Germany,150.0,4560.0,60.0,0.5,25.0,30.0,80.0,0.15
2026-03-04,Google Search - Brand,Google Search,2772,84,116.21,4,415.26,,,,4,0.7,0.02,0.28,1.81,0.77,0.49,Mobile,United Kingdom,150.0,4560.0,30.0,2.5,10.0,100.0,300.0,0.5
2026-03-04,Google Search - Brand,Google Search,374,8,14.49,0,0.0,forecastiq,forecastiq,exact,0,0.7,0.02,0.28,2.75,0.77,0.49,Tablet,Germany,150.0,4560.0,30.0,2.5,10.0,100.0,300.0,0.5
2026-03-04,Google Search - Brand,Google Search,303,15,27.76,1,99.33,forecastiq pricing,forecastiq,phrase,1,0.7,0.02,0.28,3.72,0.77,0.49,Desktop,Canada,150.0,4560.0,30.0,2.5,10.0,100.0,300.0,0.5
2026-03-04,Google Search - Brand,Google Search,309,17,26.27,3,327.92,forecastiq software reviews,forecastiq,broad,3,0.7,0.02,0.28,1.44,0.77,0.49,Tablet,United Kingdom,150.0,4560.0,30.0,2.5,10.0,100.0,300.0,0.5
2026-03-04,Google Search - Brand,Google Search,356,13,22.35,0,0.0,forecastiq login portal,forecastiq,phrase,0,0.7,0.02,0.28,2.96,0.77,0.49,Desktop,United Kingdom,150.0,4560.0,30.0,2.5,10.0,100.0,300.0,0.5
2026-03-04,Google Search - NonBrand,Google Search,6750,135,343.28,8,488.14,,,,9,0.872,0.08,0.073,2.11,0.96,0.611,Tablet,Canada,300.0,9120.0,40.0,1.5,15.0,60.0,150.0,0.35
2026-03-04,Google Search - NonBrand,Google Search,741,21,26.1,3,173.54,paid ads forecasting tool,forecasting tool,phrase,3,0.872,0.08,0.073,1.92,0.96,0.611,Desktop,United Kingdom,300.0,9120.0,40.0,1.5,15.0,60.0,150.0,0.35
2026-03-04,Google Search - NonBrand,Google Search,800,45,54.23,10,620.36,marketing forecasting software,forecasting tool,exact,11,0.872,0.08,0.073,3.53,0.96,0.611,Desktop,United States,300.0,9120.0,40.0,1.5,15.0,60.0,150.0,0.35
2026-03-04,Google Search - NonBrand,Google Search,589,27,42.05,7,440.83,ppc budget optimization planner,budget optimization,broad,7,0.872,0.08,0.073,2.43,0.96,0.611,Tablet,United Kingdom,300.0,9120.0,40.0,1.5,15.0,60.0,150.0,0.35
2026-03-04,Google Search - NonBrand,Google Search,552,25,20.3,0,0.0,ads forecasting template excel,forecasting tool,broad,0,0.872,0.08,0.073,2.65,0.96,0.611,Mobile,Germany,300.0,9120.0,40.0,1.5,15.0,60.0,150.0,0.35
2026-03-04,Google Search - Competitors,Google Search,1634,43,85.61,1,37.79,,,,1,0.863,0.101,0.094,2.3,0.95,0.604,Tablet,United States,100.0,3040.0,50.0,0.8,20.0,40.0,100.0,0.2
2026-03-04,Google Search - Competitors,Google Search,162,7,38.32,0,0.0,semrush forecasting tool alternative,semrush,phrase,0,0.863,0.101,0.094,3.09,0.95,0.604,Desktop,Canada,100.0,3040.0,50.0,0.8,20.0,40.0,100.0,0.2
2026-03-04,Google Search - Competitors,Google Search,243,6,45.29,0,0.0,ahrefs traffic forecaster,ahrefs,broad,0,0.863,0.101,0.094,2.23,0.95,0.604,Mobile,Germany,100.0,3040.0,50.0,0.8,20.0,40.0,100.0,0.2
2026-03-04,Google Search - Competitors,Google Search,226,10,23.26,0,0.0,spyfu competitor ads budget planner,competitor template,broad,0,0.863,0.101,0.094,1.65,0.95,0.604,Desktop,United Kingdom,100.0,3040.0,50.0,0.8,20.0,40.0,100.0,0.2
2026-03-04,Meta Ads - Prospecting,Meta,4257,129,223.36,5,398.14,,,,6,0.71,0.053,0.162,1.41,0.781,0.497,Tablet,Canada,200.0,6080.0,35.0,1.8,12.0,80.0,200.0,0.4
2026-03-04,Meta Ads - Retargeting,Meta,210,15,16.43,0,0.0,,,,0,0.4,0.55,0.05,1.46,0.44,0.28,Mobile,Canada,50.0,1520.0,25.0,3.5,8.0,120.0,400.0,0.6
2026-03-04,YouTube - Brand Awareness,YouTube,1998,54,109.02,0,0.0,,,,0,0.568,0.108,0.141,1.84,0.625,0.398,Desktop,United Kingdom,150.0,4560.0,60.0,0.5,25.0,30.0,80.0,0.15
2026-03-04,YouTube - Brand Awareness,YouTube,188,13,24.06,0,0.0,free advertising tutorial youtube,marketing tutorial,broad,0,0.568,0.108,0.141,1.58,0.625,0.398,Desktop,Canada,150.0,4560.0,60.0,0.5,25.0,30.0,80.0,0.15
2026-03-04,YouTube - Brand Awareness,YouTube,205,11,14.73,0,0.0,cheap keyword planner software download,keyword planner,broad,0,0.568,0.108,0.141,2.82,0.625,0.398,Tablet,Canada,150.0,4560.0,60.0,0.5,25.0,30.0,80.0,0.15
2026-03-04,YouTube - Brand Awareness,YouTube,195,9,27.26,0,0.0,marketing jobs salary definition,jobs,broad,0,0.568,0.108,0.141,3.05,0.625,0.398,Mobile,United States,150.0,4560.0,60.0,0.5,25.0,30.0,80.0,0.15
2026-03-04,YouTube - Brand Awareness,YouTube,250,13,12.92,0,0.0,how to reset google ads password,support,broad,0,0.568,0.108,0.141,2.6,0.625,0.398,Mobile,Germany,150.0,4560.0,60.0,0.5,25.0,30.0,80.0,0.15
2026-03-05,Google Search - Brand,Google Search,2580,60,146.03,5,501.48,,,,5,0.7,0.02,0.28,1.65,0.77,0.49,Tablet,United States,150.0,4560.0,30.0,2.5,10.0,100.0,300.0,0.5
2026-03-05,Google Search - Brand,Google Search,240,16,23.18,0,0.0,forecastiq,forecastiq,exact,0,0.7,0.02,0.28,2.74,0.77,0.49,Mobile,Germany,150.0,4560.0,30.0,2.5,10.0,100.0,300.0,0.5
2026-03-05,Google Search - Brand,Google Search,381,17,23.73,1,98.43,forecastiq pricing,forecastiq,phrase,1,0.7,0.02,0.28,2.1,0.77,0.49,Mobile,United States,150.0,4560.0,30.0,2.5,10.0,100.0,300.0,0.5
2026-03-05,Google Search - Brand,Google Search,333,14,23.12,2,215.16,forecastiq software reviews,forecastiq,broad,2,0.7,0.02,0.28,1.84,0.77,0.49,Tablet,Germany,150.0,4560.0,30.0,2.5,10.0,100.0,300.0,0.5
2026-03-05,Google Search - Brand,Google Search,303,9,17.67,0,0.0,forecastiq login portal,forecastiq,phrase,0,0.7,0.02,0.28,2.92,0.77,0.49,Mobile,Germany,150.0,4560.0,30.0,2.5,10.0,100.0,300.0,0.5
2026-03-05,Google Search - NonBrand,Google Search,6237,189,344.55,7,386.31,,,,7,0.873,0.082,0.097,3.38,0.961,0.611,Tablet,Germany,300.0,9120.0,40.0,1.5,15.0,60.0,150.0,0.35
2026-03-05,Google Search - NonBrand,Google Search,516,19,33.33,2,124.95,paid ads forecasting tool,forecasting tool,phrase,2,0.873,0.082,0.097,2.25,0.961,0.611,Desktop,Germany,300.0,9120.0,40.0,1.5,15.0,60.0,150.0,0.35
2026-03-05,Google Search - NonBrand,Google Search,747,56,106.27,9,497.09,marketing forecasting software,forecasting tool,exact,9,0.873,0.082,0.097,3.02,0.961,0.611,Mobile,United Kingdom,300.0,9120.0,40.0,1.5,15.0,60.0,150.0,0.35
2026-03-05,Google Search - NonBrand,Google Search,652,45,47.45,11,610.51,ppc budget optimization planner,budget optimization,broad,11,0.873,0.082,0.097,1.57,0.961,0.611,Tablet,United States,300.0,9120.0,40.0,1.5,15.0,60.0,150.0,0.35
2026-03-05,Google Search - NonBrand,Google Search,837,20,17.05,0,0.0,ads forecasting template excel,forecasting tool,broad,0,0.873,0.082,0.097,1.31,0.961,0.611,Mobile,Germany,300.0,9120.0,40.0,1.5,15.0,60.0,150.0,0.35
2026-03-05,Google Search - Competitors,Google Search,5680,71,84.93,1,40.45,,,,1,0.815,0.197,0.175,1.65,0.896,0.57,Desktop,Germany,100.0,3040.0,50.0,0.8,20.0,40.0,100.0,0.2
2026-03-05,Google Search - Competitors,Google Search,508,28,32.05,0,0.0,semrush forecasting tool alternative,semrush,phrase,0,0.815,0.197,0.175,1.85,0.896,0.57,Mobile,Germany,100.0,3040.0,50.0,0.8,20.0,40.0,100.0,0.2
2026-03-05,Google Search - Competitors,Google Search,669,24,45.7,0,0.0,ahrefs traffic forecaster,ahrefs,broad,0,0.815,0.197,0.175,1.84,0.896,0.57,Desktop,United Kingdom,100.0,3040.0,50.0,0.8,20.0,40.0,100.0,0.2
2026-03-05,Google Search - Competitors,Google Search,769,34,24.6,0,0.0,spyfu competitor ads budget planner,competitor template,broad,0,0.815,0.197,0.175,3.49,0.896,0.57,Desktop,Germany,100.0,3040.0,50.0,0.8,20.0,40.0,100.0,0.2
2026-03-05,Meta Ads - Prospecting,Meta,4320,60,137.96,4,324.79,,,,4,0.71,0.239,0.073,2.65,0.781,0.497,Tablet,Canada,200.0,6080.0,35.0,1.8,12.0,80.0,200.0,0.4
2026-03-05,Meta Ads - Retargeting,Meta,1104,23,27.31,1,113.2,,,,1,0.4,0.55,0.05,1.32,0.44,0.28,Mobile,United Kingdom,50.0,1520.0,25.0,3.5,8.0,120.0,400.0,0.6
2026-03-05,YouTube - Brand Awareness,YouTube,913,83,94.63,0,0.0,,,,0,0.872,0.121,0.118,2.48,0.959,0.61,Tablet,United States,150.0,4560.0,60.0,0.5,25.0,30.0,80.0,0.15
2026-03-05,YouTube - Brand Awareness,YouTube,75,4,22.77,0,0.0,free advertising tutorial youtube,marketing tutorial,broad,0,0.872,0.121,0.118,1.22,0.959,0.61,Desktop,United Kingdom,150.0,4560.0,60.0,0.5,25.0,30.0,80.0,0.15
2026-03-05,YouTube - Brand Awareness,YouTube,80,4,16.43,0,0.0,cheap keyword planner software download,keyword planner,broad,0,0.872,0.121,0.118,2.6,0.959,0.61,Tablet,Canada,150.0,4560.0,60.0,0.5,25.0,30.0,80.0,0.15
2026-03-05,YouTube - Brand Awareness,YouTube,85,6,27.19,0,0.0,marketing jobs salary definition,jobs,broad,0,0.872,0.121,0.118,2.62,0.959,0.61,Tablet,Canada,150.0,4560.0,60.0,0.5,25.0,30.0,80.0,0.15
2026-03-05,YouTube - Brand Awareness,YouTube,114,5,12.73,0,0.0,how to reset google ads password,support,broad,0,0.872,0.121,0.118,2.06,0.959,0.61,Tablet,Canada,150.0,4560.0,60.0,0.5,25.0,30.0,80.0,0.15
2026-03-06,Google Search - Brand,Google Search,2943,109,128.68,3,277.9,,,,3,0.7,0.02,0.28,2.04,0.77,0.49,Mobile,Germany,150.0,4560.0,30.0,2.5,10.0,100.0,300.0,0.5
2026-03-06,Google Search - Brand,Google Search,411,8,6.72,0,0.0,forecastiq,forecastiq,exact,0,0.7,0.02,0.28,1.27,0.77,0.49,Desktop,United States,150.0,4560.0,30.0,2.5,10.0,100.0,300.0,0.5
2026-03-06,Google Search - Brand,Google Search,398,17,14.04,1,106.29,forecastiq pricing,forecastiq,phrase,1,0.7,0.02,0.28,2.35,0.77,0.49,Tablet,United Kingdom,150.0,4560.0,30.0,2.5,10.0,100.0,300.0,0.5
2026-03-06,Google Search - Brand,Google Search,269,20,18.23,3,327.92,forecastiq software reviews,forecastiq,broad,3,0.7,0.02,0.28,1.49,0.77,0.49,Mobile,Germany,150.0,4560.0,30.0,2.5,10.0,100.0,300.0,0.5
2026-03-06,Google Search - Brand,Google Search,377,18,15.25,0,0.0,forecastiq login portal,forecastiq,phrase,0,0.7,0.02,0.28,3.47,0.77,0.49,Mobile,Germany,150.0,4560.0,30.0,2.5,10.0,100.0,300.0,0.5
2026-03-06,Google Search - NonBrand,Google Search,10725,143,257.14,5,305.42,,,,5,0.704,0.079,0.062,1.84,0.774,0.493,Tablet,United States,300.0,9120.0,40.0,1.5,15.0,60.0,150.0,0.35
2026-03-06,Google Search - NonBrand,Google Search,1568,78,105.96,10,568.13,paid ads forecasting tool,forecasting tool,phrase,11,0.704,0.079,0.062,3.04,0.774,0.493,Desktop,United States,300.0,9120.0,40.0,1.5,15.0,60.0,150.0,0.35
2026-03-06,Google Search - NonBrand,Google Search,1060,24,21.9,4,241.25,marketing forecasting software,forecasting tool,exact,4,0.704,0.079,0.062,1.23,0.774,0.493,Mobile,United Kingdom,300.0,9120.0,40.0,1.5,15.0,60.0,150.0,0.35
2026-03-06,Google Search - NonBrand,Google Search,1272,70,103.09,18,979.55,ppc budget optimization planner,budget optimization,broad,19,0.704,0.079,0.062,3.25,0.774,0.493,Tablet,Canada,300.0,9120.0,40.0,1.5,15.0,60.0,150.0,0.35
2026-03-06,Google Search - NonBrand,Google Search,972,48,17.95,0,0.0,ads forecasting template excel,forecasting tool,broad,0,0.704,0.079,0.062,1.64,0.774,0.493,Mobile,United States,300.0,9120.0,40.0,1.5,15.0,60.0,150.0,0.35
2026-03-06,Google Search - Competitors,Google Search,1551,47,111.63,2,77.02,,,,2,0.604,0.132,0.126,3.31,0.665,0.423,Mobile,United States,100.0,3040.0,50.0,0.8,20.0,40.0,100.0,0.2
2026-03-06,Google Search - Competitors,Google Search,125,7,34.37,0,0.0,semrush forecasting tool alternative,semrush,phrase,0,0.604,0.132,0.126,1.67,0.665,0.423,Mobile,Germany,100.0,3040.0,50.0,0.8,20.0,40.0,100.0,0.2
2026-03-06,Google Search - Competitors,Google Search,206,5,45.05,0,0.0,ahrefs traffic forecaster,ahrefs,broad,0,0.604,0.132,0.126,3.48,0.665,0.423,Mobile,Canada,100.0,3040.0,50.0,0.8,20.0,40.0,100.0,0.2
2026-03-06,Google Search - Competitors,Google Search,177,5,22.63,0,0.0,spyfu competitor ads budget planner,competitor template,broad,0,0.604,0.132,0.126,1.47,0.665,0.423,Mobile,Germany,100.0,3040.0,50.0,0.8,20.0,40.0,100.0,0.2
2026-03-06,Meta Ads - Prospecting,Meta,730,73,109.71,3,258.31,,,,3,0.666,0.054,0.183,2.02,0.732,0.466,Mobile,Germany,200.0,6080.0,35.0,1.8,12.0,80.0,200.0,0.4
2026-03-06,Meta Ads - Retargeting,Meta,440,22,48.33,2,232.62,,,,2,0.4,0.55,0.05,3.06,0.44,0.28,Mobile,United Kingdom,50.0,1520.0,25.0,3.5,8.0,120.0,400.0,0.6
2026-03-06,YouTube - Brand Awareness,YouTube,2728,62,166.58,0,0.0,,,,0,0.9,0.226,0.09,2.51,0.99,0.63,Tablet,Canada,150.0,4560.0,60.0,0.5,25.0,30.0,80.0,0.15
2026-03-06,YouTube - Brand Awareness,YouTube,275,17,22.81,0,0.0,free advertising tutorial youtube,marketing tutorial,broad,0,0.9,0.226,0.09,1.36,0.99,0.63,Mobile,United States,150.0,4560.0,60.0,0.5,25.0,30.0,80.0,0.15
2026-03-06,YouTube - Brand Awareness,YouTube,370,15,17.14,0,0.0,cheap keyword planner software download,keyword planner,broad,0,0.9,0.226,0.09,2.53,0.99,0.63,Mobile,Canada,150.0,4560.0,60.0,0.5,25.0,30.0,80.0,0.15
2026-03-06,YouTube - Brand Awareness,YouTube,321,20,29.05,0,0.0,marketing jobs salary definition,jobs,broad,0,0.9,0.226,0.09,2.29,0.99,0.63,Tablet,United Kingdom,150.0,4560.0,60.0,0.5,25.0,30.0,80.0,0.15
2026-03-06,YouTube - Brand Awareness,YouTube,347,19,10.96,0,0.0,how to reset google ads password,support,broad,0,0.9,0.226,0.09,2.06,0.99,0.63,Desktop,United Kingdom,150.0,4560.0,60.0,0.5,25.0,30.0,80.0,0.15
2026-03-07,Google Search - Brand,Google Search,744,62,176.88,6,641.55,,,,7,0.7,0.02,0.28,2.85,0.77,0.49,Tablet,United States,150.0,4560.0,30.0,2.5,10.0,100.0,300.0,0.5
2026-03-07,Google Search - Brand,Google Search,97,2,2.69,0,0.0,forecastiq,forecastiq,exact,0,0.7,0.02,0.28,2.41,0.77,0.49,Desktop,United States,150.0,4560.0,30.0,2.5,10.0,100.0,300.0,0.5
2026-03-07,Google Search - Brand,Google Search,104,4,3.8,0,0.0,forecastiq pricing,forecastiq,phrase,0,0.7,0.02,0.28,1.83,0.77,0.49,Tablet,United Kingdom,150.0,4560.0,30.0,2.5,10.0,100.0,300.0,0.5
2026-03-07,Google Search - Brand,Google Search,78,3,2.84,0,0.0,forecastiq software reviews,forecastiq,broad,0,0.7,0.02,0.28,1.76,0.77,0.49,Desktop,United States,150.0,4560.0,30.0,2.5,10.0,100.0,300.0,0.5
2026-03-07,Google Search - Brand,Google Search,77,6,9.59,0,0.0,forecastiq login portal,forecastiq,phrase,0,0.7,0.02,0.28,2.85,0.77,0.49,Tablet,United Kingdom,150.0,4560.0,30.0,2.5,10.0,100.0,300.0,0.5
2026-03-07,Google Search - NonBrand,Google Search,5162,89,207.26,6,355.42,,,,6,0.606,0.151,0.108,3.31,0.667,0.425,Mobile,Canada,300.0,9120.0,40.0,1.5,15.0,60.0,150.0,0.35
2026-03-07,Google Search - NonBrand,Google Search,688,35,49.49,6,379.09,paid ads forecasting tool,forecasting tool,phrase,6,0.606,0.151,0.108,3.44,0.667,0.425,Tablet,United Kingdom,300.0,9120.0,40.0,1.5,15.0,60.0,150.0,0.35
2026-03-07,Google Search - NonBrand,Google Search,495,24,28.48,5,319.03,marketing forecasting software,forecasting tool,exact,5,0.606,0.151,0.108,3.59,0.667,0.425,Mobile,United Kingdom,300.0,9120.0,40.0,1.5,15.0,60.0,150.0,0.35
2026-03-07,Google Search - NonBrand,Google Search,558,39,45.14,10,624.12,ppc budget optimization planner,budget optimization,broad,11,0.606,0.151,0.108,1.23,0.667,0.425,Tablet,Canada,300.0,9120.0,40.0,1.5,15.0,60.0,150.0,0.35
2026-03-07,Google Search - NonBrand,Google Search,593,30,17.18,0,0.0,ads forecasting template excel,forecasting tool,broad,0,0.606,0.151,0.108,2.92,0.667,0.425,Tablet,Germany,300.0,9120.0,40.0,1.5,15.0,60.0,150.0,0.35
2026-03-07,Google Search - Competitors,Google Search,3192,57,157.36,3,113.23,,,,3,0.809,0.064,0.066,2.87,0.89,0.567,Mobile,Canada,100.0,3040.0,50.0,0.8,20.0,40.0,100.0,0.2
2026-03-07,Google Search - Competitors,Google Search,475,23,32.31,0,0.0,semrush forecasting tool alternative,semrush,phrase,0,0.809,0.064,0.066,1.49,0.89,0.567,Mobile,Germany,100.0,3040.0,50.0,0.8,20.0,40.0,100.0,0.2
2026-03-07,Google Search - Competitors,Google Search,416,14,41.78,0,0.0,ahrefs traffic forecaster,ahrefs,broad,0,0.809,0.064,0.066,2.69,0.89,0.567,Tablet,Canada,100.0,3040.0,50.0,0.8,20.0,40.0,100.0,0.2
2026-03-07,Google Search - Competitors,Google Search,316,19,25.98,0,0.0,spyfu competitor ads budget planner,competitor template,broad,0,0.809,0.064,0.066,1.47,0.89,0.567,Tablet,Canada,100.0,3040.0,50.0,0.8,20.0,40.0,100.0,0.2
2026-03-07,Meta Ads - Prospecting,Meta,9782,134,291.33,10,742.86,,,,12,0.599,0.186,0.173,1.18,0.659,0.419,Desktop,United Kingdom,200.0,6080.0,35.0,1.8,12.0,80.0,200.0,0.4
2026-03-07,Meta Ads - Retargeting,Meta,385,11,25.11,1,130.51,,,,1,0.4,0.55,0.05,3.01,0.44,0.28,Desktop,Canada,50.0,1520.0,25.0,3.5,8.0,120.0,400.0,0.6
2026-03-07,YouTube - Brand Awareness,YouTube,765,45,132.79,0,0.0,,,,0,0.7,0.2,0.177,2.62,0.77,0.49,Tablet,United Kingdom,150.0,4560.0,60.0,0.5,25.0,30.0,80.0,0.15
2026-03-07,YouTube - Brand Awareness,YouTube,77,3,20.17,0,0.0,free advertising tutorial youtube,marketing tutorial,broad,0,0.7,0.2,0.177,2.63,0.77,0.49,Desktop,Canada,150.0,4560.0,60.0,0.5,25.0,30.0,80.0,0.15
2026-03-07,YouTube - Brand Awareness,YouTube,92,3,17.07,0,0.0,cheap keyword planner software download,keyword planner,broad,0,0.7,0.2,0.177,1.72,0.77,0.49,Desktop,Germany,150.0,4560.0,60.0,0.5,25.0,30.0,80.0,0.15
2026-03-07,YouTube - Brand Awareness,YouTube,79,2,28.83,0,0.0,marketing jobs salary definition,jobs,broad,0,0.7,0.2,0.177,2.93,0.77,0.49,Desktop,Germany,150.0,4560.0,60.0,0.5,25.0,30.0,80.0,0.15
2026-03-07,YouTube - Brand Awareness,YouTube,106,5,11.71,0,0.0,how to reset google ads password,support,broad,0,0.7,0.2,0.177,2.8,0.77,0.49,Mobile,Canada,150.0,4560.0,60.0,0.5,25.0,30.0,80.0,0.15
2026-03-08,Google Search - Brand,Google Search,1740,60,66.86,2,210.45,,,,2,0.7,0.02,0.28,2.2,0.77,0.49,Tablet,United Kingdom,150.0,4560.0,30.0,2.5,10.0,100.0,300.0,0.5
2026-03-08,Google Search - Brand,Google Search,164,4,5.74,0,0.0,forecastiq,forecastiq,exact,0,0.7,0.02,0.28,2.82,0.77,0.49,Desktop,Canada,150.0,4560.0,30.0,2.5,10.0,100.0,300.0,0.5
2026-03-08,Google Search - Brand,Google Search,202,4,7.73,0,0.0,forecastiq pricing,forecastiq,phrase,0,0.7,0.02,0.28,1.91,0.77,0.49,Desktop,Canada,150.0,4560.0,30.0,2.5,10.0,100.0,300.0,0.5
2026-03-08,Google Search - Brand,Google Search,251,6,7.53,0,0.0,forecastiq software reviews,forecastiq,broad,0,0.7,0.02,0.28,2.85,0.77,0.49,Tablet,United Kingdom,150.0,4560.0,30.0,2.5,10.0,100.0,300.0,0.5
2026-03-08,Google Search - Brand,Google Search,225,7,11.53,0,0.0,forecastiq login portal,forecastiq,phrase,0,0.7,0.02,0.28,2.08,0.77,0.49,Desktop,United States,150.0,4560.0,30.0,2.5,10.0,100.0,300.0,0.5
2026-03-08,Google Search - NonBrand,Google Search,4050,135,347.41,8,451.7,,,,9,0.873,0.104,0.091,1.85,0.961,0.611,Mobile,United States,300.0,9120.0,40.0,1.5,15.0,60.0,150.0,0.35
2026-03-08,Google Search - NonBrand,Google Search,545,21,24.02,2,118.32,paid ads forecasting tool,forecasting tool,phrase,2,0.873,0.104,0.091,2.26,0.961,0.611,Mobile,United Kingdom,300.0,9120.0,40.0,1.5,15.0,60.0,150.0,0.35
2026-03-08,Google Search - NonBrand,Google Search,412,10,11.99,1,61.46,marketing forecasting software,forecasting tool,exact,1,0.873,0.104,0.091,2.08,0.961,0.611,Mobile,Canada,300.0,9120.0,40.0,1.5,15.0,60.0,150.0,0.35
2026-03-08,Google Search - NonBrand,Google Search,400,17,13.98,4,226.18,ppc budget optimization planner,budget optimization,broad,4,0.873,0.104,0.091,1.88,0.961,0.611,Mobile,Canada,300.0,9120.0,40.0,1.5,15.0,60.0,150.0,0.35
2026-03-08,Google Search - NonBrand,Google Search,364,19,16.79,0,0.0,ads forecasting template excel,forecasting tool,broad,0,0.873,0.104,0.091,1.58,0.961,0.611,Tablet,United States,300.0,9120.0,40.0,1.5,15.0,60.0,150.0,0.35
2026-03-08,Google Search - Competitors,Google Search,726,66,179.24,4,157.04,,,,4,0.609,0.12,0.182,2.34,0.67,0.426,Tablet,Germany,100.0,3040.0,50.0,0.8,20.0,40.0,100.0,0.2
2026-03-08,Google Search - Competitors,Google Search,62,3,35.35,0,0.0,semrush forecasting tool alternative,semrush,phrase,0,0.609,0.12,0.182,2.18,0.67,0.426,Tablet,Germany,100.0,3040.0,50.0,0.8,20.0,40.0,100.0,0.2
2026-03-08,Google Search - Competitors,Google Search,102,7,48.95,0,0.0,ahrefs traffic forecaster,ahrefs,broad,0,0.609,0.12,0.182,3.79,0.67,0.426,Mobile,Germany,100.0,3040.0,50.0,0.8,20.0,40.0,100.0,0.2
2026-03-08,Google Search - Competitors,Google Search,78,2,25.77,0,0.0,spyfu competitor ads budget planner,competitor template,broad,0,0.609,0.12,0.182,2.29,0.67,0.426,Desktop,United Kingdom,100.0,3040.0,50.0,0.8,20.0,40.0,100.0,0.2
2026-03-08,Meta Ads - Prospecting,Meta,1128,47,122.08,3,237.02,,,,3,0.876,0.114,0.14,2.28,0.963,0.613,Desktop,Canada,200.0,6080.0,35.0,1.8,12.0,80.0,200.0,0.4
2026-03-08,Meta Ads - Retargeting,Meta,1200,15,40.94,1,113.57,,,,1,0.4,0.55,0.05,1.7,0.44,0.28,Mobile,Germany,50.0,1520.0,25.0,3.5,8.0,120.0,400.0,0.6
2026-03-08,YouTube - Brand Awareness,YouTube,1068,89,213.73,0,0.0,,,,0,0.644,0.247,0.083,3.34,0.709,0.451,Mobile,Canada,150.0,4560.0,60.0,0.5,25.0,30.0,80.0,0.15
2026-03-08,YouTube - Brand Awareness,YouTube,116,8,20.3,0,0.0,free advertising tutorial youtube,marketing tutorial,broad,0,0.644,0.247,0.083,2.45,0.709,0.451,Mobile,Germany,150.0,4560.0,60.0,0.5,25.0,30.0,80.0,0.15
2026-03-08,YouTube - Brand Awareness,YouTube,143,3,14.59,0,0.0,cheap keyword planner software download,keyword planner,broad,0,0.644,0.247,0.083,3.46,0.709,0.451,Desktop,United Kingdom,150.0,4560.0,60.0,0.5,25.0,30.0,80.0,0.15
2026-03-08,YouTube - Brand Awareness,YouTube,88,4,32.9,0,0.0,marketing jobs salary definition,jobs,broad,0,0.644,0.247,0.083,2.6,0.709,0.451,Desktop,United Kingdom,150.0,4560.0,60.0,0.5,25.0,30.0,80.0,0.15
2026-03-08,YouTube - Brand Awareness,YouTube,108,4,13.05,0,0.0,how to reset google ads password,support,broad,0,0.644,0.247,0.083,2.2,0.709,0.451,Mobile,United Kingdom,150.0,4560.0,60.0,0.5,25.0,30.0,80.0,0.15
2026-03-09,Google Search - Brand,Google Search,3422,58,161.41,5,542.8,,,,5,0.7,0.02,0.28,1.31,0.77,0.49,Tablet,United States,150.0,4560.0,30.0,2.5,10.0,100.0,300.0,0.5
2026-03-09,Google Search - Brand,Google Search,449,28,49.53,1,104.32,forecastiq,forecastiq,exact,1,0.7,0.02,0.28,3.44,0.77,0.49,Tablet,United Kingdom,150.0,4560.0,30.0,2.5,10.0,100.0,300.0,0.5
2026-03-09,Google Search - Brand,Google Search,493,20,17.32,1,100.08,forecastiq pricing,forecastiq,phrase,1,0.7,0.02,0.28,2.75,0.77,0.49,Desktop,United States,150.0,4560.0,30.0,2.5,10.0,100.0,300.0,0.5
2026-03-09,Google Search - Brand,Google Search,496,13,18.31,1,106.96,forecastiq software reviews,forecastiq,broad,1,0.7,0.02,0.28,3.72,0.77,0.49,Mobile,Germany,150.0,4560.0,30.0,2.5,10.0,100.0,300.0,0.5
2026-03-09,Google Search - Brand,Google Search,354,24,32.41,0,0.0,forecastiq login portal,forecastiq,phrase,0,0.7,0.02,0.28,2.39,0.77,0.49,Mobile,United Kingdom,150.0,4560.0,30.0,2.5,10.0,100.0,300.0,0.5
2026-03-09,Google Search - NonBrand,Google Search,4690,134,313.87,8,467.57,,,,8,0.696,0.132,0.176,1.18,0.766,0.487,Tablet,Germany,300.0,9120.0,40.0,1.5,15.0,60.0,150.0,0.35
2026-03-09,Google Search - NonBrand,Google Search,537,33,41.19,5,316.18,paid ads forecasting tool,forecasting tool,phrase,5,0.696,0.132,0.176,1.5,0.766,0.487,Mobile,Canada,300.0,9120.0,40.0,1.5,15.0,60.0,150.0,0.35
2026-03-09,Google Search - NonBrand,Google Search,594,44,71.46,10,586.38,marketing forecasting software,forecasting tool,exact,10,0.696,0.132,0.176,2.16,0.766,0.487,Mobile,United States,300.0,9120.0,40.0,1.5,15.0,60.0,150.0,0.35
2026-03-09,Google Search - NonBrand,Google Search,651,30,35.5,6,354.97,ppc budget optimization planner,budget optimization,broad,7,0.696,0.132,0.176,1.64,0.766,0.487,Tablet,Canada,300.0,9120.0,40.0,1.5,15.0,60.0,150.0,0.35
2026-03-09,Google Search - NonBrand,Google Search,534,14,19.82,0,0.0,ads forecasting template excel,forecasting tool,broad,0,0.696,0.132,0.176,2.01,0.766,0.487,Tablet,Germany,300.0,9120.0,40.0,1.5,15.0,60.0,150.0,0.35
2026-03-09,Google Search - Competitors,Google Search,855,57,147.57,3,117.65,,,,3,0.868,0.194,0.19,3.0,0.955,0.608,Tablet,Canada,100.0,3040.0,50.0,0.8,20.0,40.0,100.0,0.2
2026-03-09,Google Search - Competitors,Google Search,96,6,35.96,0,0.0,semrush forecasting tool alternative,semrush,phrase,0,0.868,0.194,0.19,2.88,0.955,0.608,Tablet,United States,100.0,3040.0,50.0,0.8,20.0,40.0,100.0,0.2
2026-03-09,Google Search - Competitors,Google Search,121,5,46.68,0,0.0,ahrefs traffic forecaster,ahrefs,broad,0,0.868,0.194,0.19,2.5,0.955,0.608,Desktop,Germany,100.0,3040.0,50.0,0.8,20.0,40.0,100.0,0.2
2026-03-09,Google Search - Competitors,Google Search,98,6,23.2,0,0.0,spyfu competitor ads budget planner,competitor template,broad,0,0.868,0.194,0.19,3.32,0.955,0.608,Mobile,Germany,100.0,3040.0,50.0,0.8,20.0,40.0,100.0,0.2
2026-03-09,Meta Ads - Prospecting,Meta,5499,141,344.35,10,729.35,,,,10,0.761,0.126,0.114,3.33,0.837,0.533,Desktop,Germany,200.0,6080.0,35.0,1.8,12.0,80.0,200.0,0.4
2026-03-09,Meta Ads - Retargeting,Meta,2613,39,71.32,2,222.2,,,,2,0.4,0.55,0.05,3.12,0.44,0.28,Desktop,United States,50.0,1520.0,25.0,3.5,8.0,120.0,400.0,0.6
2026-03-09,YouTube - Brand Awareness,YouTube,2967,69,140.59,0,0.0,,,,0,0.657,0.108,0.18,1.2,0.723,0.46,Desktop,United Kingdom,150.0,4560.0,60.0,0.5,25.0,30.0,80.0,0.15
2026-03-09,YouTube - Brand Awareness,YouTube,376,25,23.04,0,0.0,free advertising tutorial youtube,marketing tutorial,broad,0,0.657,0.108,0.18,3.71,0.723,0.46,Tablet,United States,150.0,4560.0,60.0,0.5,25.0,30.0,80.0,0.15
2026-03-09,YouTube - Brand Awareness,YouTube,432,19,16.36,0,0.0,cheap keyword planner software download,keyword planner,broad,0,0.657,0.108,0.18,2.13,0.723,0.46,Desktop,Canada,150.0,4560.0,60.0,0.5,25.0,30.0,80.0,0.15
2026-03-09,YouTube - Brand Awareness,YouTube,297,23,32.22,0,0.0,marketing jobs salary definition,jobs,broad,0,0.657,0.108,0.18,2.29,0.723,0.46,Tablet,Canada,150.0,4560.0,60.0,0.5,25.0,30.0,80.0,0.15
2026-03-09,YouTube - Brand Awareness,YouTube,391,20,12.52,0,0.0,how to reset google ads password,support,broad,0,0.657,0.108,0.18,3.21,0.723,0.46,Mobile,United States,150.0,4560.0,60.0,0.5,25.0,30.0,80.0,0.15
2026-03-10,Google Search - Brand,Google Search,6468,84,215.82,8,821.26,,,,8,0.7,0.02,0.28,1.26,0.77,0.49,Mobile,United Kingdom,150.0,4560.0,30.0,2.5,10.0,100.0,300.0,0.5
2026-03-10,Google Search - Brand,Google Search,752,21,36.13,1,96.54,forecastiq,forecastiq,exact,1,0.7,0.02,0.28,1.74,0.77,0.49,Tablet,United Kingdom,150.0,4560.0,30.0,2.5,10.0,100.0,300.0,0.5
2026-03-10,Google Search - Brand,Google Search,767,15,22.08,1,109.56,forecastiq pricing,forecastiq,phrase,1,0.7,0.02,0.28,3.02,0.77,0.49,Mobile,United States,150.0,4560.0,30.0,2.5,10.0,100.0,300.0,0.5
2026-03-10,Google Search - Brand,Google Search,579,35,44.41,5,479.89,forecastiq software reviews,forecastiq,broad,5,0.7,0.02,0.28,3.12,0.77,0.49,Tablet,Canada,150.0,4560.0,30.0,2.5,10.0,100.0,300.0,0.5
2026-03-10,Google Search - Brand,Google Search,679,51,65.24,1,93.33,forecastiq login portal,forecastiq,phrase,1,0.7,0.02,0.28,2.0,0.77,0.49,Desktop,United Kingdom,150.0,4560.0,30.0,2.5,10.0,100.0,300.0,0.5
2026-03-10,Google Search - NonBrand,Google Search,2278,134,205.12,5,302.52,,,,5,0.571,0.21,0.155,1.81,0.628,0.399,Mobile,Germany,300.0,9120.0,40.0,1.5,15.0,60.0,150.0,0.35
2026-03-10,Google Search - NonBrand,Google Search,307,14,23.95,2,122.25,paid ads forecasting tool,forecasting tool,phrase,2,0.571,0.21,0.155,1.35,0.628,0.399,Tablet,Canada,300.0,9120.0,40.0,1.5,15.0,60.0,150.0,0.35
2026-03-10,Google Search - NonBrand,Google Search,296,18,18.85,3,172.85,marketing forecasting software,forecasting tool,exact,3,0.571,0.21,0.155,2.16,0.628,0.399,Tablet,United Kingdom,300.0,9120.0,40.0,1.5,15.0,60.0,150.0,0.35
2026-03-10,Google Search - NonBrand,Google Search,269,10,10.74,2,119.72,ppc budget optimization planner,budget optimization,broad,2,0.571,0.21,0.155,1.36,0.628,0.399,Desktop,Canada,300.0,9120.0,40.0,1.5,15.0,60.0,150.0,0.35
2026-03-10,Google Search - NonBrand,Google Search,236,4,18.57,0,0.0,ads forecasting template excel,forecasting tool,broad,0,0.571,0.21,0.155,3.45,0.628,0.399,Tablet,United Kingdom,300.0,9120.0,40.0,1.5,15.0,60.0,150.0,0.35
2026-03-10,Google Search - Competitors,Google Search,2993,41,86.4,1,41.13,,,,1,0.895,0.19,0.146,1.61,0.984,0.626,Desktop,Germany,100.0,3040.0,50.0,0.8,20.0,40.0,100.0,0.2
2026-03-10,Google Search - Competitors,Google Search,444,13,37.29,0,0.0,semrush forecasting tool alternative,semrush,phrase,0,0.895,0.19,0.146,2.28,0.984,0.626,Desktop,United States,100.0,3040.0,50.0,0.8,20.0,40.0,100.0,0.2
2026-03-10,Google Search - Competitors,Google Search,439,13,43.79,0,0.0,ahrefs traffic forecaster,ahrefs,broad,0,0.895,0.19,0.146,1.25,0.984,0.626,Mobile,Canada,100.0,3040.0,50.0,0.8,20.0,40.0,100.0,0.2
2026-03-10,Google Search - Competitors,Google Search,301,17,24.22,0,0.0,spyfu competitor ads budget planner,competitor template,broad,0,0.895,0.19,0.146,3.14,0.984,0.626,Desktop,United Kingdom,100.0,3040.0,50.0,0.8,20.0,40.0,100.0,0.2
2026-03-10,Meta Ads - Prospecting,Meta,2079,189,325.2,10,793.67,,,,10,0.833,0.226,0.095,2.18,0.916,0.583,Tablet,United States,200.0,6080.0,35.0,1.8,12.0,80.0,200.0,0.4
2026-03-10,Meta Ads - Retargeting,Meta,864,18,21.85,0,0.0,,,,0,0.4,0.55,0.05,1.56,0.44,0.28,Desktop,Canada,50.0,1520.0,25.0,3.5,8.0,120.0,400.0,0.6
2026-03-10,YouTube - Brand Awareness,YouTube,5220,116,129.53,0,0.0,,,,0,0.628,0.081,0.142,1.11,0.691,0.44,Tablet,United Kingdom,150.0,4560.0,60.0,0.5,25.0,30.0,80.0,0.15
2026-03-10,YouTube - Brand Awareness,YouTube,591,12,20.16,0,0.0,free advertising tutorial youtube,marketing tutorial,broad,0,0.628,0.081,0.142,1.92,0.691,0.44,Tablet,United Kingdom,150.0,4560.0,60.0,0.5,25.0,30.0,80.0,0.15
2026-03-10,YouTube - Brand Awareness,YouTube,517,39,14.87,0,0.0,cheap keyword planner software download,keyword planner,broad,0,0.628,0.081,0.142,1.38,0.691,0.44,Tablet,United States,150.0,4560.0,60.0,0.5,25.0,30.0,80.0,0.15
2026-03-10,YouTube - Brand Awareness,YouTube,524,20,31.06,0,0.0,marketing jobs salary definition,jobs,broad,0,0.628,0.081,0.142,3.46,0.691,0.44,Mobile,Germany,150.0,4560.0,60.0,0.5,25.0,30.0,80.0,0.15
2026-03-10,YouTube - Brand Awareness,YouTube,459,16,12.44,0,0.0,how to reset google ads password,support,broad,0,0.628,0.081,0.142,3.25,0.691,0.44,Tablet,Canada,150.0,4560.0,60.0,0.5,25.0,30.0,80.0,0.15
2026-03-11,Google Search - Brand,Google Search,9956,131,386.14,14,1337.34,,,,15,0.7,0.02,0.28,3.37,0.77,0.49,Tablet,United Kingdom,150.0,4560.0,30.0,2.5,10.0,100.0,300.0,0.5
2026-03-11,Google Search - Brand,Google Search,1222,61,95.06,2,199.8,forecastiq,forecastiq,exact,2,0.7,0.02,0.28,3.24,0.77,0.49,Tablet,Canada,150.0,4560.0,30.0,2.5,10.0,100.0,300.0,0.5
2026-03-11,Google Search - Brand,Google Search,1025,45,83.28,4,368.47,forecastiq pricing,forecastiq,phrase,4,0.7,0.02,0.28,1.35,0.77,0.49,Mobile,Germany,150.0,4560.0,30.0,2.5,10.0,100.0,300.0,0.5
2026-03-11,Google Search - Brand,Google Search,1417,43,60.4,6,596.7,forecastiq software reviews,forecastiq,broad,6,0.7,0.02,0.28,1.25,0.77,0.49,Desktop,United States,150.0,4560.0,30.0,2.5,10.0,100.0,300.0,0.5
2026-03-11,Google Search - Brand,Google Search,1386,34,39.14,0,0.0,forecastiq login portal,forecastiq,phrase,0,0.7,0.02,0.28,2.64,0.77,0.49,Tablet,United Kingdom,150.0,4560.0,30.0,2.5,10.0,100.0,300.0,0.5
2026-03-11,Google Search - NonBrand,Google Search,6156,108,196.61,4,232.2,,,,4,0.55,0.103,0.092,2.39,0.605,0.385,Tablet,United States,300.0,9120.0,40.0,1.5,15.0,60.0,150.0,0.35
2026-03-11,Google Search - NonBrand,Google Search,542,31,42.35,4,253.4,paid ads forecasting tool,forecasting tool,phrase,4,0.55,0.103,0.092,3.23,0.605,0.385,Mobile,United Kingdom,300.0,9120.0,40.0,1.5,15.0,60.0,150.0,0.35
2026-03-11,Google Search - NonBrand,Google Search,537,21,26.04,3,166.51,marketing forecasting software,forecasting tool,exact,3,0.55,0.103,0.092,3.0,0.605,0.385,Mobile,United Kingdom,300.0,9120.0,40.0,1.5,15.0,60.0,150.0,0.35
2026-03-11,Google Search - NonBrand,Google Search,910,18,26.88,4,258.19,ppc budget optimization planner,budget optimization,broad,4,0.55,0.103,0.092,3.17,0.605,0.385,Tablet,United Kingdom,300.0,9120.0,40.0,1.5,15.0,60.0,150.0,0.35
2026-03-11,Google Search - NonBrand,Google Search,563,25,18.52,0,0.0,ads forecasting template excel,forecasting tool,broad,0,0.55,0.103,0.092,1.91,0.605,0.385,Desktop,Canada,300.0,9120.0,40.0,1.5,15.0,60.0,150.0,0.35
2026-03-11,Google Search - Competitors,Google Search,1920,40,117.66,2,76.26,,,,2,0.816,0.212,0.058,1.82,0.897,0.571,Desktop,United Kingdom,100.0,3040.0,50.0,0.8,20.0,40.0,100.0,0.2
2026-03-11,Google Search - Competitors,Google Search,248,13,35.95,0,0.0,semrush forecasting tool alternative,semrush,phrase,0,0.816,0.212,0.058,2.0,0.897,0.571,Desktop,Germany,100.0,3040.0,50.0,0.8,20.0,40.0,100.0,0.2
2026-03-11,Google Search - Competitors,Google Search,155,4,45.53,0,0.0,ahrefs traffic forecaster,ahrefs,broad,0,0.816,0.212,0.058,2.08,0.897,0.571,Desktop,Germany,100.0,3040.0,50.0,0.8,20.0,40.0,100.0,0.2
2026-03-11,Google Search - Competitors,Google Search,216,10,24.41,0,0.0,spyfu competitor ads budget planner,competitor template,broad,0,0.816,0.212,0.058,1.89,0.897,0.571,Desktop,Germany,100.0,3040.0,50.0,0.8,20.0,40.0,100.0,0.2
2026-03-11,Meta Ads - Prospecting,Meta,1817,79,159.08,3,234.99,,,,3,0.816,0.111,0.075,3.29,0.898,0.571,Mobile,Canada,200.0,6080.0,35.0,1.8,12.0,80.0,200.0,0.4
2026-03-11,Meta Ads - Retargeting,Meta,1426,23,61.01,2,221.76,,,,2,0.4,0.55,0.05,1.76,0.44,0.28,Mobile,Germany,50.0,1520.0,25.0,3.5,8.0,120.0,400.0,0.6
2026-03-11,YouTube - Brand Awareness,YouTube,9652,127,288.77,0,0.0,,,,0,0.884,0.19,0.181,1.4,0.973,0.619,Mobile,United States,150.0,4560.0,60.0,0.5,25.0,30.0,80.0,0.15
2026-03-11,YouTube - Brand Awareness,YouTube,1425,61,21.95,0,0.0,free advertising tutorial youtube,marketing tutorial,broad,0,0.884,0.19,0.181,3.07,0.973,0.619,Tablet,United Kingdom,150.0,4560.0,60.0,0.5,25.0,30.0,80.0,0.15
2026-03-11,YouTube - Brand Awareness,YouTube,1386,48,17.14,0,0.0,cheap keyword planner software download,keyword planner,broad,0,0.884,0.19,0.181,2.33,0.973,0.619,Mobile,United Kingdom,150.0,4560.0,60.0,0.5,25.0,30.0,80.0,0.15
2026-03-11,YouTube - Brand Awareness,YouTube,1214,60,29.86,0,0.0,marketing jobs salary definition,jobs,broad,0,0.884,0.19,0.181,1.95,0.973,0.619,Tablet,Canada,150.0,4560.0,60.0,0.5,25.0,30.0,80.0,0.15
2026-03-11,YouTube - Brand Awareness,YouTube,824,63,11.11,0,0.0,how to reset google ads password,support,broad,0,0.884,0.19,0.181,2.54,0.973,0.619,Mobile,Canada,150.0,4560.0,60.0,0.5,25.0,30.0,80.0,0.15
2026-03-12,Google Search - Brand,Google Search,4081,53,134.84,4,430.72,,,,4,0.7,0.02,0.28,2.1,0.77,0.49,Desktop,Canada,150.0,4560.0,30.0,2.5,10.0,100.0,300.0,0.5
2026-03-12,Google Search - Brand,Google Search,344,26,21.67,1,93.27,forecastiq,forecastiq,exact,1,0.7,0.02,0.28,1.9,0.77,0.49,Mobile,United States,150.0,4560.0,30.0,2.5,10.0,100.0,300.0,0.5
2026-03-12,Google Search - Brand,Google Search,439,26,27.03,1,103.69,forecastiq pricing,forecastiq,phrase,1,0.7,0.02,0.28,1.34,0.77,0.49,Mobile,United States,150.0,4560.0,30.0,2.5,10.0,100.0,300.0,0.5
2026-03-12,Google Search - Brand,Google Search,458,22,25.41,2,205.85,forecastiq software reviews,forecastiq,broad,2,0.7,0.02,0.28,3.4,0.77,0.49,Tablet,United States,150.0,4560.0,30.0,2.5,10.0,100.0,300.0,0.5
2026-03-12,Google Search - Brand,Google Search,354,16,20.41,0,0.0,forecastiq login portal,forecastiq,phrase,0,0.7,0.02,0.28,3.1,0.77,0.49,Desktop,Germany,150.0,4560.0,30.0,2.5,10.0,100.0,300.0,0.5
2026-03-12,Google Search - NonBrand,Google Search,4200,140,264.01,6,370.93,,,,6,0.558,0.056,0.167,2.39,0.614,0.391,Tablet,Germany,300.0,9120.0,40.0,1.5,15.0,60.0,150.0,0.35
2026-03-12,Google Search - NonBrand,Google Search,375,21,17.15,2,127.16,paid ads forecasting tool,forecasting tool,phrase,2,0.558,0.056,0.167,1.47,0.614,0.391,Tablet,Canada,300.0,9120.0,40.0,1.5,15.0,60.0,150.0,0.35
2026-03-12,Google Search - NonBrand,Google Search,424,22,32.34,5,317.05,marketing forecasting software,forecasting tool,exact,5,0.558,0.056,0.167,2.2,0.614,0.391,Desktop,United Kingdom,300.0,9120.0,40.0,1.5,15.0,60.0,150.0,0.35
2026-03-12,Google Search - NonBrand,Google Search,493,34,46.2,8,508.5,ppc budget optimization planner,budget optimization,broad,8,0.558,0.056,0.167,2.38,0.614,0.391,Desktop,United Kingdom,300.0,9120.0,40.0,1.5,15.0,60.0,150.0,0.35
2026-03-12,Google Search - NonBrand,Google Search,617,14,18.84,0,0.0,ads forecasting template excel,forecasting tool,broad,0,0.558,0.056,0.167,1.51,0.614,0.391,Tablet,United States,300.0,9120.0,40.0,1.5,15.0,60.0,150.0,0.35
2026-03-12,Google Search - Competitors,Google Search,2660,38,41.21,1,42.07,,,,1,0.561,0.146,0.096,1.84,0.618,0.393,Tablet,Canada,100.0,3040.0,50.0,0.8,20.0,40.0,100.0,0.2
2026-03-12,Google Search - Competitors,Google Search,312,10,35.12,0,0.0,semrush forecasting tool alternative,semrush,phrase,0,0.561,0.146,0.096,3.15,0.618,0.393,Mobile,Germany,100.0,3040.0,50.0,0.8,20.0,40.0,100.0,0.2
2026-03-12,Google Search - Competitors,Google Search,328,9,42.08,0,0.0,ahrefs traffic forecaster,ahrefs,broad,0,0.561,0.146,0.096,2.3,0.618,0.393,Desktop,United Kingdom,100.0,3040.0,50.0,0.8,20.0,40.0,100.0,0.2
2026-03-12,Google Search - Competitors,Google Search,331,7,26.27,0,0.0,spyfu competitor ads budget planner,competitor template,broad,0,0.561,0.146,0.096,1.48,0.618,0.393,Tablet,United Kingdom,100.0,3040.0,50.0,0.8,20.0,40.0,100.0,0.2
2026-03-12,Meta Ads - Prospecting,Meta,3700,100,129.63,4,304.29,,,,4,0.802,0.229,0.156,2.93,0.883,0.562,Tablet,Germany,200.0,6080.0,35.0,1.8,12.0,80.0,200.0,0.4
2026-03-12,Meta Ads - Retargeting,Meta,1404,27,39.34,1,116.71,,,,1,0.4,0.55,0.05,2.32,0.44,0.28,Mobile,Germany,50.0,1520.0,25.0,3.5,8.0,120.0,400.0,0.6
2026-03-12,YouTube - Brand Awareness,YouTube,1058,46,133.03,0,0.0,,,,0,0.716,0.145,0.054,2.09,0.788,0.501,Desktop,Canada,150.0,4560.0,60.0,0.5,25.0,30.0,80.0,0.15
2026-03-12,YouTube - Brand Awareness,YouTube,148,6,23.68,0,0.0,free advertising tutorial youtube,marketing tutorial,broad,0,0.716,0.145,0.054,2.55,0.788,0.501,Tablet,Canada,150.0,4560.0,60.0,0.5,25.0,30.0,80.0,0.15
2026-03-12,YouTube - Brand Awareness,YouTube,136,4,14.94,0,0.0,cheap keyword planner software download,keyword planner,broad,0,0.716,0.145,0.054,2.65,0.788,0.501,Tablet,United Kingdom,150.0,4560.0,60.0,0.5,25.0,30.0,80.0,0.15
2026-03-12,YouTube - Brand Awareness,YouTube,127,3,30.5,0,0.0,marketing jobs salary definition,jobs,broad,0,0.716,0.145,0.054,2.33,0.788,0.501,Mobile,United Kingdom,150.0,4560.0,60.0,0.5,25.0,30.0,80.0,0.15
2026-03-12,YouTube - Brand Awareness,YouTube,110,7,11.69,0,0.0,how to reset google ads password,support,broad,0,0.716,0.145,0.054,3.69,0.788,0.501,Tablet,Germany,150.0,4560.0,60.0,0.5,25.0,30.0,80.0,0.15
2026-03-13,Google Search - Brand,Google Search,3770,65,164.28,4,395.7,,,,4,0.7,0.02,0.28,1.19,0.77,0.49,Desktop,Germany,150.0,4560.0,30.0,2.5,10.0,100.0,300.0,0.5
2026-03-13,Google Search - Brand,Google Search,468,20,31.25,0,0.0,forecastiq,forecastiq,exact,0,0.7,0.02,0.28,1.84,0.77,0.49,Desktop,United Kingdom,150.0,4560.0,30.0,2.5,10.0,100.0,300.0,0.5
2026-03-13,Google Search - Brand,Google Search,451,18,32.91,1,90.61,forecastiq pricing,forecastiq,phrase,1,0.7,0.02,0.28,2.91,0.77,0.49,Mobile,Canada,150.0,4560.0,30.0,2.5,10.0,100.0,300.0,0.5
2026-03-13,Google Search - Brand,Google Search,365,17,25.42,2,183.65,forecastiq software reviews,forecastiq,broad,2,0.7,0.02,0.28,1.24,0.77,0.49,Tablet,United States,150.0,4560.0,30.0,2.5,10.0,100.0,300.0,0.5
2026-03-13,Google Search - Brand,Google Search,393,9,10.15,0,0.0,forecastiq login portal,forecastiq,phrase,0,0.7,0.02,0.28,1.34,0.77,0.49,Mobile,Canada,150.0,4560.0,30.0,2.5,10.0,100.0,300.0,0.5
2026-03-13,Google Search - NonBrand,Google Search,15656,206,465.85,13,857.95,,,,14,0.721,0.111,0.135,1.5,0.793,0.505,Desktop,United Kingdom,300.0,9120.0,40.0,1.5,15.0,60.0,150.0,0.35
2026-03-13,Google Search - NonBrand,Google Search,1607,76,75.17,10,621.77,paid ads forecasting tool,forecasting tool,phrase,10,0.721,0.111,0.135,2.83,0.793,0.505,Mobile,Canada,300.0,9120.0,40.0,1.5,15.0,60.0,150.0,0.35
2026-03-13,Google Search - NonBrand,Google Search,1807,87,110.56,16,961.59,marketing forecasting software,forecasting tool,exact,18,0.721,0.111,0.135,2.26,0.793,0.505,Desktop,Germany,300.0,9120.0,40.0,1.5,15.0,60.0,150.0,0.35
2026-03-13,Google Search - NonBrand,Google Search,2247,124,131.82,36,1972.74,ppc budget optimization planner,budget optimization,broad,37,0.721,0.111,0.135,1.75,0.793,0.505,Desktop,Canada,300.0,9120.0,40.0,1.5,15.0,60.0,150.0,0.35
2026-03-13,Google Search - NonBrand,Google Search,1555,106,16.79,0,0.0,ads forecasting template excel,forecasting tool,broad,0,0.721,0.111,0.135,1.42,0.793,0.505,Tablet,Canada,300.0,9120.0,40.0,1.5,15.0,60.0,150.0,0.35
2026-03-13,Google Search - Competitors,Google Search,2628,36,92.91,1,36.84,,,,1,0.705,0.223,0.104,1.6,0.775,0.493,Mobile,United States,100.0,3040.0,50.0,0.8,20.0,40.0,100.0,0.2
2026-03-13,Google Search - Competitors,Google Search,240,12,38.11,0,0.0,semrush forecasting tool alternative,semrush,phrase,0,0.705,0.223,0.104,3.7,0.775,0.493,Mobile,Canada,100.0,3040.0,50.0,0.8,20.0,40.0,100.0,0.2
2026-03-13,Google Search - Competitors,Google Search,355,26,42.96,0,0.0,ahrefs traffic forecaster,ahrefs,broad,0,0.705,0.223,0.104,3.1,0.775,0.493,Tablet,Canada,100.0,3040.0,50.0,0.8,20.0,40.0,100.0,0.2
2026-03-13,Google Search - Competitors,Google Search,245,10,24.06,0,0.0,spyfu competitor ads budget planner,competitor template,broad,0,0.705,0.223,0.104,1.93,0.775,0.493,Desktop,Canada,100.0,3040.0,50.0,0.8,20.0,40.0,100.0,0.2
2026-03-13,Meta Ads - Prospecting,Meta,4370,115,258.95,9,735.07,,,,9,0.707,0.178,0.101,2.43,0.777,0.495,Tablet,United Kingdom,200.0,6080.0,35.0,1.8,12.0,80.0,200.0,0.4
2026-03-13,Meta Ads - Retargeting,Meta,580,29,77.78,3,380.21,,,,3,0.4,0.55,0.05,3.25,0.44,0.28,Tablet,Germany,50.0,1520.0,25.0,3.5,8.0,120.0,400.0,0.6
2026-03-13,YouTube - Brand Awareness,YouTube,1452,66,101.33,0,0.0,,,,0,0.609,0.185,0.149,1.63,0.67,0.426,Tablet,Canada,150.0,4560.0,60.0,0.5,25.0,30.0,80.0,0.15
2026-03-13,YouTube - Brand Awareness,YouTube,119,4,21.92,0,0.0,free advertising tutorial youtube,marketing tutorial,broad,0,0.609,0.185,0.149,3.43,0.67,0.426,Mobile,Germany,150.0,4560.0,60.0,0.5,25.0,30.0,80.0,0.15
2026-03-13,YouTube - Brand Awareness,YouTube,215,14,15.72,0,0.0,cheap keyword planner software download,keyword planner,broad,0,0.609,0.185,0.149,2.35,0.67,0.426,Tablet,Germany,150.0,4560.0,60.0,0.5,25.0,30.0,80.0,0.15
2026-03-13,YouTube - Brand Awareness,YouTube,191,6,32.42,0,0.0,marketing jobs salary definition,jobs,broad,0,0.609,0.185,0.149,2.92,0.67,0.426,Tablet,Germany,150.0,4560.0,60.0,0.5,25.0,30.0,80.0,0.15
2026-03-13,YouTube - Brand Awareness,YouTube,141,4,12.68,0,0.0,how to reset google ads password,support,broad,0,0.609,0.185,0.149,2.08,0.67,0.426,Mobile,United States,150.0,4560.0,60.0,0.5,25.0,30.0,80.0,0.15
2026-03-14,Google Search - Brand,Google Search,1950,50,134.28,5,502.91,,,,5,0.7,0.02,0.28,2.46,0.77,0.49,Tablet,Germany,150.0,4560.0,30.0,2.5,10.0,100.0,300.0,0.5
2026-03-14,Google Search - Brand,Google Search,168,4,4.86,0,0.0,forecastiq,forecastiq,exact,0,0.7,0.02,0.28,1.63,0.77,0.49,Tablet,United States,150.0,4560.0,30.0,2.5,10.0,100.0,300.0,0.5
2026-03-14,Google Search - Brand,Google Search,192,7,10.65,0,0.0,forecastiq pricing,forecastiq,phrase,0,0.7,0.02,0.28,1.86,0.77,0.49,Tablet,Canada,150.0,4560.0,30.0,2.5,10.0,100.0,300.0,0.5
2026-03-14,Google Search - Brand,Google Search,242,5,7.03,0,0.0,forecastiq software reviews,forecastiq,broad,0,0.7,0.02,0.28,2.76,0.77,0.49,Tablet,United Kingdom,150.0,4560.0,30.0,2.5,10.0,100.0,300.0,0.5
2026-03-14,Google Search - Brand,Google Search,187,8,10.81,0,0.0,forecastiq login portal,forecastiq,phrase,0,0.7,0.02,0.28,1.86,0.77,0.49,Desktop,United States,150.0,4560.0,30.0,2.5,10.0,100.0,300.0,0.5
2026-03-14,Google Search - NonBrand,Google Search,5460,78,123.94,3,194.58,,,,3,0.571,0.175,0.122,2.58,0.628,0.4,Mobile,Germany,300.0,9120.0,40.0,1.5,15.0,60.0,150.0,0.35
2026-03-14,Google Search - NonBrand,Google Search,629,49,77.03,6,390.99,paid ads forecasting tool,forecasting tool,phrase,6,0.571,0.175,0.122,3.21,0.628,0.4,Desktop,United Kingdom,300.0,9120.0,40.0,1.5,15.0,60.0,150.0,0.35
2026-03-14,Google Search - NonBrand,Google Search,662,46,63.58,10,655.58,marketing forecasting software,forecasting tool,exact,10,0.571,0.175,0.122,2.89,0.628,0.4,Mobile,Germany,300.0,9120.0,40.0,1.5,15.0,60.0,150.0,0.35
2026-03-14,Google Search - NonBrand,Google Search,707,48,49.36,13,818.6,ppc budget optimization planner,budget optimization,broad,15,0.571,0.175,0.122,2.16,0.628,0.4,Tablet,United States,300.0,9120.0,40.0,1.5,15.0,60.0,150.0,0.35
2026-03-14,Google Search - NonBrand,Google Search,524,19,19.84,0,0.0,ads forecasting template excel,forecasting tool,broad,0,0.571,0.175,0.122,1.83,0.628,0.4,Desktop,United Kingdom,300.0,9120.0,40.0,1.5,15.0,60.0,150.0,0.35
2026-03-14,Google Search - Competitors,Google Search,2552,58,59.39,1,39.05,,,,1,0.65,0.239,0.08,3.33,0.715,0.455,Desktop,Canada,100.0,3040.0,50.0,0.8,20.0,40.0,100.0,0.2
2026-03-14,Google Search - Competitors,Google Search,328,8,35.14,0,0.0,semrush forecasting tool alternative,semrush,phrase,0,0.65,0.239,0.08,3.27,0.715,0.455,Mobile,Canada,100.0,3040.0,50.0,0.8,20.0,40.0,100.0,0.2
2026-03-14,Google Search - Competitors,Google Search,311,8,48.5,0,0.0,ahrefs traffic forecaster,ahrefs,broad,0,0.65,0.239,0.08,2.11,0.715,0.455,Mobile,United States,100.0,3040.0,50.0,0.8,20.0,40.0,100.0,0.2
2026-03-14,Google Search - Competitors,Google Search,287,18,23.89,0,0.0,spyfu competitor ads budget planner,competitor template,broad,0,0.65,0.239,0.08,1.93,0.715,0.455,Desktop,Canada,100.0,3040.0,50.0,0.8,20.0,40.0,100.0,0.2
2026-03-14,Meta Ads - Prospecting,Meta,2046,62,82.52,2,145.95,,,,2,0.7,0.099,0.188,3.02,0.77,0.49,Desktop,United Kingdom,200.0,6080.0,35.0,1.8,12.0,80.0,200.0,0.4
2026-03-14,Meta Ads - Retargeting,Meta,264,12,13.78,0,0.0,,,,0,0.4,0.55,0.05,2.66,0.44,0.28,Tablet,Germany,50.0,1520.0,25.0,3.5,8.0,120.0,400.0,0.6
2026-03-14,YouTube - Brand Awareness,YouTube,2898,42,56.55,0,0.0,,,,0,0.791,0.21,0.152,2.76,0.87,0.554,Mobile,United States,150.0,4560.0,60.0,0.5,25.0,30.0,80.0,0.15
2026-03-14,YouTube - Brand Awareness,YouTube,333,20,22.38,0,0.0,free advertising tutorial youtube,marketing tutorial,broad,0,0.791,0.21,0.152,2.12,0.87,0.554,Mobile,United States,150.0,4560.0,60.0,0.5,25.0,30.0,80.0,0.15
2026-03-14,YouTube - Brand Awareness,YouTube,275,11,15.12,0,0.0,cheap keyword planner software download,keyword planner,broad,0,0.791,0.21,0.152,1.21,0.87,0.554,Desktop,Germany,150.0,4560.0,60.0,0.5,25.0,30.0,80.0,0.15
2026-03-14,YouTube - Brand Awareness,YouTube,419,28,28.99,0,0.0,marketing jobs salary definition,jobs,broad,0,0.791,0.21,0.152,3.3,0.87,0.554,Tablet,United States,150.0,4560.0,60.0,0.5,25.0,30.0,80.0,0.15
2026-03-14,YouTube - Brand Awareness,YouTube,334,26,12.87,0,0.0,how to reset google ads password,support,broad,0,0.791,0.21,0.152,1.67,0.87,0.554,Tablet,United Kingdom,150.0,4560.0,60.0,0.5,25.0,30.0,80.0,0.15
2026-03-15,Google Search - Brand,Google Search,636,53,58.4,1,108.28,,,,1,0.7,0.02,0.28,1.64,0.77,0.49,Tablet,Canada,150.0,4560.0,30.0,2.5,10.0,100.0,300.0,0.5
2026-03-15,Google Search - Brand,Google Search,60,3,5.84,0,0.0,forecastiq,forecastiq,exact,0,0.7,0.02,0.28,1.57,0.77,0.49,Mobile,United States,150.0,4560.0,30.0,2.5,10.0,100.0,300.0,0.5
2026-03-15,Google Search - Brand,Google Search,51,3,5.3,0,0.0,forecastiq pricing,forecastiq,phrase,0,0.7,0.02,0.28,3.68,0.77,0.49,Tablet,United Kingdom,150.0,4560.0,30.0,2.5,10.0,100.0,300.0,0.5
2026-03-15,Google Search - Brand,Google Search,62,2,2.03,0,0.0,forecastiq software reviews,forecastiq,broad,0,0.7,0.02,0.28,3.09,0.77,0.49,Mobile,Canada,150.0,4560.0,30.0,2.5,10.0,100.0,300.0,0.5
2026-03-15,Google Search - Brand,Google Search,69,3,5.84,0,0.0,forecastiq login portal,forecastiq,phrase,0,0.7,0.02,0.28,1.27,0.77,0.49,Tablet,Germany,150.0,4560.0,30.0,2.5,10.0,100.0,300.0,0.5
2026-03-15,Google Search - NonBrand,Google Search,7808,122,194.5,5,326.33,,,,5,0.89,0.131,0.132,2.92,0.979,0.623,Desktop,United States,300.0,9120.0,40.0,1.5,15.0,60.0,150.0,0.35
2026-03-15,Google Search - NonBrand,Google Search,640,25,44.26,3,177.01,paid ads forecasting tool,forecasting tool,phrase,3,0.89,0.131,0.132,3.12,0.979,0.623,Desktop,United Kingdom,300.0,9120.0,40.0,1.5,15.0,60.0,150.0,0.35
2026-03-15,Google Search - NonBrand,Google Search,994,67,90.07,16,979.24,marketing forecasting software,forecasting tool,exact,18,0.89,0.131,0.132,1.78,0.979,0.623,Tablet,United States,300.0,9120.0,40.0,1.5,15.0,60.0,150.0,0.35
2026-03-15,Google Search - NonBrand,Google Search,1121,55,75.4,14,857.5,ppc budget optimization planner,budget optimization,broad,16,0.89,0.131,0.132,1.9,0.979,0.623,Mobile,United Kingdom,300.0,9120.0,40.0,1.5,15.0,60.0,150.0,0.35
2026-03-15,Google Search - NonBrand,Google Search,767,24,17.52,0,0.0,ads forecasting template excel,forecasting tool,broad,0,0.89,0.131,0.132,2.38,0.979,0.623,Mobile,United Kingdom,300.0,9120.0,40.0,1.5,15.0,60.0,150.0,0.35
2026-03-15,Google Search - Competitors,Google Search,1342,22,56.7,1,41.95,,,,1,0.692,0.075,0.195,3.36,0.761,0.484,Mobile,Canada,100.0,3040.0,50.0,0.8,20.0,40.0,100.0,0.2
2026-03-15,Google Search - Competitors,Google Search,197,12,36.04,0,0.0,semrush forecasting tool alternative,semrush,phrase,0,0.692,0.075,0.195,2.5,0.761,0.484,Mobile,Canada,100.0,3040.0,50.0,0.8,20.0,40.0,100.0,0.2
2026-03-15,Google Search - Competitors,Google Search,186,9,47.76,0,0.0,ahrefs traffic forecaster,ahrefs,broad,0,0.692,0.075,0.195,2.47,0.761,0.484,Desktop,Canada,100.0,3040.0,50.0,0.8,20.0,40.0,100.0,0.2
2026-03-15,Google Search - Competitors,Google Search,162,8,22.65,0,0.0,spyfu competitor ads budget planner,competitor template,broad,0,0.692,0.075,0.195,1.76,0.761,0.484,Mobile,United Kingdom,100.0,3040.0,50.0,0.8,20.0,40.0,100.0,0.2
2026-03-15,Meta Ads - Prospecting,Meta,1938,51,58.53,1,85.1,,,,1,0.836,0.132,0.171,1.8,0.919,0.585,Desktop,Canada,200.0,6080.0,35.0,1.8,12.0,80.0,200.0,0.4
2026-03-15,Meta Ads - Retargeting,Meta,442,26,42.82,1,115.18,,,,1,0.4,0.55,0.05,3.36,0.44,0.28,Tablet,United Kingdom,50.0,1520.0,25.0,3.5,8.0,120.0,400.0,0.6
2026-03-15,YouTube - Brand Awareness,YouTube,2528,32,92.03,0,0.0,,,,0,0.874,0.17,0.115,1.42,0.961,0.612,Tablet,United Kingdom,150.0,4560.0,60.0,0.5,25.0,30.0,80.0,0.15
2026-03-15,YouTube - Brand Awareness,YouTube,228,17,23.36,0,0.0,free advertising tutorial youtube,marketing tutorial,broad,0,0.874,0.17,0.115,2.72,0.961,0.612,Desktop,United Kingdom,150.0,4560.0,60.0,0.5,25.0,30.0,80.0,0.15
2026-03-15,YouTube - Brand Awareness,YouTube,222,13,15.12,0,0.0,cheap keyword planner software download,keyword planner,broad,0,0.874,0.17,0.115,3.62,0.961,0.612,Tablet,United States,150.0,4560.0,60.0,0.5,25.0,30.0,80.0,0.15
2026-03-15,YouTube - Brand Awareness,YouTube,293,22,32.31,0,0.0,marketing jobs salary definition,jobs,broad,0,0.874,0.17,0.115,2.17,0.961,0.612,Mobile,Canada,150.0,4560.0,60.0,0.5,25.0,30.0,80.0,0.15
2026-03-15,YouTube - Brand Awareness,YouTube,205,9,12.57,0,0.0,how to reset google ads password,support,broad,0,0.874,0.17,0.115,3.71,0.961,0.612,Desktop,United States,150.0,4560.0,60.0,0.5,25.0,30.0,80.0,0.15
2026-03-16,Google Search - Brand,Google Search,3640,52,92.48,2,197.13,,,,2,0.7,0.02,0.28,2.32,0.77,0.49,Tablet,United States,150.0,4560.0,30.0,2.5,10.0,100.0,300.0,0.5
2026-03-16,Google Search - Brand,Google Search,330,17,16.14,0,0.0,forecastiq,forecastiq,exact,0,0.7,0.02,0.28,2.49,0.77,0.49,Desktop,United States,150.0,4560.0,30.0,2.5,10.0,100.0,300.0,0.5
2026-03-16,Google Search - Brand,Google Search,370,25,22.53,2,193.2,forecastiq pricing,forecastiq,phrase,2,0.7,0.02,0.28,1.55,0.77,0.49,Tablet,Canada,150.0,4560.0,30.0,2.5,10.0,100.0,300.0,0.5
2026-03-16,Google Search - Brand,Google Search,418,28,25.21,4,365.38,forecastiq software reviews,forecastiq,broad,4,0.7,0.02,0.28,1.59,0.77,0.49,Tablet,Canada,150.0,4560.0,30.0,2.5,10.0,100.0,300.0,0.5
2026-03-16,Google Search - Brand,Google Search,296,12,12.22,0,0.0,forecastiq login portal,forecastiq,phrase,0,0.7,0.02,0.28,1.24,0.77,0.49,Tablet,Canada,150.0,4560.0,30.0,2.5,10.0,100.0,300.0,0.5
2026-03-16,Google Search - NonBrand,Google Search,1610,115,169.81,4,219.45,,,,4,0.858,0.16,0.107,2.97,0.944,0.6,Mobile,Germany,300.0,9120.0,40.0,1.5,15.0,60.0,150.0,0.35
2026-03-16,Google Search - NonBrand,Google Search,192,14,22.32,2,117.77,paid ads forecasting tool,forecasting tool,phrase,2,0.858,0.16,0.107,2.96,0.944,0.6,Desktop,Canada,300.0,9120.0,40.0,1.5,15.0,60.0,150.0,0.35
2026-03-16,Google Search - NonBrand,Google Search,136,7,9.14,1,58.89,marketing forecasting software,forecasting tool,exact,1,0.858,0.16,0.107,1.35,0.944,0.6,Tablet,United States,300.0,9120.0,40.0,1.5,15.0,60.0,150.0,0.35
2026-03-16,Google Search - NonBrand,Google Search,177,9,17.43,2,116.36,ppc budget optimization planner,budget optimization,broad,2,0.858,0.16,0.107,1.73,0.944,0.6,Tablet,United States,300.0,9120.0,40.0,1.5,15.0,60.0,150.0,0.35
2026-03-16,Google Search - NonBrand,Google Search,240,8,18.96,0,0.0,ads forecasting template excel,forecasting tool,broad,0,0.858,0.16,0.107,2.33,0.944,0.6,Mobile,United States,300.0,9120.0,40.0,1.5,15.0,60.0,150.0,0.35
2026-03-16,Google Search - Competitors,Google Search,2208,92,170.11,4,151.66,,,,4,0.722,0.176,0.09,2.85,0.795,0.506,Tablet,United States,100.0,3040.0,50.0,0.8,20.0,40.0,100.0,0.2
2026-03-16,Google Search - Competitors,Google Search,226,4,35.73,0,0.0,semrush forecasting tool alternative,semrush,phrase,0,0.722,0.176,0.09,3.51,0.795,0.506,Tablet,United States,100.0,3040.0,50.0,0.8,20.0,40.0,100.0,0.2
2026-03-16,Google Search - Competitors,Google Search,325,6,43.47,0,0.0,ahrefs traffic forecaster,ahrefs,broad,0,0.722,0.176,0.09,1.23,0.795,0.506,Mobile,Germany,100.0,3040.0,50.0,0.8,20.0,40.0,100.0,0.2
2026-03-16,Google Search - Competitors,Google Search,217,10,23.42,0,0.0,spyfu competitor ads budget planner,competitor template,broad,0,0.722,0.176,0.09,2.38,0.795,0.506,Tablet,United Kingdom,100.0,3040.0,50.0,0.8,20.0,40.0,100.0,0.2
2026-03-16,Meta Ads - Prospecting,Meta,4900,98,174.69,5,413.46,,,,6,0.607,0.067,0.086,2.46,0.668,0.425,Tablet,United Kingdom,200.0,6080.0,35.0,1.8,12.0,80.0,200.0,0.4
2026-03-16,Meta Ads - Retargeting,Meta,1775,25,55.99,2,244.8,,,,2,0.4,0.55,0.05,1.31,0.44,0.28,Desktop,United Kingdom,50.0,1520.0,25.0,3.5,8.0,120.0,400.0,0.6
2026-03-16,YouTube - Brand Awareness,YouTube,2112,88,198.15,0,0.0,,,,0,0.634,0.122,0.066,2.41,0.697,0.444,Desktop,Canada,150.0,4560.0,60.0,0.5,25.0,30.0,80.0,0.15
2026-03-16,YouTube - Brand Awareness,YouTube,316,23,21.29,0,0.0,free advertising tutorial youtube,marketing tutorial,broad,0,0.634,0.122,0.066,3.19,0.697,0.444,Desktop,United States,150.0,4560.0,60.0,0.5,25.0,30.0,80.0,0.15
2026-03-16,YouTube - Brand Awareness,YouTube,226,15,15.29,0,0.0,cheap keyword planner software download,keyword planner,broad,0,0.634,0.122,0.066,1.86,0.697,0.444,Mobile,United Kingdom,150.0,4560.0,60.0,0.5,25.0,30.0,80.0,0.15
2026-03-16,YouTube - Brand Awareness,YouTube,298,13,29.9,0,0.0,marketing jobs salary definition,jobs,broad,0,0.634,0.122,0.066,2.5,0.697,0.444,Tablet,Germany,150.0,4560.0,60.0,0.5,25.0,30.0,80.0,0.15
2026-03-16,YouTube - Brand Awareness,YouTube,314,20,11.88,0,0.0,how to reset google ads password,support,broad,0,0.634,0.122,0.066,2.74,0.697,0.444,Mobile,United States,150.0,4560.0,60.0,0.5,25.0,30.0,80.0,0.15
2026-03-17,Google Search - Brand,Google Search,5265,81,96.23,3,285.5,,,,3,0.7,0.02,0.28,2.4,0.77,0.49,Tablet,United Kingdom,150.0,4560.0,30.0,2.5,10.0,100.0,300.0,0.5
2026-03-17,Google Search - Brand,Google Search,659,33,39.98,1,103.45,forecastiq,forecastiq,exact,1,0.7,0.02,0.28,2.28,0.77,0.49,Tablet,Germany,150.0,4560.0,30.0,2.5,10.0,100.0,300.0,0.5
2026-03-17,Google Search - Brand,Google Search,446,17,24.09,1,95.1,forecastiq pricing,forecastiq,phrase,1,0.7,0.02,0.28,3.66,0.77,0.49,Mobile,Canada,150.0,4560.0,30.0,2.5,10.0,100.0,300.0,0.5
2026-03-17,Google Search - Brand,Google Search,483,22,33.84,3,286.74,forecastiq software reviews,forecastiq,broad,3,0.7,0.02,0.28,2.84,0.77,0.49,Mobile,Germany,150.0,4560.0,30.0,2.5,10.0,100.0,300.0,0.5
2026-03-17,Google Search - Brand,Google Search,772,56,58.94,1,103.8,forecastiq login portal,forecastiq,phrase,1,0.7,0.02,0.28,1.6,0.77,0.49,Tablet,Germany,150.0,4560.0,30.0,2.5,10.0,100.0,300.0,0.5
2026-03-17,Google Search - NonBrand,Google Search,7336,131,287.3,8,518.95,,,,8,0.62,0.09,0.154,2.63,0.682,0.434,Desktop,United Kingdom,300.0,9120.0,40.0,1.5,15.0,60.0,150.0,0.35
2026-03-17,Google Search - NonBrand,Google Search,956,58,90.26,8,500.47,paid ads forecasting tool,forecasting tool,phrase,9,0.62,0.09,0.154,2.76,0.682,0.434,Desktop,Canada,300.0,9120.0,40.0,1.5,15.0,60.0,150.0,0.35
2026-03-17,Google Search - NonBrand,Google Search,809,46,47.35,10,656.5,marketing forecasting software,forecasting tool,exact,11,0.62,0.09,0.154,2.38,0.682,0.434,Desktop,United States,300.0,9120.0,40.0,1.5,15.0,60.0,150.0,0.35
2026-03-17,Google Search - NonBrand,Google Search,715,50,90.1,13,795.01,ppc budget optimization planner,budget optimization,broad,14,0.62,0.09,0.154,2.89,0.682,0.434,Tablet,United States,300.0,9120.0,40.0,1.5,15.0,60.0,150.0,0.35
2026-03-17,Google Search - NonBrand,Google Search,937,63,16.69,0,0.0,ads forecasting template excel,forecasting tool,broad,0,0.62,0.09,0.154,2.06,0.682,0.434,Desktop,Germany,300.0,9120.0,40.0,1.5,15.0,60.0,150.0,0.35
2026-03-17,Google Search - Competitors,Google Search,352,32,76.19,1,37.41,,,,1,0.583,0.248,0.17,1.72,0.641,0.408,Desktop,United Kingdom,100.0,3040.0,50.0,0.8,20.0,40.0,100.0,0.2
2026-03-17,Google Search - Competitors,Google Search,28,1,35.35,0,0.0,semrush forecasting tool alternative,semrush,phrase,0,0.583,0.248,0.17,2.88,0.641,0.408,Tablet,Germany,100.0,3040.0,50.0,0.8,20.0,40.0,100.0,0.2
2026-03-17,Google Search - Competitors,Google Search,47,3,45.45,0,0.0,ahrefs traffic forecaster,ahrefs,broad,0,0.583,0.248,0.17,3.59,0.641,0.408,Desktop,United States,100.0,3040.0,50.0,0.8,20.0,40.0,100.0,0.2
2026-03-17,Google Search - Competitors,Google Search,43,2,24.09,0,0.0,spyfu competitor ads budget planner,competitor template,broad,0,0.583,0.248,0.17,1.27,0.641,0.408,Desktop,Canada,100.0,3040.0,50.0,0.8,20.0,40.0,100.0,0.2
2026-03-17,Meta Ads - Prospecting,Meta,11523,167,494.68,12,925.27,,,,13,0.573,0.089,0.08,3.27,0.63,0.401,Mobile,Canada,200.0,6080.0,35.0,1.8,12.0,80.0,200.0,0.4
2026-03-17,Meta Ads - Retargeting,Meta,2618,34,64.53,2,254.24,,,,2,0.4,0.55,0.05,2.59,0.44,0.28,Mobile,Germany,50.0,1520.0,25.0,3.5,8.0,120.0,400.0,0.6
2026-03-17,YouTube - Brand Awareness,YouTube,5472,114,283.87,0,0.0,,,,0,0.714,0.236,0.064,3.36,0.785,0.5,Mobile,Germany,150.0,4560.0,60.0,0.5,25.0,30.0,80.0,0.15
2026-03-17,YouTube - Brand Awareness,YouTube,590,40,24.13,0,0.0,free advertising tutorial youtube,marketing tutorial,broad,0,0.714,0.236,0.064,2.44,0.785,0.5,Mobile,United States,150.0,4560.0,60.0,0.5,25.0,30.0,80.0,0.15
2026-03-17,YouTube - Brand Awareness,YouTube,757,52,15.36,0,0.0,cheap keyword planner software download,keyword planner,broad,0,0.714,0.236,0.064,3.67,0.785,0.5,Desktop,United States,150.0,4560.0,60.0,0.5,25.0,30.0,80.0,0.15
2026-03-17,YouTube - Brand Awareness,YouTube,762,54,27.62,0,0.0,marketing jobs salary definition,jobs,broad,0,0.714,0.236,0.064,3.19,0.785,0.5,Mobile,Germany,150.0,4560.0,60.0,0.5,25.0,30.0,80.0,0.15
2026-03-17,YouTube - Brand Awareness,YouTube,607,41,10.98,0,0.0,how to reset google ads password,support,broad,0,0.714,0.236,0.064,1.51,0.785,0.5,Tablet,Canada,150.0,4560.0,60.0,0.5,25.0,30.0,80.0,0.15
2026-03-18,Google Search - Brand,Google Search,3468,51,111.96,4,414.17,,,,4,0.7,0.02,0.28,2.53,0.77,0.49,Mobile,Canada,150.0,4560.0,30.0,2.5,10.0,100.0,300.0,0.5
2026-03-18,Google Search - Brand,Google Search,357,15,24.04,0,0.0,forecastiq,forecastiq,exact,0,0.7,0.02,0.28,2.1,0.77,0.49,Desktop,United Kingdom,150.0,4560.0,30.0,2.5,10.0,100.0,300.0,0.5
2026-03-18,Google Search - Brand,Google Search,388,23,45.64,2,194.54,forecastiq pricing,forecastiq,phrase,2,0.7,0.02,0.28,3.79,0.77,0.49,Tablet,United States,150.0,4560.0,30.0,2.5,10.0,100.0,300.0,0.5
2026-03-18,Google Search - Brand,Google Search,288,8,14.22,1,105.33,forecastiq software reviews,forecastiq,broad,1,0.7,0.02,0.28,2.1,0.77,0.49,Desktop,Germany,150.0,4560.0,30.0,2.5,10.0,100.0,300.0,0.5
2026-03-18,Google Search - Brand,Google Search,345,13,16.17,0,0.0,forecastiq login portal,forecastiq,phrase,0,0.7,0.02,0.28,2.86,0.77,0.49,Mobile,Germany,150.0,4560.0,30.0,2.5,10.0,100.0,300.0,0.5
2026-03-18,Google Search - NonBrand,Google Search,6936,102,153.91,4,230.12,,,,5,0.572,0.059,0.153,1.93,0.629,0.4,Mobile,Germany,300.0,9120.0,40.0,1.5,15.0,60.0,150.0,0.35
2026-03-18,Google Search - NonBrand,Google Search,803,52,52.03,7,379.41,paid ads forecasting tool,forecasting tool,phrase,8,0.572,0.059,0.153,1.39,0.629,0.4,Desktop,United States,300.0,9120.0,40.0,1.5,15.0,60.0,150.0,0.35
2026-03-18,Google Search - NonBrand,Google Search,759,24,32.63,5,285.92,marketing forecasting software,forecasting tool,exact,5,0.572,0.059,0.153,2.97,0.629,0.4,Mobile,United Kingdom,300.0,9120.0,40.0,1.5,15.0,60.0,150.0,0.35
2026-03-18,Google Search - NonBrand,Google Search,970,64,127.96,14,772.72,ppc budget optimization planner,budget optimization,broad,15,0.572,0.059,0.153,2.35,0.629,0.4,Mobile,Canada,300.0,9120.0,40.0,1.5,15.0,60.0,150.0,0.35
2026-03-18,Google Search - NonBrand,Google Search,649,24,17.8,0,0.0,ads forecasting template excel,forecasting tool,broad,0,0.572,0.059,0.153,2.03,0.629,0.4,Tablet,United Kingdom,300.0,9120.0,40.0,1.5,15.0,60.0,150.0,0.35
2026-03-18,Google Search - Competitors,Google Search,2665,65,162.95,2,76.92,,,,2,0.795,0.183,0.094,1.74,0.875,0.557,Tablet,United Kingdom,100.0,3040.0,50.0,0.8,20.0,40.0,100.0,0.2
2026-03-18,Google Search - Competitors,Google Search,242,15,34.52,0,0.0,semrush forecasting tool alternative,semrush,phrase,0,0.795,0.183,0.094,3.27,0.875,0.557,Mobile,United Kingdom,100.0,3040.0,50.0,0.8,20.0,40.0,100.0,0.2
2026-03-18,Google Search - Competitors,Google Search,284,17,45.78,0,0.0,ahrefs traffic forecaster,ahrefs,broad,0,0.795,0.183,0.094,1.45,0.875,0.557,Mobile,Canada,100.0,3040.0,50.0,0.8,20.0,40.0,100.0,0.2
2026-03-18,Google Search - Competitors,Google Search,315,24,26.0,0,0.0,spyfu competitor ads budget planner,competitor template,broad,0,0.795,0.183,0.094,2.81,0.875,0.557,Tablet,United Kingdom,100.0,3040.0,50.0,0.8,20.0,40.0,100.0,0.2
2026-03-18,Meta Ads - Prospecting,Meta,7695,171,231.88,6,518.77,,,,7,0.573,0.104,0.14,3.1,0.63,0.401,Mobile,United Kingdom,200.0,6080.0,35.0,1.8,12.0,80.0,200.0,0.4
2026-03-18,Meta Ads - Retargeting,Meta,1677,39,89.2,3,324.75,,,,3,0.4,0.55,0.05,3.02,0.44,0.28,Desktop,Canada,50.0,1520.0,25.0,3.5,8.0,120.0,400.0,0.6
2026-03-18,YouTube - Brand Awareness,YouTube,2065,59,130.1,0,0.0,,,,0,0.889,0.174,0.188,1.26,0.977,0.622,Tablet,United Kingdom,150.0,4560.0,60.0,0.5,25.0,30.0,80.0,0.15
2026-03-18,YouTube - Brand Awareness,YouTube,169,4,22.61,0,0.0,free advertising tutorial youtube,marketing tutorial,broad,0,0.889,0.174,0.188,1.82,0.977,0.622,Mobile,Germany,150.0,4560.0,60.0,0.5,25.0,30.0,80.0,0.15
2026-03-18,YouTube - Brand Awareness,YouTube,165,10,14.61,0,0.0,cheap keyword planner software download,keyword planner,broad,0,0.889,0.174,0.188,2.96,0.977,0.622,Mobile,United Kingdom,150.0,4560.0,60.0,0.5,25.0,30.0,80.0,0.15
2026-03-18,YouTube - Brand Awareness,YouTube,190,7,29.12,0,0.0,marketing jobs salary definition,jobs,broad,0,0.889,0.174,0.188,2.63,0.977,0.622,Mobile,United States,150.0,4560.0,60.0,0.5,25.0,30.0,80.0,0.15
2026-03-18,YouTube - Brand Awareness,YouTube,288,20,11.51,0,0.0,how to reset google ads password,support,broad,0,0.889,0.174,0.188,3.06,0.977,0.622,Tablet,United Kingdom,150.0,4560.0,60.0,0.5,25.0,30.0,80.0,0.15
2026-03-19,Google Search - Brand,Google Search,5226,67,170.53,5,465.23,,,,5,0.7,0.02,0.28,2.7,0.77,0.49,Tablet,United States,150.0,4560.0,30.0,2.5,10.0,100.0,300.0,0.5
2026-03-19,Google Search - Brand,Google Search,430,24,42.78,1,103.77,forecastiq,forecastiq,exact,1,0.7,0.02,0.28,1.55,0.77,0.49,Desktop,Canada,150.0,4560.0,30.0,2.5,10.0,100.0,300.0,0.5
2026-03-19,Google Search - Brand,Google Search,509,24,29.11,1,108.37,forecastiq pricing,forecastiq,phrase,1,0.7,0.02,0.28,3.02,0.77,0.49,Desktop,United Kingdom,150.0,4560.0,30.0,2.5,10.0,100.0,300.0,0.5
2026-03-19,Google Search - Brand,Google Search,475,20,34.2,3,274.07,forecastiq software reviews,forecastiq,broad,3,0.7,0.02,0.28,3.52,0.77,0.49,Tablet,United States,150.0,4560.0,30.0,2.5,10.0,100.0,300.0,0.5
2026-03-19,Google Search - Brand,Google Search,645,29,23.81,0,0.0,forecastiq login portal,forecastiq,phrase,0,0.7,0.02,0.28,1.53,0.77,0.49,Mobile,United Kingdom,150.0,4560.0,30.0,2.5,10.0,100.0,300.0,0.5
2026-03-19,Google Search - NonBrand,Google Search,9016,196,255.24,7,419.7,,,,7,0.615,0.082,0.137,2.78,0.677,0.431,Desktop,Canada,300.0,9120.0,40.0,1.5,15.0,60.0,150.0,0.35
2026-03-19,Google Search - NonBrand,Google Search,944,35,32.83,5,289.4,paid ads forecasting tool,forecasting tool,phrase,5,0.615,0.082,0.137,3.64,0.677,0.431,Tablet,United Kingdom,300.0,9120.0,40.0,1.5,15.0,60.0,150.0,0.35
2026-03-19,Google Search - NonBrand,Google Search,815,47,75.27,8,515.15,marketing forecasting software,forecasting tool,exact,9,0.615,0.082,0.137,3.44,0.677,0.431,Tablet,United States,300.0,9120.0,40.0,1.5,15.0,60.0,150.0,0.35
2026-03-19,Google Search - NonBrand,Google Search,1088,37,68.58,9,535.81,ppc budget optimization planner,budget optimization,broad,10,0.615,0.082,0.137,2.32,0.677,0.431,Desktop,Germany,300.0,9120.0,40.0,1.5,15.0,60.0,150.0,0.35
2026-03-19,Google Search - NonBrand,Google Search,759,37,18.98,0,0.0,ads forecasting template excel,forecasting tool,broad,0,0.615,0.082,0.137,3.6,0.677,0.431,Mobile,Canada,300.0,9120.0,40.0,1.5,15.0,60.0,150.0,0.35
2026-03-19,Google Search - Competitors,Google Search,3828,58,163.93,2,73.1,,,,2,0.741,0.113,0.066,1.65,0.815,0.518,Mobile,United States,100.0,3040.0,50.0,0.8,20.0,40.0,100.0,0.2
2026-03-19,Google Search - Competitors,Google Search,370,25,32.66,0,0.0,semrush forecasting tool alternative,semrush,phrase,0,0.741,0.113,0.066,3.74,0.815,0.518,Tablet,United Kingdom,100.0,3040.0,50.0,0.8,20.0,40.0,100.0,0.2
2026-03-19,Google Search - Competitors,Google Search,515,25,46.93,0,0.0,ahrefs traffic forecaster,ahrefs,broad,0,0.741,0.113,0.066,2.1,0.815,0.518,Desktop,United States,100.0,3040.0,50.0,0.8,20.0,40.0,100.0,0.2
2026-03-19,Google Search - Competitors,Google Search,475,29,23.24,0,0.0,spyfu competitor ads budget planner,competitor template,broad,0,0.741,0.113,0.066,1.26,0.815,0.518,Mobile,United Kingdom,100.0,3040.0,50.0,0.8,20.0,40.0,100.0,0.2
2026-03-19,Meta Ads - Prospecting,Meta,2425,97,197.8,6,522.29,,,,7,0.701,0.226,0.118,2.67,0.771,0.491,Desktop,Canada,200.0,6080.0,35.0,1.8,12.0,80.0,200.0,0.4
2026-03-19,Meta Ads - Retargeting,Meta,496,16,34.87,1,119.1,,,,1,0.4,0.55,0.05,1.84,0.44,0.28,Mobile,Germany,50.0,1520.0,25.0,3.5,8.0,120.0,400.0,0.6
2026-03-19,YouTube - Brand Awareness,YouTube,5110,73,189.63,0,0.0,,,,0,0.566,0.125,0.059,1.59,0.623,0.396,Desktop,United Kingdom,150.0,4560.0,60.0,0.5,25.0,30.0,80.0,0.15
2026-03-19,YouTube - Brand Awareness,YouTube,493,22,23.45,0,0.0,free advertising tutorial youtube,marketing tutorial,broad,0,0.566,0.125,0.059,2.44,0.623,0.396,Desktop,United Kingdom,150.0,4560.0,60.0,0.5,25.0,30.0,80.0,0.15
2026-03-19,YouTube - Brand Awareness,YouTube,493,30,14.92,0,0.0,cheap keyword planner software download,keyword planner,broad,0,0.566,0.125,0.059,1.51,0.623,0.396,Desktop,United States,150.0,4560.0,60.0,0.5,25.0,30.0,80.0,0.15
2026-03-19,YouTube - Brand Awareness,YouTube,637,39,31.3,0,0.0,marketing jobs salary definition,jobs,broad,0,0.566,0.125,0.059,1.58,0.623,0.396,Desktop,United Kingdom,150.0,4560.0,60.0,0.5,25.0,30.0,80.0,0.15
2026-03-19,YouTube - Brand Awareness,YouTube,461,23,12.5,0,0.0,how to reset google ads password,support,broad,0,0.566,0.125,0.059,1.82,0.623,0.396,Mobile,United Kingdom,150.0,4560.0,60.0,0.5,25.0,30.0,80.0,0.15
2026-03-20,Google Search - Brand,Google Search,1134,81,89.88,2,206.74,,,,2,0.7,0.02,0.28,3.21,0.77,0.49,Tablet,Germany,150.0,4560.0,30.0,2.5,10.0,100.0,300.0,0.5
2026-03-20,Google Search - Brand,Google Search,167,5,7.63,0,0.0,forecastiq,forecastiq,exact,0,0.7,0.02,0.28,2.46,0.77,0.49,Desktop,Germany,150.0,4560.0,30.0,2.5,10.0,100.0,300.0,0.5
2026-03-20,Google Search - Brand,Google Search,122,4,4.87,0,0.0,forecastiq pricing,forecastiq,phrase,0,0.7,0.02,0.28,2.66,0.77,0.49,Desktop,United States,150.0,4560.0,30.0,2.5,10.0,100.0,300.0,0.5
2026-03-20,Google Search - Brand,Google Search,96,7,12.84,1,90.56,forecastiq software reviews,forecastiq,broad,1,0.7,0.02,0.28,1.32,0.77,0.49,Mobile,Germany,150.0,4560.0,30.0,2.5,10.0,100.0,300.0,0.5
2026-03-20,Google Search - Brand,Google Search,100,5,4.24,0,0.0,forecastiq login portal,forecastiq,phrase,0,0.7,0.02,0.28,2.37,0.77,0.49,Mobile,Canada,150.0,4560.0,30.0,2.5,10.0,100.0,300.0,0.5
2026-03-20,Google Search - NonBrand,Google Search,1510,151,381.55,10,627.35,,,,12,0.725,0.154,0.063,3.26,0.797,0.507,Desktop,United States,300.0,9120.0,40.0,1.5,15.0,60.0,150.0,0.35
2026-03-20,Google Search - NonBrand,Google Search,210,14,12.79,1,61.61,paid ads forecasting tool,forecasting tool,phrase,1,0.725,0.154,0.063,2.5,0.797,0.507,Mobile,Germany,300.0,9120.0,40.0,1.5,15.0,60.0,150.0,0.35
2026-03-20,Google Search - NonBrand,Google Search,139,3,5.51,0,0.0,marketing forecasting software,forecasting tool,exact,0,0.725,0.154,0.063,2.79,0.797,0.507,Desktop,United Kingdom,300.0,9120.0,40.0,1.5,15.0,60.0,150.0,0.35
2026-03-20,Google Search - NonBrand,Google Search,181,13,13.49,3,188.12,ppc budget optimization planner,budget optimization,broad,3,0.725,0.154,0.063,3.65,0.797,0.507,Tablet,Germany,300.0,9120.0,40.0,1.5,15.0,60.0,150.0,0.35
2026-03-20,Google Search - NonBrand,Google Search,138,10,20.26,0,0.0,ads forecasting template excel,forecasting tool,broad,0,0.725,0.154,0.063,3.44,0.797,0.507,Desktop,United States,300.0,9120.0,40.0,1.5,15.0,60.0,150.0,0.35
2026-03-20,Google Search - Competitors,Google Search,4473,71,191.59,3,130.25,,,,3,0.788,0.121,0.153,1.94,0.867,0.552,Desktop,United Kingdom,100.0,3040.0,50.0,0.8,20.0,40.0,100.0,0.2
2026-03-20,Google Search - Competitors,Google Search,616,44,36.23,0,0.0,semrush forecasting tool alternative,semrush,phrase,0,0.788,0.121,0.153,2.39,0.867,0.552,Tablet,United Kingdom,100.0,3040.0,50.0,0.8,20.0,40.0,100.0,0.2
2026-03-20,Google Search - Competitors,Google Search,461,15,49.49,0,0.0,ahrefs traffic forecaster,ahrefs,broad,0,0.788,0.121,0.153,2.61,0.867,0.552,Tablet,Germany,100.0,3040.0,50.0,0.8,20.0,40.0,100.0,0.2
2026-03-20,Google Search - Competitors,Google Search,645,23,25.34,0,0.0,spyfu competitor ads budget planner,competitor template,broad,0,0.788,0.121,0.153,1.94,0.867,0.552,Desktop,Germany,100.0,3040.0,50.0,0.8,20.0,40.0,100.0,0.2
2026-03-20,Meta Ads - Prospecting,Meta,4120,103,183.61,6,460.88,,,,7,0.754,0.202,0.161,2.32,0.829,0.528,Mobile,Germany,200.0,6080.0,35.0,1.8,12.0,80.0,200.0,0.4
2026-03-20,Meta Ads - Retargeting,Meta,2175,29,57.63,2,250.63,,,,2,0.4,0.55,0.05,3.24,0.44,0.28,Mobile,Germany,50.0,1520.0,25.0,3.5,8.0,120.0,400.0,0.6
2026-03-20,YouTube - Brand Awareness,YouTube,9880,130,381.01,0,0.0,,,,0,0.664,0.061,0.112,3.1,0.731,0.465,Tablet,United States,150.0,4560.0,60.0,0.5,25.0,30.0,80.0,0.15
2026-03-20,YouTube - Brand Awareness,YouTube,1099,27,20.53,0,0.0,free advertising tutorial youtube,marketing tutorial,broad,0,0.664,0.061,0.112,2.06,0.731,0.465,Tablet,Canada,150.0,4560.0,60.0,0.5,25.0,30.0,80.0,0.15
2026-03-20,YouTube - Brand Awareness,YouTube,1190,75,16.72,0,0.0,cheap keyword planner software download,keyword planner,broad,0,0.664,0.061,0.112,2.92,0.731,0.465,Tablet,United States,150.0,4560.0,60.0,0.5,25.0,30.0,80.0,0.15
2026-03-20,YouTube - Brand Awareness,YouTube,929,42,31.39,0,0.0,marketing jobs salary definition,jobs,broad,0,0.664,0.061,0.112,1.35,0.731,0.465,Desktop,United States,150.0,4560.0,60.0,0.5,25.0,30.0,80.0,0.15
2026-03-20,YouTube - Brand Awareness,YouTube,1026,70,13.05,0,0.0,how to reset google ads password,support,broad,0,0.664,0.061,0.112,1.63,0.731,0.465,Desktop,United States,150.0,4560.0,60.0,0.5,25.0,30.0,80.0,0.15
2026-03-21,Google Search - Brand,Google Search,1083,57,66.83,2,212.77,,,,2,0.7,0.02,0.28,2.47,0.77,0.49,Desktop,Canada,150.0,4560.0,30.0,2.5,10.0,100.0,300.0,0.5
2026-03-21,Google Search - Brand,Google Search,122,6,5.76,0,0.0,forecastiq,forecastiq,exact,0,0.7,0.02,0.28,1.98,0.77,0.49,Desktop,United Kingdom,150.0,4560.0,30.0,2.5,10.0,100.0,300.0,0.5
2026-03-21,Google Search - Brand,Google Search,158,5,9.92,0,0.0,forecastiq pricing,forecastiq,phrase,0,0.7,0.02,0.28,2.48,0.77,0.49,Mobile,Canada,150.0,4560.0,30.0,2.5,10.0,100.0,300.0,0.5
2026-03-21,Google Search - Brand,Google Search,122,6,5.55,0,0.0,forecastiq software reviews,forecastiq,broad,0,0.7,0.02,0.28,3.58,0.77,0.49,Tablet,Canada,150.0,4560.0,30.0,2.5,10.0,100.0,300.0,0.5
2026-03-21,Google Search - Brand,Google Search,154,12,23.64,0,0.0,forecastiq login portal,forecastiq,phrase,0,0.7,0.02,0.28,1.8,0.77,0.49,Desktop,United Kingdom,150.0,4560.0,30.0,2.5,10.0,100.0,300.0,0.5
2026-03-21,Google Search - NonBrand,Google Search,3654,87,211.29,4,254.23,,,,5,0.672,0.129,0.066,2.55,0.739,0.471,Desktop,Canada,300.0,9120.0,40.0,1.5,15.0,60.0,150.0,0.35
2026-03-21,Google Search - NonBrand,Google Search,405,20,25.06,2,121.15,paid ads forecasting tool,forecasting tool,phrase,2,0.672,0.129,0.066,1.94,0.739,0.471,Mobile,United States,300.0,9120.0,40.0,1.5,15.0,60.0,150.0,0.35
2026-03-21,Google Search - NonBrand,Google Search,380,18,26.8,2,126.26,marketing forecasting software,forecasting tool,exact,2,0.672,0.129,0.066,3.15,0.739,0.471,Desktop,United Kingdom,300.0,9120.0,40.0,1.5,15.0,60.0,150.0,0.35
2026-03-21,Google Search - NonBrand,Google Search,529,33,31.26,7,432.75,ppc budget optimization planner,budget optimization,broad,8,0.672,0.129,0.066,3.78,0.739,0.471,Tablet,Canada,300.0,9120.0,40.0,1.5,15.0,60.0,150.0,0.35
2026-03-21,Google Search - NonBrand,Google Search,397,31,19.67,0,0.0,ads forecasting template excel,forecasting tool,broad,0,0.672,0.129,0.066,2.24,0.739,0.471,Desktop,United Kingdom,300.0,9120.0,40.0,1.5,15.0,60.0,150.0,0.35
2026-03-21,Google Search - Competitors,Google Search,1320,30,86.99,1,43.04,,,,1,0.63,0.227,0.135,1.38,0.693,0.441,Tablet,Germany,100.0,3040.0,50.0,0.8,20.0,40.0,100.0,0.2
2026-03-21,Google Search - Competitors,Google Search,169,12,32.03,0,0.0,semrush forecasting tool alternative,semrush,phrase,0,0.63,0.227,0.135,1.47,0.693,0.441,Tablet,United Kingdom,100.0,3040.0,50.0,0.8,20.0,40.0,100.0,0.2
2026-03-21,Google Search - Competitors,Google Search,158,8,40.83,0,0.0,ahrefs traffic forecaster,ahrefs,broad,0,0.63,0.227,0.135,2.59,0.693,0.441,Mobile,United States,100.0,3040.0,50.0,0.8,20.0,40.0,100.0,0.2
2026-03-21,Google Search - Competitors,Google Search,192,9,27.23,0,0.0,spyfu competitor ads budget planner,competitor template,broad,0,0.63,0.227,0.135,2.59,0.693,0.441,Mobile,United States,100.0,3040.0,50.0,0.8,20.0,40.0,100.0,0.2
2026-03-21,Meta Ads - Prospecting,Meta,784,56,156.71,3,259.36,,,,3,0.744,0.115,0.084,2.88,0.819,0.521,Mobile,Canada,200.0,6080.0,35.0,1.8,12.0,80.0,200.0,0.4
2026-03-21,Meta Ads - Retargeting,Meta,988,13,23.69,1,114.16,,,,1,0.4,0.55,0.05,1.78,0.44,0.28,Desktop,United States,50.0,1520.0,25.0,3.5,8.0,120.0,400.0,0.6
2026-03-21,YouTube - Brand Awareness,YouTube,2244,34,73.66,0,0.0,,,,0,0.729,0.071,0.156,2.3,0.802,0.511,Tablet,United States,150.0,4560.0,60.0,0.5,25.0,30.0,80.0,0.15
2026-03-21,YouTube - Brand Awareness,YouTube,266,15,20.74,0,0.0,free advertising tutorial youtube,marketing tutorial,broad,0,0.729,0.071,0.156,2.34,0.802,0.511,Mobile,Germany,150.0,4560.0,60.0,0.5,25.0,30.0,80.0,0.15
2026-03-21,YouTube - Brand Awareness,YouTube,193,5,15.49,0,0.0,cheap keyword planner software download,keyword planner,broad,0,0.729,0.071,0.156,3.37,0.802,0.511,Desktop,Canada,150.0,4560.0,60.0,0.5,25.0,30.0,80.0,0.15
2026-03-21,YouTube - Brand Awareness,YouTube,302,12,28.5,0,0.0,marketing jobs salary definition,jobs,broad,0,0.729,0.071,0.156,3.14,0.802,0.511,Mobile,United Kingdom,150.0,4560.0,60.0,0.5,25.0,30.0,80.0,0.15
2026-03-21,YouTube - Brand Awareness,YouTube,226,11,12.78,0,0.0,how to reset google ads password,support,broad,0,0.729,0.071,0.156,3.67,0.802,0.511,Tablet,Germany,150.0,4560.0,60.0,0.5,25.0,30.0,80.0,0.15
2026-03-22,Google Search - Brand,Google Search,2622,69,77.31,2,181.54,,,,2,0.7,0.02,0.28,2.8,0.77,0.49,Mobile,United Kingdom,150.0,4560.0,30.0,2.5,10.0,100.0,300.0,0.5
2026-03-22,Google Search - Brand,Google Search,358,20,27.09,1,109.29,forecastiq,forecastiq,exact,1,0.7,0.02,0.28,3.79,0.77,0.49,Mobile,United States,150.0,4560.0,30.0,2.5,10.0,100.0,300.0,0.5
2026-03-22,Google Search - Brand,Google Search,245,18,33.35,1,103.69,forecastiq pricing,forecastiq,phrase,1,0.7,0.02,0.28,3.04,0.77,0.49,Tablet,United Kingdom,150.0,4560.0,30.0,2.5,10.0,100.0,300.0,0.5
2026-03-22,Google Search - Brand,Google Search,379,25,49.48,3,312.38,forecastiq software reviews,forecastiq,broad,3,0.7,0.02,0.28,1.29,0.77,0.49,Mobile,Canada,150.0,4560.0,30.0,2.5,10.0,100.0,300.0,0.5
2026-03-22,Google Search - Brand,Google Search,237,13,17.44,0,0.0,forecastiq login portal,forecastiq,phrase,0,0.7,0.02,0.28,1.57,0.77,0.49,Mobile,Canada,150.0,4560.0,30.0,2.5,10.0,100.0,300.0,0.5
2026-03-22,Google Search - NonBrand,Google Search,1625,125,339.23,7,424.42,,,,7,0.805,0.241,0.133,3.08,0.886,0.564,Desktop,Canada,300.0,9120.0,40.0,1.5,15.0,60.0,150.0,0.35
2026-03-22,Google Search - NonBrand,Google Search,193,4,4.17,0,0.0,paid ads forecasting tool,forecasting tool,phrase,0,0.805,0.241,0.133,1.59,0.886,0.564,Desktop,Germany,300.0,9120.0,40.0,1.5,15.0,60.0,150.0,0.35
2026-03-22,Google Search - NonBrand,Google Search,188,10,18.65,2,116.57,marketing forecasting software,forecasting tool,exact,2,0.805,0.241,0.133,1.93,0.886,0.564,Mobile,Germany,300.0,9120.0,40.0,1.5,15.0,60.0,150.0,0.35
2026-03-22,Google Search - NonBrand,Google Search,233,15,13.63,3,183.11,ppc budget optimization planner,budget optimization,broad,3,0.805,0.241,0.133,1.74,0.886,0.564,Mobile,United Kingdom,300.0,9120.0,40.0,1.5,15.0,60.0,150.0,0.35
2026-03-22,Google Search - NonBrand,Google Search,173,4,16.98,0,0.0,ads forecasting template excel,forecasting tool,broad,0,0.805,0.241,0.133,1.26,0.886,0.564,Mobile,Canada,300.0,9120.0,40.0,1.5,15.0,60.0,150.0,0.35
2026-03-22,Google Search - Competitors,Google Search,800,25,72.67,1,40.26,,,,1,0.731,0.122,0.064,2.57,0.804,0.512,Mobile,United Kingdom,100.0,3040.0,50.0,0.8,20.0,40.0,100.0,0.2
2026-03-22,Google Search - Competitors,Google Search,68,2,32.91,0,0.0,semrush forecasting tool alternative,semrush,phrase,0,0.731,0.122,0.064,2.28,0.804,0.512,Desktop,Canada,100.0,3040.0,50.0,0.8,20.0,40.0,100.0,0.2
2026-03-22,Google Search - Competitors,Google Search,78,5,45.04,0,0.0,ahrefs traffic forecaster,ahrefs,broad,0,0.731,0.122,0.064,2.36,0.804,0.512,Mobile,Canada,100.0,3040.0,50.0,0.8,20.0,40.0,100.0,0.2
2026-03-22,Google Search - Competitors,Google Search,109,4,22.51,0,0.0,spyfu competitor ads budget planner,competitor template,broad,0,0.731,0.122,0.064,2.11,0.804,0.512,Desktop,United Kingdom,100.0,3040.0,50.0,0.8,20.0,40.0,100.0,0.2
2026-03-22,Meta Ads - Prospecting,Meta,7245,105,314.93,9,723.28,,,,9,0.58,0.2,0.131,1.6,0.638,0.406,Tablet,Germany,200.0,6080.0,35.0,1.8,12.0,80.0,200.0,0.4
2026-03-22,Meta Ads - Retargeting,Meta,1080,27,72.25,3,366.13,,,,3,0.4,0.55,0.05,1.73,0.44,0.28,Tablet,Canada,50.0,1520.0,25.0,3.5,8.0,120.0,400.0,0.6
2026-03-22,YouTube - Brand Awareness,YouTube,2982,71,139.75,0,0.0,,,,0,0.844,0.181,0.156,1.92,0.928,0.59,Desktop,Canada,150.0,4560.0,60.0,0.5,25.0,30.0,80.0,0.15
2026-03-22,YouTube - Brand Awareness,YouTube,411,13,23.65,0,0.0,free advertising tutorial youtube,marketing tutorial,broad,0,0.844,0.181,0.156,3.54,0.928,0.59,Tablet,United States,150.0,4560.0,60.0,0.5,25.0,30.0,80.0,0.15
2026-03-22,YouTube - Brand Awareness,YouTube,430,20,15.74,0,0.0,cheap keyword planner software download,keyword planner,broad,0,0.844,0.181,0.156,3.43,0.928,0.59,Tablet,United States,150.0,4560.0,60.0,0.5,25.0,30.0,80.0,0.15
2026-03-22,YouTube - Brand Awareness,YouTube,427,28,30.51,0,0.0,marketing jobs salary definition,jobs,broad,0,0.844,0.181,0.156,1.72,0.928,0.59,Desktop,United States,150.0,4560.0,60.0,0.5,25.0,30.0,80.0,0.15
2026-03-22,YouTube - Brand Awareness,YouTube,314,14,11.26,0,0.0,how to reset google ads password,support,broad,0,0.844,0.181,0.156,3.62,0.928,0.59,Desktop,Canada,150.0,4560.0,60.0,0.5,25.0,30.0,80.0,0.15
2026-03-23,Google Search - Brand,Google Search,1638,91,175.15,7,651.5,,,,7,0.7,0.02,0.28,1.82,0.77,0.49,Desktop,United States,150.0,4560.0,30.0,2.5,10.0,100.0,300.0,0.5
2026-03-23,Google Search - Brand,Google Search,189,9,8.22,0,0.0,forecastiq,forecastiq,exact,0,0.7,0.02,0.28,3.78,0.77,0.49,Mobile,Canada,150.0,4560.0,30.0,2.5,10.0,100.0,300.0,0.5
2026-03-23,Google Search - Brand,Google Search,208,12,16.41,0,0.0,forecastiq pricing,forecastiq,phrase,0,0.7,0.02,0.28,1.58,0.77,0.49,Desktop,Canada,150.0,4560.0,30.0,2.5,10.0,100.0,300.0,0.5
2026-03-23,Google Search - Brand,Google Search,161,10,11.08,1,92.96,forecastiq software reviews,forecastiq,broad,1,0.7,0.02,0.28,3.25,0.77,0.49,Mobile,United States,150.0,4560.0,30.0,2.5,10.0,100.0,300.0,0.5
2026-03-23,Google Search - Brand,Google Search,218,7,13.89,0,0.0,forecastiq login portal,forecastiq,phrase,0,0.7,0.02,0.28,1.57,0.77,0.49,Mobile,United States,150.0,4560.0,30.0,2.5,10.0,100.0,300.0,0.5
2026-03-23,Google Search - NonBrand,Google Search,3952,104,193.33,5,307.29,,,,5,0.647,0.182,0.119,1.71,0.711,0.453,Tablet,United Kingdom,300.0,9120.0,40.0,1.5,15.0,60.0,150.0,0.35
2026-03-23,Google Search - NonBrand,Google Search,398,30,34.7,5,272.22,paid ads forecasting tool,forecasting tool,phrase,5,0.647,0.182,0.119,2.04,0.711,0.453,Desktop,United States,300.0,9120.0,40.0,1.5,15.0,60.0,150.0,0.35
2026-03-23,Google Search - NonBrand,Google Search,552,26,24.77,5,300.0,marketing forecasting software,forecasting tool,exact,5,0.647,0.182,0.119,2.94,0.711,0.453,Mobile,United States,300.0,9120.0,40.0,1.5,15.0,60.0,150.0,0.35
2026-03-23,Google Search - NonBrand,Google Search,355,20,16.32,5,320.23,ppc budget optimization planner,budget optimization,broad,5,0.647,0.182,0.119,3.69,0.711,0.453,Mobile,Canada,300.0,9120.0,40.0,1.5,15.0,60.0,150.0,0.35
2026-03-23,Google Search - NonBrand,Google Search,486,14,18.62,0,0.0,ads forecasting template excel,forecasting tool,broad,0,0.647,0.182,0.119,3.46,0.711,0.453,Tablet,Canada,300.0,9120.0,40.0,1.5,15.0,60.0,150.0,0.35
2026-03-23,Google Search - Competitors,Google Search,544,32,51.75,0,0.0,,,,0,0.651,0.131,0.072,2.25,0.716,0.456,Mobile,Canada,100.0,3040.0,50.0,0.8,20.0,40.0,100.0,0.2
2026-03-23,Google Search - Competitors,Google Search,70,4,38.19,0,0.0,semrush forecasting tool alternative,semrush,phrase,0,0.651,0.131,0.072,3.67,0.716,0.456,Desktop,United Kingdom,100.0,3040.0,50.0,0.8,20.0,40.0,100.0,0.2
2026-03-23,Google Search - Competitors,Google Search,63,2,49.37,0,0.0,ahrefs traffic forecaster,ahrefs,broad,0,0.651,0.131,0.072,2.21,0.716,0.456,Desktop,Canada,100.0,3040.0,50.0,0.8,20.0,40.0,100.0,0.2
2026-03-23,Google Search - Competitors,Google Search,81,4,26.79,0,0.0,spyfu competitor ads budget planner,competitor template,broad,0,0.651,0.131,0.072,2.13,0.716,0.456,Mobile,United States,100.0,3040.0,50.0,0.8,20.0,40.0,100.0,0.2
2026-03-23,Meta Ads - Prospecting,Meta,2760,115,182.52,5,393.34,,,,5,0.78,0.09,0.088,2.61,0.858,0.546,Mobile,Canada,200.0,6080.0,35.0,1.8,12.0,80.0,200.0,0.4
2026-03-23,Meta Ads - Retargeting,Meta,667,23,25.97,1,123.28,,,,1,0.4,0.55,0.05,1.45,0.44,0.28,Desktop,Canada,50.0,1520.0,25.0,3.5,8.0,120.0,400.0,0.6
2026-03-23,YouTube - Brand Awareness,YouTube,1484,53,116.01,0,0.0,,,,0,0.804,0.102,0.062,2.54,0.885,0.563,Tablet,Germany,150.0,4560.0,60.0,0.5,25.0,30.0,80.0,0.15
2026-03-23,YouTube - Brand Awareness,YouTube,153,6,23.66,0,0.0,free advertising tutorial youtube,marketing tutorial,broad,0,0.804,0.102,0.062,2.41,0.885,0.563,Mobile,United States,150.0,4560.0,60.0,0.5,25.0,30.0,80.0,0.15
2026-03-23,YouTube - Brand Awareness,YouTube,133,4,15.24,0,0.0,cheap keyword planner software download,keyword planner,broad,0,0.804,0.102,0.062,1.55,0.885,0.563,Mobile,Germany,150.0,4560.0,60.0,0.5,25.0,30.0,80.0,0.15
2026-03-23,YouTube - Brand Awareness,YouTube,143,6,27.25,0,0.0,marketing jobs salary definition,jobs,broad,0,0.804,0.102,0.062,2.7,0.885,0.563,Tablet,Canada,150.0,4560.0,60.0,0.5,25.0,30.0,80.0,0.15
2026-03-23,YouTube - Brand Awareness,YouTube,153,10,10.84,0,0.0,how to reset google ads password,support,broad,0,0.804,0.102,0.062,2.98,0.885,0.563,Mobile,Canada,150.0,4560.0,60.0,0.5,25.0,30.0,80.0,0.15
2026-03-24,Google Search - Brand,Google Search,6996,132,231.98,8,877.22,,,,9,0.7,0.02,0.28,1.66,0.77,0.49,Tablet,Canada,150.0,4560.0,30.0,2.5,10.0,100.0,300.0,0.5
2026-03-24,Google Search - Brand,Google Search,826,21,26.95,1,93.33,forecastiq,forecastiq,exact,1,0.7,0.02,0.28,1.21,0.77,0.49,Desktop,Canada,150.0,4560.0,30.0,2.5,10.0,100.0,300.0,0.5
2026-03-24,Google Search - Brand,Google Search,862,46,83.55,4,389.6,forecastiq pricing,forecastiq,phrase,4,0.7,0.02,0.28,2.05,0.77,0.49,Mobile,United Kingdom,150.0,4560.0,30.0,2.5,10.0,100.0,300.0,0.5
2026-03-24,Google Search - Brand,Google Search,623,16,28.99,2,198.83,forecastiq software reviews,forecastiq,broad,2,0.7,0.02,0.28,2.75,0.77,0.49,Mobile,United States,150.0,4560.0,30.0,2.5,10.0,100.0,300.0,0.5
2026-03-24,Google Search - Brand,Google Search,746,53,66.29,1,105.55,forecastiq login portal,forecastiq,phrase,1,0.7,0.02,0.28,3.19,0.77,0.49,Tablet,United States,150.0,4560.0,30.0,2.5,10.0,100.0,300.0,0.5
2026-03-24,Google Search - NonBrand,Google Search,6716,146,411.88,12,745.24,,,,15,0.82,0.226,0.159,2.26,0.902,0.574,Mobile,United States,300.0,9120.0,40.0,1.5,15.0,60.0,150.0,0.35
2026-03-24,Google Search - NonBrand,Google Search,912,64,106.7,8,469.62,paid ads forecasting tool,forecasting tool,phrase,9,0.82,0.226,0.159,1.84,0.902,0.574,Desktop,Germany,300.0,9120.0,40.0,1.5,15.0,60.0,150.0,0.35
2026-03-24,Google Search - NonBrand,Google Search,625,43,35.6,8,443.84,marketing forecasting software,forecasting tool,exact,9,0.82,0.226,0.159,3.35,0.902,0.574,Desktop,Germany,300.0,9120.0,40.0,1.5,15.0,60.0,150.0,0.35
2026-03-24,Google Search - NonBrand,Google Search,701,31,61.96,7,448.25,ppc budget optimization planner,budget optimization,broad,7,0.82,0.226,0.159,2.27,0.902,0.574,Desktop,Germany,300.0,9120.0,40.0,1.5,15.0,60.0,150.0,0.35
2026-03-24,Google Search - NonBrand,Google Search,697,43,18.24,0,0.0,ads forecasting template excel,forecasting tool,broad,0,0.82,0.226,0.159,2.53,0.902,0.574,Desktop,Canada,300.0,9120.0,40.0,1.5,15.0,60.0,150.0,0.35
2026-03-24,Google Search - Competitors,Google Search,2208,32,78.88,1,37.04,,,,1,0.817,0.219,0.057,3.31,0.899,0.572,Desktop,Germany,100.0,3040.0,50.0,0.8,20.0,40.0,100.0,0.2
2026-03-24,Google Search - Competitors,Google Search,322,24,32.01,0,0.0,semrush forecasting tool alternative,semrush,phrase,0,0.817,0.219,0.057,3.16,0.899,0.572,Tablet,Germany,100.0,3040.0,50.0,0.8,20.0,40.0,100.0,0.2
2026-03-24,Google Search - Competitors,Google Search,191,11,41.01,0,0.0,ahrefs traffic forecaster,ahrefs,broad,0,0.817,0.219,0.057,2.69,0.899,0.572,Tablet,United States,100.0,3040.0,50.0,0.8,20.0,40.0,100.0,0.2
2026-03-24,Google Search - Competitors,Google Search,232,15,23.2,0,0.0,spyfu competitor ads budget planner,competitor template,broad,0,0.817,0.219,0.057,1.57,0.899,0.572,Tablet,Germany,100.0,3040.0,50.0,0.8,20.0,40.0,100.0,0.2
2026-03-24,Meta Ads - Prospecting,Meta,891,81,158.06,5,396.63,,,,5,0.643,0.113,0.171,2.5,0.708,0.45,Mobile,Germany,200.0,6080.0,35.0,1.8,12.0,80.0,200.0,0.4
2026-03-24,Meta Ads - Retargeting,Meta,570,19,39.25,1,118.65,,,,1,0.4,0.55,0.05,1.95,0.44,0.28,Tablet,Germany,50.0,1520.0,25.0,3.5,8.0,120.0,400.0,0.6
2026-03-24,YouTube - Brand Awareness,YouTube,3904,64,142.98,0,0.0,,,,0,0.671,0.094,0.134,2.13,0.738,0.47,Desktop,United States,150.0,4560.0,60.0,0.5,25.0,30.0,80.0,0.15
2026-03-24,YouTube - Brand Awareness,YouTube,367,25,21.11,0,0.0,free advertising tutorial youtube,marketing tutorial,broad,0,0.671,0.094,0.134,2.67,0.738,0.47,Tablet,Canada,150.0,4560.0,60.0,0.5,25.0,30.0,80.0,0.15
2026-03-24,YouTube - Brand Awareness,YouTube,381,15,17.37,0,0.0,cheap keyword planner software download,keyword planner,broad,0,0.671,0.094,0.134,1.27,0.738,0.47,Mobile,United Kingdom,150.0,4560.0,60.0,0.5,25.0,30.0,80.0,0.15
2026-03-24,YouTube - Brand Awareness,YouTube,340,9,29.2,0,0.0,marketing jobs salary definition,jobs,broad,0,0.671,0.094,0.134,3.18,0.738,0.47,Tablet,Germany,150.0,4560.0,60.0,0.5,25.0,30.0,80.0,0.15
2026-03-24,YouTube - Brand Awareness,YouTube,559,30,12.0,0,0.0,how to reset google ads password,support,broad,0,0.671,0.094,0.134,2.83,0.738,0.47,Tablet,Canada,150.0,4560.0,60.0,0.5,25.0,30.0,80.0,0.15
2026-03-25,Google Search - Brand,Google Search,2072,56,144.16,5,497.37,,,,5,0.7,0.02,0.28,2.3,0.77,0.49,Mobile,United States,150.0,4560.0,30.0,2.5,10.0,100.0,300.0,0.5
2026-03-25,Google Search - Brand,Google Search,308,8,9.18,0,0.0,forecastiq,forecastiq,exact,0,0.7,0.02,0.28,2.68,0.77,0.49,Mobile,United States,150.0,4560.0,30.0,2.5,10.0,100.0,300.0,0.5
2026-03-25,Google Search - Brand,Google Search,183,4,5.1,0,0.0,forecastiq pricing,forecastiq,phrase,0,0.7,0.02,0.28,2.46,0.77,0.49,Mobile,Germany,150.0,4560.0,30.0,2.5,10.0,100.0,300.0,0.5
2026-03-25,Google Search - Brand,Google Search,243,5,9.14,0,0.0,forecastiq software reviews,forecastiq,broad,0,0.7,0.02,0.28,2.88,0.77,0.49,Tablet,United States,150.0,4560.0,30.0,2.5,10.0,100.0,300.0,0.5
2026-03-25,Google Search - Brand,Google Search,182,3,5.83,0,0.0,forecastiq login portal,forecastiq,phrase,0,0.7,0.02,0.28,2.29,0.77,0.49,Mobile,Germany,150.0,4560.0,30.0,2.5,10.0,100.0,300.0,0.5
2026-03-25,Google Search - NonBrand,Google Search,12992,224,575.3,13,806.38,,,,15,0.766,0.213,0.192,1.25,0.843,0.536,Desktop,United States,300.0,9120.0,40.0,1.5,15.0,60.0,150.0,0.35
2026-03-25,Google Search - NonBrand,Google Search,1419,78,94.77,11,693.61,paid ads forecasting tool,forecasting tool,phrase,11,0.766,0.213,0.192,3.68,0.843,0.536,Tablet,United Kingdom,300.0,9120.0,40.0,1.5,15.0,60.0,150.0,0.35
2026-03-25,Google Search - NonBrand,Google Search,1226,43,56.04,9,516.26,marketing forecasting software,forecasting tool,exact,9,0.766,0.213,0.192,3.35,0.843,0.536,Mobile,United States,300.0,9120.0,40.0,1.5,15.0,60.0,150.0,0.35
2026-03-25,Google Search - NonBrand,Google Search,1745,101,128.81,20,1082.75,ppc budget optimization planner,budget optimization,broad,23,0.766,0.213,0.192,3.39,0.843,0.536,Desktop,United Kingdom,300.0,9120.0,40.0,1.5,15.0,60.0,150.0,0.35
2026-03-25,Google Search - NonBrand,Google Search,1703,43,18.69,0,0.0,ads forecasting template excel,forecasting tool,broad,0,0.766,0.213,0.192,3.45,0.843,0.536,Tablet,United Kingdom,300.0,9120.0,40.0,1.5,15.0,60.0,150.0,0.35
2026-03-25,Google Search - Competitors,Google Search,3430,49,146.68,2,79.94,,,,2,0.672,0.11,0.072,1.7,0.739,0.47,Desktop,United Kingdom,100.0,3040.0,50.0,0.8,20.0,40.0,100.0,0.2
2026-03-25,Google Search - Competitors,Google Search,435,17,32.94,0,0.0,semrush forecasting tool alternative,semrush,phrase,0,0.672,0.11,0.072,1.95,0.739,0.47,Tablet,Germany,100.0,3040.0,50.0,0.8,20.0,40.0,100.0,0.2
2026-03-25,Google Search - Competitors,Google Search,395,14,42.07,0,0.0,ahrefs traffic forecaster,ahrefs,broad,0,0.672,0.11,0.072,1.79,0.739,0.47,Tablet,Canada,100.0,3040.0,50.0,0.8,20.0,40.0,100.0,0.2
2026-03-25,Google Search - Competitors,Google Search,370,9,26.2,0,0.0,spyfu competitor ads budget planner,competitor template,broad,0,0.672,0.11,0.072,3.71,0.739,0.47,Desktop,United Kingdom,100.0,3040.0,50.0,0.8,20.0,40.0,100.0,0.2
2026-03-25,Meta Ads - Prospecting,Meta,1958,178,505.36,16,1219.29,,,,20,0.789,0.052,0.135,2.84,0.868,0.552,Desktop,United Kingdom,200.0,6080.0,35.0,1.8,12.0,80.0,200.0,0.4
2026-03-25,Meta Ads - Retargeting,Meta,731,17,34.32,1,116.59,,,,1,0.4,0.55,0.05,3.32,0.44,0.28,Mobile,United Kingdom,50.0,1520.0,25.0,3.5,8.0,120.0,400.0,0.6
2026-03-25,YouTube - Brand Awareness,YouTube,3540,60,147.09,0,0.0,,,,0,0.674,0.2,0.186,2.05,0.742,0.472,Desktop,United States,150.0,4560.0,60.0,0.5,25.0,30.0,80.0,0.15
2026-03-25,YouTube - Brand Awareness,YouTube,486,32,23.33,0,0.0,free advertising tutorial youtube,marketing tutorial,broad,0,0.674,0.2,0.186,1.73,0.742,0.472,Tablet,United Kingdom,150.0,4560.0,60.0,0.5,25.0,30.0,80.0,0.15
2026-03-25,YouTube - Brand Awareness,YouTube,512,16,16.06,0,0.0,cheap keyword planner software download,keyword planner,broad,0,0.674,0.2,0.186,1.91,0.742,0.472,Desktop,Germany,150.0,4560.0,60.0,0.5,25.0,30.0,80.0,0.15
2026-03-25,YouTube - Brand Awareness,YouTube,409,18,29.9,0,0.0,marketing jobs salary definition,jobs,broad,0,0.674,0.2,0.186,1.33,0.742,0.472,Desktop,Germany,150.0,4560.0,60.0,0.5,25.0,30.0,80.0,0.15
2026-03-25,YouTube - Brand Awareness,YouTube,447,13,12.21,0,0.0,how to reset google ads password,support,broad,0,0.674,0.2,0.186,3.27,0.742,0.472,Tablet,Germany,150.0,4560.0,60.0,0.5,25.0,30.0,80.0,0.15
2026-03-26,Google Search - Brand,Google Search,470,47,51.03,1,92.71,,,,1,0.7,0.02,0.28,1.98,0.77,0.49,Tablet,Germany,150.0,4560.0,30.0,2.5,10.0,100.0,300.0,0.5
2026-03-26,Google Search - Brand,Google Search,42,1,0.98,0,0.0,forecastiq,forecastiq,exact,0,0.7,0.02,0.28,1.3,0.77,0.49,Desktop,United States,150.0,4560.0,30.0,2.5,10.0,100.0,300.0,0.5
2026-03-26,Google Search - Brand,Google Search,53,4,7.34,0,0.0,forecastiq pricing,forecastiq,phrase,0,0.7,0.02,0.28,1.84,0.77,0.49,Mobile,United Kingdom,150.0,4560.0,30.0,2.5,10.0,100.0,300.0,0.5
2026-03-26,Google Search - Brand,Google Search,57,3,2.92,0,0.0,forecastiq software reviews,forecastiq,broad,0,0.7,0.02,0.28,1.48,0.77,0.49,Tablet,Canada,150.0,4560.0,30.0,2.5,10.0,100.0,300.0,0.5
2026-03-26,Google Search - Brand,Google Search,46,2,2.06,0,0.0,forecastiq login portal,forecastiq,phrase,0,0.7,0.02,0.28,3.65,0.77,0.49,Desktop,United Kingdom,150.0,4560.0,30.0,2.5,10.0,100.0,300.0,0.5
2026-03-26,Google Search - NonBrand,Google Search,7881,111,285.2,6,368.37,,,,6,0.687,0.149,0.073,2.06,0.755,0.481,Desktop,Canada,300.0,9120.0,40.0,1.5,15.0,60.0,150.0,0.35
2026-03-26,Google Search - NonBrand,Google Search,1114,69,74.23,11,670.2,paid ads forecasting tool,forecasting tool,phrase,12,0.687,0.149,0.073,2.18,0.755,0.481,Desktop,United States,300.0,9120.0,40.0,1.5,15.0,60.0,150.0,0.35
2026-03-26,Google Search - NonBrand,Google Search,1149,79,130.45,17,1007.23,marketing forecasting software,forecasting tool,exact,20,0.687,0.149,0.073,2.13,0.755,0.481,Mobile,Germany,300.0,9120.0,40.0,1.5,15.0,60.0,150.0,0.35
2026-03-26,Google Search - NonBrand,Google Search,741,44,71.33,10,634.38,ppc budget optimization planner,budget optimization,broad,11,0.687,0.149,0.073,2.41,0.755,0.481,Mobile,Canada,300.0,9120.0,40.0,1.5,15.0,60.0,150.0,0.35
2026-03-26,Google Search - NonBrand,Google Search,790,40,16.96,0,0.0,ads forecasting template excel,forecasting tool,broad,0,0.687,0.149,0.073,2.49,0.755,0.481,Desktop,United States,300.0,9120.0,40.0,1.5,15.0,60.0,150.0,0.35
2026-03-26,Google Search - Competitors,Google Search,2622,46,97.5,1,43.26,,,,1,0.831,0.144,0.076,1.81,0.914,0.581,Tablet,Germany,100.0,3040.0,50.0,0.8,20.0,40.0,100.0,0.2
2026-03-26,Google Search - Competitors,Google Search,252,8,33.31,0,0.0,semrush forecasting tool alternative,semrush,phrase,0,0.831,0.144,0.076,3.77,0.914,0.581,Mobile,United Kingdom,100.0,3040.0,50.0,0.8,20.0,40.0,100.0,0.2
2026-03-26,Google Search - Competitors,Google Search,376,29,40.88,0,0.0,ahrefs traffic forecaster,ahrefs,broad,0,0.831,0.144,0.076,3.17,0.914,0.581,Tablet,United Kingdom,100.0,3040.0,50.0,0.8,20.0,40.0,100.0,0.2
2026-03-26,Google Search - Competitors,Google Search,250,18,26.48,0,0.0,spyfu competitor ads budget planner,competitor template,broad,0,0.831,0.144,0.076,2.42,0.914,0.581,Desktop,Germany,100.0,3040.0,50.0,0.8,20.0,40.0,100.0,0.2
2026-03-26,Meta Ads - Prospecting,Meta,3059,133,255.11,7,599.53,,,,7,0.577,0.092,0.137,1.12,0.635,0.404,Tablet,Canada,200.0,6080.0,35.0,1.8,12.0,80.0,200.0,0.4
2026-03-26,Meta Ads - Retargeting,Meta,400,40,91.19,3,335.91,,,,3,0.4,0.55,0.05,2.95,0.44,0.28,Tablet,Germany,50.0,1520.0,25.0,3.5,8.0,120.0,400.0,0.6
2026-03-26,YouTube - Brand Awareness,YouTube,710,71,115.39,0,0.0,,,,0,0.619,0.222,0.167,2.92,0.68,0.433,Desktop,Germany,150.0,4560.0,60.0,0.5,25.0,30.0,80.0,0.15
2026-03-26,YouTube - Brand Awareness,YouTube,89,3,23.33,0,0.0,free advertising tutorial youtube,marketing tutorial,broad,0,0.619,0.222,0.167,3.66,0.68,0.433,Tablet,Germany,150.0,4560.0,60.0,0.5,25.0,30.0,80.0,0.15
2026-03-26,YouTube - Brand Awareness,YouTube,84,3,16.4,0,0.0,cheap keyword planner software download,keyword planner,broad,0,0.619,0.222,0.167,2.05,0.68,0.433,Tablet,United States,150.0,4560.0,60.0,0.5,25.0,30.0,80.0,0.15
2026-03-26,YouTube - Brand Awareness,YouTube,74,5,28.75,0,0.0,marketing jobs salary definition,jobs,broad,0,0.619,0.222,0.167,2.38,0.68,0.433,Tablet,Germany,150.0,4560.0,60.0,0.5,25.0,30.0,80.0,0.15
2026-03-26,YouTube - Brand Awareness,YouTube,104,5,11.04,0,0.0,how to reset google ads password,support,broad,0,0.619,0.222,0.167,1.38,0.68,0.433,Mobile,United Kingdom,150.0,4560.0,60.0,0.5,25.0,30.0,80.0,0.15
2026-03-27,Google Search - Brand,Google Search,4060,70,108.61,3,295.67,,,,3,0.7,0.02,0.28,1.14,0.77,0.49,Desktop,Canada,150.0,4560.0,30.0,2.5,10.0,100.0,300.0,0.5
2026-03-27,Google Search - Brand,Google Search,536,12,23.11,0,0.0,forecastiq,forecastiq,exact,0,0.7,0.02,0.28,2.43,0.77,0.49,Desktop,Germany,150.0,4560.0,30.0,2.5,10.0,100.0,300.0,0.5
2026-03-27,Google Search - Brand,Google Search,328,22,22.76,1,96.54,forecastiq pricing,forecastiq,phrase,1,0.7,0.02,0.28,1.83,0.77,0.49,Mobile,Germany,150.0,4560.0,30.0,2.5,10.0,100.0,300.0,0.5
2026-03-27,Google Search - Brand,Google Search,367,15,16.89,2,196.93,forecastiq software reviews,forecastiq,broad,2,0.7,0.02,0.28,1.23,0.77,0.49,Desktop,United States,150.0,4560.0,30.0,2.5,10.0,100.0,300.0,0.5
2026-03-27,Google Search - Brand,Google Search,560,16,14.47,0,0.0,forecastiq login portal,forecastiq,phrase,0,0.7,0.02,0.28,1.86,0.77,0.49,Desktop,Canada,150.0,4560.0,30.0,2.5,10.0,100.0,300.0,0.5
2026-03-27,Google Search - NonBrand,Google Search,7744,176,383.44,9,504.2,,,,10,0.715,0.193,0.17,2.64,0.787,0.501,Mobile,United Kingdom,300.0,9120.0,40.0,1.5,15.0,60.0,150.0,0.35
2026-03-27,Google Search - NonBrand,Google Search,1008,70,56.23,11,655.89,paid ads forecasting tool,forecasting tool,phrase,11,0.715,0.193,0.17,3.04,0.787,0.501,Tablet,United Kingdom,300.0,9120.0,40.0,1.5,15.0,60.0,150.0,0.35
2026-03-27,Google Search - NonBrand,Google Search,920,21,31.72,3,188.6,marketing forecasting software,forecasting tool,exact,3,0.715,0.193,0.17,1.71,0.787,0.501,Mobile,United Kingdom,300.0,9120.0,40.0,1.5,15.0,60.0,150.0,0.35
2026-03-27,Google Search - NonBrand,Google Search,863,59,72.21,15,918.43,ppc budget optimization planner,budget optimization,broad,17,0.715,0.193,0.17,2.61,0.787,0.501,Mobile,United States,300.0,9120.0,40.0,1.5,15.0,60.0,150.0,0.35
2026-03-27,Google Search - NonBrand,Google Search,1134,54,16.88,0,0.0,ads forecasting template excel,forecasting tool,broad,0,0.715,0.193,0.17,2.7,0.787,0.501,Tablet,United Kingdom,300.0,9120.0,40.0,1.5,15.0,60.0,150.0,0.35
2026-03-27,Google Search - Competitors,Google Search,2904,44,80.78,1,43.61,,,,1,0.627,0.087,0.102,1.63,0.69,0.439,Mobile,Canada,100.0,3040.0,50.0,0.8,20.0,40.0,100.0,0.2
2026-03-27,Google Search - Competitors,Google Search,280,13,32.88,0,0.0,semrush forecasting tool alternative,semrush,phrase,0,0.627,0.087,0.102,1.72,0.69,0.439,Tablet,Canada,100.0,3040.0,50.0,0.8,20.0,40.0,100.0,0.2
2026-03-27,Google Search - Competitors,Google Search,314,15,49.23,0,0.0,ahrefs traffic forecaster,ahrefs,broad,0,0.627,0.087,0.102,2.65,0.69,0.439,Mobile,Canada,100.0,3040.0,50.0,0.8,20.0,40.0,100.0,0.2
2026-03-27,Google Search - Competitors,Google Search,282,19,25.5,0,0.0,spyfu competitor ads budget planner,competitor template,broad,0,0.627,0.087,0.102,3.67,0.69,0.439,Mobile,United States,100.0,3040.0,50.0,0.8,20.0,40.0,100.0,0.2
2026-03-27,Meta Ads - Prospecting,Meta,5292,108,281.86,8,628.54,,,,9,0.613,0.145,0.154,2.4,0.674,0.429,Desktop,United States,200.0,6080.0,35.0,1.8,12.0,80.0,200.0,0.4
2026-03-27,Meta Ads - Retargeting,Meta,1360,20,52.35,2,218.77,,,,2,0.4,0.55,0.05,1.51,0.44,0.28,Tablet,Germany,50.0,1520.0,25.0,3.5,8.0,120.0,400.0,0.6
2026-03-27,YouTube - Brand Awareness,YouTube,2535,65,83.54,0,0.0,,,,0,0.813,0.163,0.179,2.18,0.894,0.569,Desktop,United States,150.0,4560.0,60.0,0.5,25.0,30.0,80.0,0.15
2026-03-27,YouTube - Brand Awareness,YouTube,212,9,20.86,0,0.0,free advertising tutorial youtube,marketing tutorial,broad,0,0.813,0.163,0.179,1.79,0.894,0.569,Mobile,United States,150.0,4560.0,60.0,0.5,25.0,30.0,80.0,0.15
2026-03-27,YouTube - Brand Awareness,YouTube,352,20,15.38,0,0.0,cheap keyword planner software download,keyword planner,broad,0,0.813,0.163,0.179,2.11,0.894,0.569,Desktop,Germany,150.0,4560.0,60.0,0.5,25.0,30.0,80.0,0.15
2026-03-27,YouTube - Brand Awareness,YouTube,313,15,30.2,0,0.0,marketing jobs salary definition,jobs,broad,0,0.813,0.163,0.179,1.47,0.894,0.569,Desktop,United States,150.0,4560.0,60.0,0.5,25.0,30.0,80.0,0.15
2026-03-27,YouTube - Brand Awareness,YouTube,247,8,10.9,0,0.0,how to reset google ads password,support,broad,0,0.813,0.163,0.179,2.75,0.894,0.569,Tablet,Germany,150.0,4560.0,60.0,0.5,25.0,30.0,80.0,0.15
2026-03-28,Google Search - Brand,Google Search,2052,38,101.11,4,369.72,,,,5,0.7,0.02,0.28,2.31,0.77,0.49,Desktop,Canada,150.0,4560.0,30.0,2.5,10.0,100.0,300.0,0.5
2026-03-28,Google Search - Brand,Google Search,252,8,7.92,0,0.0,forecastiq,forecastiq,exact,0,0.7,0.02,0.28,2.18,0.77,0.49,Tablet,Germany,150.0,4560.0,30.0,2.5,10.0,100.0,300.0,0.5
2026-03-28,Google Search - Brand,Google Search,307,16,19.41,1,98.9,forecastiq pricing,forecastiq,phrase,1,0.7,0.02,0.28,1.28,0.77,0.49,Tablet,United States,150.0,4560.0,30.0,2.5,10.0,100.0,300.0,0.5
2026-03-28,Google Search - Brand,Google Search,237,6,6.5,0,0.0,forecastiq software reviews,forecastiq,broad,0,0.7,0.02,0.28,2.57,0.77,0.49,Tablet,Germany,150.0,4560.0,30.0,2.5,10.0,100.0,300.0,0.5
2026-03-28,Google Search - Brand,Google Search,269,7,13.58,0,0.0,forecastiq login portal,forecastiq,phrase,0,0.7,0.02,0.28,2.77,0.77,0.49,Tablet,Germany,150.0,4560.0,30.0,2.5,10.0,100.0,300.0,0.5
2026-03-28,Google Search - NonBrand,Google Search,2816,88,112.11,2,113.67,,,,2,0.764,0.23,0.175,1.64,0.84,0.535,Tablet,Germany,300.0,9120.0,40.0,1.5,15.0,60.0,150.0,0.35
2026-03-28,Google Search - NonBrand,Google Search,355,17,22.11,2,113.12,paid ads forecasting tool,forecasting tool,phrase,2,0.764,0.23,0.175,3.64,0.84,0.535,Desktop,United Kingdom,300.0,9120.0,40.0,1.5,15.0,60.0,150.0,0.35
2026-03-28,Google Search - NonBrand,Google Search,232,15,13.48,3,179.5,marketing forecasting software,forecasting tool,exact,3,0.764,0.23,0.175,1.54,0.84,0.535,Tablet,United Kingdom,300.0,9120.0,40.0,1.5,15.0,60.0,150.0,0.35
2026-03-28,Google Search - NonBrand,Google Search,243,7,12.43,2,112.41,ppc budget optimization planner,budget optimization,broad,2,0.764,0.23,0.175,1.31,0.84,0.535,Tablet,Germany,300.0,9120.0,40.0,1.5,15.0,60.0,150.0,0.35
2026-03-28,Google Search - NonBrand,Google Search,261,14,17.23,0,0.0,ads forecasting template excel,forecasting tool,broad,0,0.764,0.23,0.175,2.85,0.84,0.535,Mobile,Canada,300.0,9120.0,40.0,1.5,15.0,60.0,150.0,0.35
2026-03-28,Google Search - Competitors,Google Search,2418,31,67.09,1,37.97,,,,1,0.746,0.12,0.106,2.02,0.821,0.522,Mobile,United States,100.0,3040.0,50.0,0.8,20.0,40.0,100.0,0.2
2026-03-28,Google Search - Competitors,Google Search,334,10,36.3,0,0.0,semrush forecasting tool alternative,semrush,phrase,0,0.746,0.12,0.106,3.54,0.821,0.522,Desktop,United States,100.0,3040.0,50.0,0.8,20.0,40.0,100.0,0.2
2026-03-28,Google Search - Competitors,Google Search,253,7,49.32,0,0.0,ahrefs traffic forecaster,ahrefs,broad,0,0.746,0.12,0.106,3.71,0.821,0.522,Mobile,Germany,100.0,3040.0,50.0,0.8,20.0,40.0,100.0,0.2
2026-03-28,Google Search - Competitors,Google Search,356,17,22.82,0,0.0,spyfu competitor ads budget planner,competitor template,broad,0,0.746,0.12,0.106,2.27,0.821,0.522,Tablet,Canada,100.0,3040.0,50.0,0.8,20.0,40.0,100.0,0.2
2026-03-28,Meta Ads - Prospecting,Meta,1792,56,163.63,4,299.64,,,,4,0.72,0.087,0.1,2.71,0.792,0.504,Desktop,Canada,200.0,6080.0,35.0,1.8,12.0,80.0,200.0,0.4
2026-03-28,Meta Ads - Retargeting,Meta,336,28,59.47,2,217.6,,,,2,0.4,0.55,0.05,1.59,0.44,0.28,Desktop,Canada,50.0,1520.0,25.0,3.5,8.0,120.0,400.0,0.6
2026-03-28,YouTube - Brand Awareness,YouTube,2660,70,208.37,0,0.0,,,,0,0.869,0.182,0.106,1.94,0.956,0.608,Mobile,United Kingdom,150.0,4560.0,60.0,0.5,25.0,30.0,80.0,0.15
2026-03-28,YouTube - Brand Awareness,YouTube,234,14,23.78,0,0.0,free advertising tutorial youtube,marketing tutorial,broad,0,0.869,0.182,0.106,3.45,0.956,0.608,Mobile,Germany,150.0,4560.0,60.0,0.5,25.0,30.0,80.0,0.15
2026-03-28,YouTube - Brand Awareness,YouTube,256,11,17.18,0,0.0,cheap keyword planner software download,keyword planner,broad,0,0.869,0.182,0.106,2.15,0.956,0.608,Mobile,United States,150.0,4560.0,60.0,0.5,25.0,30.0,80.0,0.15
2026-03-28,YouTube - Brand Awareness,YouTube,220,12,27.89,0,0.0,marketing jobs salary definition,jobs,broad,0,0.869,0.182,0.106,3.28,0.956,0.608,Tablet,Canada,150.0,4560.0,60.0,0.5,25.0,30.0,80.0,0.15
2026-03-28,YouTube - Brand Awareness,YouTube,275,15,11.95,0,0.0,how to reset google ads password,support,broad,0,0.869,0.182,0.106,2.32,0.956,0.608,Mobile,United States,150.0,4560.0,60.0,0.5,25.0,30.0,80.0,0.15
2026-03-29,Google Search - Brand,Google Search,3120,39,89.49,3,296.96,,,,3,0.7,0.02,0.28,3.37,0.77,0.49,Desktop,Canada,150.0,4560.0,30.0,2.5,10.0,100.0,300.0,0.5
2026-03-29,Google Search - Brand,Google Search,452,28,22.96,1,105.89,forecastiq,forecastiq,exact,1,0.7,0.02,0.28,1.35,0.77,0.49,Tablet,Canada,150.0,4560.0,30.0,2.5,10.0,100.0,300.0,0.5
2026-03-29,Google Search - Brand,Google Search,361,9,17.44,0,0.0,forecastiq pricing,forecastiq,phrase,0,0.7,0.02,0.28,2.34,0.77,0.49,Desktop,United States,150.0,4560.0,30.0,2.5,10.0,100.0,300.0,0.5
2026-03-29,Google Search - Brand,Google Search,460,15,23.72,1,105.72,forecastiq software reviews,forecastiq,broad,1,0.7,0.02,0.28,1.7,0.77,0.49,Desktop,Canada,150.0,4560.0,30.0,2.5,10.0,100.0,300.0,0.5
2026-03-29,Google Search - Brand,Google Search,386,24,23.93,0,0.0,forecastiq login portal,forecastiq,phrase,0,0.7,0.02,0.28,3.25,0.77,0.49,Mobile,Canada,150.0,4560.0,30.0,2.5,10.0,100.0,300.0,0.5
2026-03-29,Google Search - NonBrand,Google Search,4884,111,159.27,4,252.05,,,,4,0.721,0.134,0.108,2.78,0.793,0.505,Desktop,Germany,300.0,9120.0,40.0,1.5,15.0,60.0,150.0,0.35
2026-03-29,Google Search - NonBrand,Google Search,403,31,27.09,4,222.87,paid ads forecasting tool,forecasting tool,phrase,4,0.721,0.134,0.108,3.15,0.793,0.505,Mobile,United Kingdom,300.0,9120.0,40.0,1.5,15.0,60.0,150.0,0.35
2026-03-29,Google Search - NonBrand,Google Search,603,16,26.38,3,196.08,marketing forecasting software,forecasting tool,exact,3,0.721,0.134,0.108,3.74,0.793,0.505,Tablet,United Kingdom,300.0,9120.0,40.0,1.5,15.0,60.0,150.0,0.35
2026-03-29,Google Search - NonBrand,Google Search,401,8,11.93,1,61.27,ppc budget optimization planner,budget optimization,broad,1,0.721,0.134,0.108,3.03,0.793,0.505,Tablet,United States,300.0,9120.0,40.0,1.5,15.0,60.0,150.0,0.35
2026-03-29,Google Search - NonBrand,Google Search,449,25,18.36,0,0.0,ads forecasting template excel,forecasting tool,broad,0,0.721,0.134,0.108,3.7,0.793,0.505,Tablet,United States,300.0,9120.0,40.0,1.5,15.0,60.0,150.0,0.35
2026-03-29,Google Search - Competitors,Google Search,2352,48,119.06,2,83.86,,,,2,0.6,0.124,0.058,2.11,0.66,0.42,Mobile,Canada,100.0,3040.0,50.0,0.8,20.0,40.0,100.0,0.2
2026-03-29,Google Search - Competitors,Google Search,297,22,37.31,0,0.0,semrush forecasting tool alternative,semrush,phrase,0,0.6,0.124,0.058,3.43,0.66,0.42,Tablet,Germany,100.0,3040.0,50.0,0.8,20.0,40.0,100.0,0.2
2026-03-29,Google Search - Competitors,Google Search,232,17,45.41,0,0.0,ahrefs traffic forecaster,ahrefs,broad,0,0.6,0.124,0.058,2.22,0.66,0.42,Mobile,Germany,100.0,3040.0,50.0,0.8,20.0,40.0,100.0,0.2
2026-03-29,Google Search - Competitors,Google Search,246,15,24.68,0,0.0,spyfu competitor ads budget planner,competitor template,broad,0,0.6,0.124,0.058,3.72,0.66,0.42,Mobile,United States,100.0,3040.0,50.0,0.8,20.0,40.0,100.0,0.2
2026-03-29,Meta Ads - Prospecting,Meta,1029,49,91.57,2,159.41,,,,2,0.81,0.185,0.176,1.36,0.891,0.567,Mobile,United Kingdom,200.0,6080.0,35.0,1.8,12.0,80.0,200.0,0.4
2026-03-29,Meta Ads - Retargeting,Meta,1430,22,43.49,1,128.76,,,,1,0.4,0.55,0.05,2.5,0.44,0.28,Desktop,United Kingdom,50.0,1520.0,25.0,3.5,8.0,120.0,400.0,0.6
2026-03-29,YouTube - Brand Awareness,YouTube,3124,44,122.38,0,0.0,,,,0,0.572,0.176,0.162,2.97,0.629,0.4,Mobile,Germany,150.0,4560.0,60.0,0.5,25.0,30.0,80.0,0.15
2026-03-29,YouTube - Brand Awareness,YouTube,451,16,22.69,0,0.0,free advertising tutorial youtube,marketing tutorial,broad,0,0.572,0.176,0.162,1.5,0.629,0.4,Mobile,Germany,150.0,4560.0,60.0,0.5,25.0,30.0,80.0,0.15
2026-03-29,YouTube - Brand Awareness,YouTube,352,20,14.97,0,0.0,cheap keyword planner software download,keyword planner,broad,0,0.572,0.176,0.162,3.23,0.629,0.4,Mobile,United States,150.0,4560.0,60.0,0.5,25.0,30.0,80.0,0.15
2026-03-29,YouTube - Brand Awareness,YouTube,274,18,29.4,0,0.0,marketing jobs salary definition,jobs,broad,0,0.572,0.176,0.162,3.53,0.629,0.4,Desktop,United Kingdom,150.0,4560.0,60.0,0.5,25.0,30.0,80.0,0.15
2026-03-29,YouTube - Brand Awareness,YouTube,397,26,11.3,0,0.0,how to reset google ads password,support,broad,0,0.572,0.176,0.162,2.62,0.629,0.4,Tablet,Canada,150.0,4560.0,60.0,0.5,25.0,30.0,80.0,0.15
2026-03-30,Google Search - Brand,Google Search,5088,106,315.66,9,985.19,,,,11,0.7,0.02,0.28,2.85,0.77,0.49,Desktop,Germany,150.0,4560.0,30.0,2.5,10.0,100.0,300.0,0.5
2026-03-30,Google Search - Brand,Google Search,741,51,96.29,2,200.07,forecastiq,forecastiq,exact,2,0.7,0.02,0.28,2.51,0.77,0.49,Tablet,Germany,150.0,4560.0,30.0,2.5,10.0,100.0,300.0,0.5
2026-03-30,Google Search - Brand,Google Search,649,39,44.8,3,270.78,forecastiq pricing,forecastiq,phrase,3,0.7,0.02,0.28,3.5,0.77,0.49,Mobile,United States,150.0,4560.0,30.0,2.5,10.0,100.0,300.0,0.5
2026-03-30,Google Search - Brand,Google Search,426,29,45.08,5,479.31,forecastiq software reviews,forecastiq,broad,5,0.7,0.02,0.28,3.74,0.77,0.49,Tablet,United States,150.0,4560.0,30.0,2.5,10.0,100.0,300.0,0.5
2026-03-30,Google Search - Brand,Google Search,571,13,25.23,0,0.0,forecastiq login portal,forecastiq,phrase,0,0.7,0.02,0.28,1.5,0.77,0.49,Mobile,Germany,150.0,4560.0,30.0,2.5,10.0,100.0,300.0,0.5
2026-03-30,Google Search - NonBrand,Google Search,15045,295,685.8,15,964.59,,,,16,0.753,0.183,0.181,2.41,0.828,0.527,Mobile,Canada,300.0,9120.0,40.0,1.5,15.0,60.0,150.0,0.35
2026-03-30,Google Search - NonBrand,Google Search,1877,145,194.88,17,931.03,paid ads forecasting tool,forecasting tool,phrase,18,0.753,0.183,0.181,3.31,0.828,0.527,Tablet,United Kingdom,300.0,9120.0,40.0,1.5,15.0,60.0,150.0,0.35
2026-03-30,Google Search - NonBrand,Google Search,1648,34,43.22,5,297.12,marketing forecasting software,forecasting tool,exact,5,0.753,0.183,0.181,2.98,0.828,0.527,Mobile,United States,300.0,9120.0,40.0,1.5,15.0,60.0,150.0,0.35
2026-03-30,Google Search - NonBrand,Google Search,1512,90,79.67,20,1171.35,ppc budget optimization planner,budget optimization,broad,21,0.753,0.183,0.181,2.97,0.828,0.527,Desktop,United States,300.0,9120.0,40.0,1.5,15.0,60.0,150.0,0.35
2026-03-30,Google Search - NonBrand,Google Search,1304,83,19.35,0,0.0,ads forecasting template excel,forecasting tool,broad,0,0.753,0.183,0.181,3.22,0.828,0.527,Desktop,Germany,300.0,9120.0,40.0,1.5,15.0,60.0,150.0,0.35
2026-03-30,Google Search - Competitors,Google Search,2924,43,124.29,2,82.3,,,,2,0.872,0.247,0.056,2.28,0.959,0.61,Tablet,Canada,100.0,3040.0,50.0,0.8,20.0,40.0,100.0,0.2
2026-03-30,Google Search - Competitors,Google Search,322,20,33.69,0,0.0,semrush forecasting tool alternative,semrush,phrase,0,0.872,0.247,0.056,2.65,0.959,0.61,Tablet,United Kingdom,100.0,3040.0,50.0,0.8,20.0,40.0,100.0,0.2
2026-03-30,Google Search - Competitors,Google Search,338,17,48.19,0,0.0,ahrefs traffic forecaster,ahrefs,broad,0,0.872,0.247,0.056,3.35,0.959,0.61,Desktop,Canada,100.0,3040.0,50.0,0.8,20.0,40.0,100.0,0.2
2026-03-30,Google Search - Competitors,Google Search,276,14,23.08,0,0.0,spyfu competitor ads budget planner,competitor template,broad,0,0.872,0.247,0.056,2.67,0.959,0.61,Desktop,United Kingdom,100.0,3040.0,50.0,0.8,20.0,40.0,100.0,0.2
2026-03-30,Meta Ads - Prospecting,Meta,1365,91,161.97,4,299.28,,,,4,0.778,0.1,0.057,2.99,0.856,0.544,Desktop,Canada,200.0,6080.0,35.0,1.8,12.0,80.0,200.0,0.4
2026-03-30,Meta Ads - Retargeting,Meta,342,18,50.58,1,125.12,,,,1,0.4,0.55,0.05,1.48,0.44,0.28,Desktop,Canada,50.0,1520.0,25.0,3.5,8.0,120.0,400.0,0.6
2026-03-30,YouTube - Brand Awareness,YouTube,3640,52,64.66,0,0.0,,,,0,0.689,0.181,0.164,1.6,0.758,0.482,Tablet,United Kingdom,150.0,4560.0,60.0,0.5,25.0,30.0,80.0,0.15
2026-03-30,YouTube - Brand Awareness,YouTube,494,12,23.47,0,0.0,free advertising tutorial youtube,marketing tutorial,broad,0,0.689,0.181,0.164,2.34,0.758,0.482,Desktop,Germany,150.0,4560.0,60.0,0.5,25.0,30.0,80.0,0.15
2026-03-30,YouTube - Brand Awareness,YouTube,388,29,16.97,0,0.0,cheap keyword planner software download,keyword planner,broad,0,0.689,0.181,0.164,1.84,0.758,0.482,Desktop,United Kingdom,150.0,4560.0,60.0,0.5,25.0,30.0,80.0,0.15
2026-03-30,YouTube - Brand Awareness,YouTube,451,28,29.41,0,0.0,marketing jobs salary definition,jobs,broad,0,0.689,0.181,0.164,3.59,0.758,0.482,Mobile,United Kingdom,150.0,4560.0,60.0,0.5,25.0,30.0,80.0,0.15
2026-03-30,YouTube - Brand Awareness,YouTube,476,20,11.01,0,0.0,how to reset google ads password,support,broad,0,0.689,0.181,0.164,2.77,0.758,0.482,Tablet,United Kingdom,150.0,4560.0,60.0,0.5,25.0,30.0,80.0,0.15
2026-03-31,Google Search - Brand,Google Search,2205,63,149.83,4,380.51,,,,4,0.7,0.02,0.28,2.82,0.77,0.49,Tablet,United Kingdom,150.0,4560.0,30.0,2.5,10.0,100.0,300.0,0.5
2026-03-31,Google Search - Brand,Google Search,205,15,19.05,0,0.0,forecastiq,forecastiq,exact,0,0.7,0.02,0.28,3.47,0.77,0.49,Desktop,United Kingdom,150.0,4560.0,30.0,2.5,10.0,100.0,300.0,0.5
2026-03-31,Google Search - Brand,Google Search,219,8,12.18,0,0.0,forecastiq pricing,forecastiq,phrase,0,0.7,0.02,0.28,1.88,0.77,0.49,Mobile,United States,150.0,4560.0,30.0,2.5,10.0,100.0,300.0,0.5
2026-03-31,Google Search - Brand,Google Search,209,11,9.28,1,106.08,forecastiq software reviews,forecastiq,broad,1,0.7,0.02,0.28,3.6,0.77,0.49,Tablet,United States,150.0,4560.0,30.0,2.5,10.0,100.0,300.0,0.5
2026-03-31,Google Search - Brand,Google Search,326,10,19.1,0,0.0,forecastiq login portal,forecastiq,phrase,0,0.7,0.02,0.28,2.53,0.77,0.49,Desktop,United Kingdom,150.0,4560.0,30.0,2.5,10.0,100.0,300.0,0.5
2026-03-31,Google Search - NonBrand,Google Search,5850,130,358.6,9,517.73,,,,10,0.599,0.212,0.079,1.3,0.659,0.419,Desktop,United Kingdom,300.0,9120.0,40.0,1.5,15.0,60.0,150.0,0.35
2026-03-31,Google Search - NonBrand,Google Search,759,24,32.58,4,247.16,paid ads forecasting tool,forecasting tool,phrase,4,0.599,0.212,0.079,2.39,0.659,0.419,Tablet,Germany,300.0,9120.0,40.0,1.5,15.0,60.0,150.0,0.35
2026-03-31,Google Search - NonBrand,Google Search,565,34,36.99,7,429.52,marketing forecasting software,forecasting tool,exact,7,0.599,0.212,0.079,3.49,0.659,0.419,Tablet,United States,300.0,9120.0,40.0,1.5,15.0,60.0,150.0,0.35
2026-03-31,Google Search - NonBrand,Google Search,568,23,18.84,5,310.52,ppc budget optimization planner,budget optimization,broad,5,0.599,0.212,0.079,1.76,0.659,0.419,Tablet,United States,300.0,9120.0,40.0,1.5,15.0,60.0,150.0,0.35
2026-03-31,Google Search - NonBrand,Google Search,764,52,20.05,0,0.0,ads forecasting template excel,forecasting tool,broad,0,0.599,0.212,0.079,3.28,0.659,0.419,Tablet,United States,300.0,9120.0,40.0,1.5,15.0,60.0,150.0,0.35
2026-03-31,Google Search - Competitors,Google Search,1960,35,40.25,0,0.0,,,,0,0.787,0.23,0.06,2.14,0.865,0.551,Mobile,United States,100.0,3040.0,50.0,0.8,20.0,40.0,100.0,0.2
2026-03-31,Google Search - Competitors,Google Search,218,4,33.3,0,0.0,semrush forecasting tool alternative,semrush,phrase,0,0.787,0.23,0.06,2.28,0.865,0.551,Mobile,Canada,100.0,3040.0,50.0,0.8,20.0,40.0,100.0,0.2
2026-03-31,Google Search - Competitors,Google Search,279,15,42.41,0,0.0,ahrefs traffic forecaster,ahrefs,broad,0,0.787,0.23,0.06,3.02,0.865,0.551,Mobile,Canada,100.0,3040.0,50.0,0.8,20.0,40.0,100.0,0.2
2026-03-31,Google Search - Competitors,Google Search,166,11,27.18,0,0.0,spyfu competitor ads budget planner,competitor template,broad,0,0.787,0.23,0.06,3.34,0.865,0.551,Mobile,Canada,100.0,3040.0,50.0,0.8,20.0,40.0,100.0,0.2
2026-03-31,Meta Ads - Prospecting,Meta,4290,66,137.49,4,303.63,,,,4,0.601,0.229,0.107,1.11,0.661,0.421,Desktop,United Kingdom,200.0,6080.0,35.0,1.8,12.0,80.0,200.0,0.4
2026-03-31,Meta Ads - Retargeting,Meta,1496,34,70.39,2,233.48,,,,2,0.4,0.55,0.05,1.39,0.44,0.28,Mobile,Canada,50.0,1520.0,25.0,3.5,8.0,120.0,400.0,0.6
2026-03-31,YouTube - Brand Awareness,YouTube,3700,74,197.44,0,0.0,,,,0,0.883,0.106,0.138,3.19,0.971,0.618,Desktop,United States,150.0,4560.0,60.0,0.5,25.0,30.0,80.0,0.15
2026-03-31,YouTube - Brand Awareness,YouTube,353,18,21.51,0,0.0,free advertising tutorial youtube,marketing tutorial,broad,0,0.883,0.106,0.138,3.0,0.971,0.618,Mobile,United Kingdom,150.0,4560.0,60.0,0.5,25.0,30.0,80.0,0.15
2026-03-31,YouTube - Brand Awareness,YouTube,528,36,17.35,0,0.0,cheap keyword planner software download,keyword planner,broad,0,0.883,0.106,0.138,3.54,0.971,0.618,Tablet,United Kingdom,150.0,4560.0,60.0,0.5,25.0,30.0,80.0,0.15
2026-03-31,YouTube - Brand Awareness,YouTube,436,18,30.33,0,0.0,marketing jobs salary definition,jobs,broad,0,0.883,0.106,0.138,2.35,0.971,0.618,Tablet,Canada,150.0,4560.0,60.0,0.5,25.0,30.0,80.0,0.15
2026-03-31,YouTube - Brand Awareness,YouTube,427,20,11.71,0,0.0,how to reset google ads password,support,broad,0,0.883,0.106,0.138,3.68,0.971,0.618,Desktop,United Kingdom,150.0,4560.0,60.0,0.5,25.0,30.0,80.0,0.15
2026-04-01,Google Search - Brand,Google Search,5372,68,162.37,4,375.44,,,,4,0.7,0.02,0.28,1.32,0.77,0.49,Mobile,United States,150.0,4560.0,30.0,2.5,10.0,100.0,300.0,0.5
2026-04-01,Google Search - Brand,Google Search,651,31,38.96,1,108.16,forecastiq,forecastiq,exact,1,0.7,0.02,0.28,1.32,0.77,0.49,Desktop,United States,150.0,4560.0,30.0,2.5,10.0,100.0,300.0,0.5
2026-04-01,Google Search - Brand,Google Search,539,35,31.32,3,329.87,forecastiq pricing,forecastiq,phrase,3,0.7,0.02,0.28,2.25,0.77,0.49,Desktop,United States,150.0,4560.0,30.0,2.5,10.0,100.0,300.0,0.5
2026-04-01,Google Search - Brand,Google Search,516,38,54.22,5,515.5,forecastiq software reviews,forecastiq,broad,5,0.7,0.02,0.28,3.31,0.77,0.49,Mobile,United Kingdom,150.0,4560.0,30.0,2.5,10.0,100.0,300.0,0.5
2026-04-01,Google Search - Brand,Google Search,717,33,60.36,0,0.0,forecastiq login portal,forecastiq,phrase,0,0.7,0.02,0.28,1.69,0.77,0.49,Desktop,United Kingdom,150.0,4560.0,30.0,2.5,10.0,100.0,300.0,0.5
2026-04-01,Google Search - NonBrand,Google Search,10792,142,255.54,6,385.97,,,,6,0.576,0.128,0.097,3.26,0.634,0.404,Desktop,Canada,300.0,9120.0,40.0,1.5,15.0,60.0,150.0,0.35
2026-04-01,Google Search - NonBrand,Google Search,1558,78,76.43,12,666.84,paid ads forecasting tool,forecasting tool,phrase,12,0.576,0.128,0.097,2.93,0.634,0.404,Desktop,United Kingdom,300.0,9120.0,40.0,1.5,15.0,60.0,150.0,0.35
2026-04-01,Google Search - NonBrand,Google Search,1283,97,159.7,21,1251.56,marketing forecasting software,forecasting tool,exact,23,0.576,0.128,0.097,1.36,0.634,0.404,Desktop,United Kingdom,300.0,9120.0,40.0,1.5,15.0,60.0,150.0,0.35
2026-04-01,Google Search - NonBrand,Google Search,1258,51,40.95,11,709.56,ppc budget optimization planner,budget optimization,broad,11,0.576,0.128,0.097,1.76,0.634,0.404,Tablet,United States,300.0,9120.0,40.0,1.5,15.0,60.0,150.0,0.35
2026-04-01,Google Search - NonBrand,Google Search,1023,50,19.9,0,0.0,ads forecasting template excel,forecasting tool,broad,0,0.576,0.128,0.097,3.2,0.634,0.404,Mobile,Germany,300.0,9120.0,40.0,1.5,15.0,60.0,150.0,0.35
2026-04-01,Google Search - Competitors,Google Search,925,37,41.47,0,0.0,,,,0,0.829,0.228,0.181,1.26,0.912,0.581,Mobile,United Kingdom,100.0,3040.0,50.0,0.8,20.0,40.0,100.0,0.2
2026-04-01,Google Search - Competitors,Google Search,101,5,35.04,0,0.0,semrush forecasting tool alternative,semrush,phrase,0,0.829,0.228,0.181,3.59,0.912,0.581,Mobile,Germany,100.0,3040.0,50.0,0.8,20.0,40.0,100.0,0.2
2026-04-01,Google Search - Competitors,Google Search,108,3,47.1,0,0.0,ahrefs traffic forecaster,ahrefs,broad,0,0.829,0.228,0.181,1.35,0.912,0.581,Tablet,Canada,100.0,3040.0,50.0,0.8,20.0,40.0,100.0,0.2
2026-04-01,Google Search - Competitors,Google Search,84,6,25.83,0,0.0,spyfu competitor ads budget planner,competitor template,broad,0,0.829,0.228,0.181,3.58,0.912,0.581,Tablet,United States,100.0,3040.0,50.0,0.8,20.0,40.0,100.0,0.2
2026-04-01,Meta Ads - Prospecting,Meta,7056,98,108.11,2,163.12,,,,2,0.631,0.177,0.072,2.19,0.694,0.442,Desktop,United States,200.0,6080.0,35.0,1.8,12.0,80.0,200.0,0.4
2026-04-01,Meta Ads - Retargeting,Meta,576,24,57.58,2,235.79,,,,2,0.4,0.55,0.05,2.72,0.44,0.28,Mobile,Germany,50.0,1520.0,25.0,3.5,8.0,120.0,400.0,0.6
2026-04-01,YouTube - Brand Awareness,YouTube,1920,120,296.81,0,0.0,,,,0,0.874,0.188,0.129,1.56,0.962,0.612,Mobile,United Kingdom,150.0,4560.0,60.0,0.5,25.0,30.0,80.0,0.15
2026-04-01,YouTube - Brand Awareness,YouTube,241,9,22.21,0,0.0,free advertising tutorial youtube,marketing tutorial,broad,0,0.874,0.188,0.129,2.17,0.962,0.612,Mobile,Canada,150.0,4560.0,60.0,0.5,25.0,30.0,80.0,0.15
2026-04-01,YouTube - Brand Awareness,YouTube,258,13,17.35,0,0.0,cheap keyword planner software download,keyword planner,broad,0,0.874,0.188,0.129,3.55,0.962,0.612,Desktop,United States,150.0,4560.0,60.0,0.5,25.0,30.0,80.0,0.15
2026-04-01,YouTube - Brand Awareness,YouTube,174,11,29.56,0,0.0,marketing jobs salary definition,jobs,broad,0,0.874,0.188,0.129,3.67,0.962,0.612,Desktop,United States,150.0,4560.0,60.0,0.5,25.0,30.0,80.0,0.15
2026-04-01,YouTube - Brand Awareness,YouTube,286,11,11.42,0,0.0,how to reset google ads password,support,broad,0,0.874,0.188,0.129,3.04,0.962,0.612,Tablet,United States,150.0,4560.0,60.0,0.5,25.0,30.0,80.0,0.15
2026-04-02,Google Search - Brand,Google Search,5723,97,200.93,6,571.65,,,,6,0.7,0.02,0.28,2.78,0.77,0.49,Desktop,United Kingdom,150.0,4560.0,30.0,2.5,10.0,100.0,300.0,0.5
2026-04-02,Google Search - Brand,Google Search,739,28,52.36,1,103.84,forecastiq,forecastiq,exact,1,0.7,0.02,0.28,3.5,0.77,0.49,Desktop,United Kingdom,150.0,4560.0,30.0,2.5,10.0,100.0,300.0,0.5
2026-04-02,Google Search - Brand,Google Search,824,41,69.46,3,294.79,forecastiq pricing,forecastiq,phrase,3,0.7,0.02,0.28,2.58,0.77,0.49,Mobile,Canada,150.0,4560.0,30.0,2.5,10.0,100.0,300.0,0.5
2026-04-02,Google Search - Brand,Google Search,623,23,41.75,3,302.51,forecastiq software reviews,forecastiq,broad,3,0.7,0.02,0.28,2.16,0.77,0.49,Mobile,Germany,150.0,4560.0,30.0,2.5,10.0,100.0,300.0,0.5
2026-04-02,Google Search - Brand,Google Search,611,13,20.66,0,0.0,forecastiq login portal,forecastiq,phrase,0,0.7,0.02,0.28,3.13,0.77,0.49,Tablet,Canada,150.0,4560.0,30.0,2.5,10.0,100.0,300.0,0.5
2026-04-02,Google Search - NonBrand,Google Search,12054,246,321.23,5,312.91,,,,5,0.667,0.25,0.109,2.1,0.734,0.467,Mobile,Canada,300.0,9120.0,40.0,1.5,15.0,60.0,150.0,0.35
2026-04-02,Google Search - NonBrand,Google Search,1671,35,59.69,6,370.65,paid ads forecasting tool,forecasting tool,phrase,6,0.667,0.25,0.109,1.32,0.734,0.467,Mobile,Germany,300.0,9120.0,40.0,1.5,15.0,60.0,150.0,0.35
2026-04-02,Google Search - NonBrand,Google Search,1136,30,25.46,6,333.57,marketing forecasting software,forecasting tool,exact,6,0.667,0.25,0.109,1.39,0.734,0.467,Mobile,United States,300.0,9120.0,40.0,1.5,15.0,60.0,150.0,0.35
2026-04-02,Google Search - NonBrand,Google Search,1225,85,122.0,21,1305.95,ppc budget optimization planner,budget optimization,broad,21,0.667,0.25,0.109,2.74,0.734,0.467,Desktop,United Kingdom,300.0,9120.0,40.0,1.5,15.0,60.0,150.0,0.35
2026-04-02,Google Search - NonBrand,Google Search,1128,35,19.33,0,0.0,ads forecasting template excel,forecasting tool,broad,0,0.667,0.25,0.109,3.05,0.734,0.467,Desktop,Germany,300.0,9120.0,40.0,1.5,15.0,60.0,150.0,0.35
2026-04-02,Google Search - Competitors,Google Search,3792,79,201.75,3,128.8,,,,3,0.656,0.104,0.098,2.97,0.722,0.46,Tablet,United States,100.0,3040.0,50.0,0.8,20.0,40.0,100.0,0.2
2026-04-02,Google Search - Competitors,Google Search,334,26,32.89,0,0.0,semrush forecasting tool alternative,semrush,phrase,0,0.656,0.104,0.098,2.75,0.722,0.46,Desktop,Canada,100.0,3040.0,50.0,0.8,20.0,40.0,100.0,0.2
2026-04-02,Google Search - Competitors,Google Search,452,21,42.8,0,0.0,ahrefs traffic forecaster,ahrefs,broad,0,0.656,0.104,0.098,2.74,0.722,0.46,Desktop,Germany,100.0,3040.0,50.0,0.8,20.0,40.0,100.0,0.2
2026-04-02,Google Search - Competitors,Google Search,333,8,25.35,0,0.0,spyfu competitor ads budget planner,competitor template,broad,0,0.656,0.104,0.098,1.94,0.722,0.46,Tablet,Germany,100.0,3040.0,50.0,0.8,20.0,40.0,100.0,0.2
2026-04-02,Meta Ads - Prospecting,Meta,1243,113,120.04,3,226.59,,,,3,0.6,0.148,0.089,1.19,0.66,0.42,Mobile,United Kingdom,200.0,6080.0,35.0,1.8,12.0,80.0,200.0,0.4
2026-04-02,Meta Ads - Retargeting,Meta,374,22,58.59,2,221.02,,,,2,0.4,0.55,0.05,2.45,0.44,0.28,Tablet,United Kingdom,50.0,1520.0,25.0,3.5,8.0,120.0,400.0,0.6
2026-04-02,YouTube - Brand Awareness,YouTube,1778,127,146.88,0,0.0,,,,0,0.649,0.077,0.078,1.27,0.714,0.454,Mobile,United Kingdom,150.0,4560.0,60.0,0.5,25.0,30.0,80.0,0.15
2026-04-02,YouTube - Brand Awareness,YouTube,183,4,21.14,0,0.0,free advertising tutorial youtube,marketing tutorial,broad,0,0.649,0.077,0.078,2.51,0.714,0.454,Mobile,Canada,150.0,4560.0,60.0,0.5,25.0,30.0,80.0,0.15
2026-04-02,YouTube - Brand Awareness,YouTube,145,5,16.73,0,0.0,cheap keyword planner software download,keyword planner,broad,0,0.649,0.077,0.078,3.28,0.714,0.454,Desktop,United States,150.0,4560.0,60.0,0.5,25.0,30.0,80.0,0.15
2026-04-02,YouTube - Brand Awareness,YouTube,202,6,29.89,0,0.0,marketing jobs salary definition,jobs,broad,0,0.649,0.077,0.078,2.21,0.714,0.454,Tablet,United Kingdom,150.0,4560.0,60.0,0.5,25.0,30.0,80.0,0.15
2026-04-02,YouTube - Brand Awareness,YouTube,152,5,12.05,0,0.0,how to reset google ads password,support,broad,0,0.649,0.077,0.078,2.64,0.714,0.454,Desktop,Germany,150.0,4560.0,60.0,0.5,25.0,30.0,80.0,0.15
2026-04-03,Google Search - Brand,Google Search,1800,120,160.53,4,374.15,,,,4,0.7,0.02,0.28,2.02,0.77,0.49,Tablet,Germany,150.0,4560.0,30.0,2.5,10.0,100.0,300.0,0.5
2026-04-03,Google Search - Brand,Google Search,240,18,15.66,0,0.0,forecastiq,forecastiq,exact,0,0.7,0.02,0.28,1.25,0.77,0.49,Desktop,United Kingdom,150.0,4560.0,30.0,2.5,10.0,100.0,300.0,0.5
2026-04-03,Google Search - Brand,Google Search,269,20,31.28,1,99.68,forecastiq pricing,forecastiq,phrase,1,0.7,0.02,0.28,2.54,0.77,0.49,Desktop,Canada,150.0,4560.0,30.0,2.5,10.0,100.0,300.0,0.5
2026-04-03,Google Search - Brand,Google Search,158,4,5.81,0,0.0,forecastiq software reviews,forecastiq,broad,0,0.7,0.02,0.28,1.81,0.77,0.49,Tablet,Canada,150.0,4560.0,30.0,2.5,10.0,100.0,300.0,0.5
2026-04-03,Google Search - Brand,Google Search,264,9,15.72,0,0.0,forecastiq login portal,forecastiq,phrase,0,0.7,0.02,0.28,2.01,0.77,0.49,Tablet,United Kingdom,150.0,4560.0,30.0,2.5,10.0,100.0,300.0,0.5
2026-04-03,Google Search - NonBrand,Google Search,12214,197,424.82,5,305.14,,,,5,0.563,0.122,0.104,2.87,0.62,0.394,Desktop,Germany,300.0,9120.0,40.0,1.5,15.0,60.0,150.0,0.35
2026-04-03,Google Search - NonBrand,Google Search,1434,29,36.82,4,217.73,paid ads forecasting tool,forecasting tool,phrase,4,0.563,0.122,0.104,1.32,0.62,0.394,Tablet,Germany,300.0,9120.0,40.0,1.5,15.0,60.0,150.0,0.35
2026-04-03,Google Search - NonBrand,Google Search,1358,53,104.36,9,519.29,marketing forecasting software,forecasting tool,exact,9,0.563,0.122,0.104,1.9,0.62,0.394,Tablet,United States,300.0,9120.0,40.0,1.5,15.0,60.0,150.0,0.35
2026-04-03,Google Search - NonBrand,Google Search,1107,23,45.8,4,236.84,ppc budget optimization planner,budget optimization,broad,4,0.563,0.122,0.104,2.13,0.62,0.394,Tablet,Canada,300.0,9120.0,40.0,1.5,15.0,60.0,150.0,0.35
2026-04-03,Google Search - NonBrand,Google Search,1798,91,18.54,0,0.0,ads forecasting template excel,forecasting tool,broad,0,0.563,0.122,0.104,1.84,0.62,0.394,Mobile,Canada,300.0,9120.0,40.0,1.5,15.0,60.0,150.0,0.35
2026-04-03,Google Search - Competitors,Google Search,4224,66,159.37,3,122.56,,,,3,0.776,0.135,0.135,1.54,0.854,0.544,Mobile,United Kingdom,100.0,3040.0,50.0,0.8,20.0,40.0,100.0,0.2
2026-04-03,Google Search - Competitors,Google Search,455,31,32.49,0,0.0,semrush forecasting tool alternative,semrush,phrase,0,0.776,0.135,0.135,1.67,0.854,0.544,Tablet,Canada,100.0,3040.0,50.0,0.8,20.0,40.0,100.0,0.2
2026-04-03,Google Search - Competitors,Google Search,505,17,42.47,0,0.0,ahrefs traffic forecaster,ahrefs,broad,0,0.776,0.135,0.135,3.77,0.854,0.544,Tablet,United Kingdom,100.0,3040.0,50.0,0.8,20.0,40.0,100.0,0.2
2026-04-03,Google Search - Competitors,Google Search,445,21,25.45,0,0.0,spyfu competitor ads budget planner,competitor template,broad,0,0.776,0.135,0.135,2.24,0.854,0.544,Desktop,Canada,100.0,3040.0,50.0,0.8,20.0,40.0,100.0,0.2
2026-04-03,Meta Ads - Prospecting,Meta,1035,69,72.57,2,146.32,,,,2,0.875,0.2,0.193,3.1,0.963,0.613,Desktop,United States,200.0,6080.0,35.0,1.8,12.0,80.0,200.0,0.4
2026-04-03,Meta Ads - Retargeting,Meta,575,23,50.38,1,122.8,,,,1,0.4,0.55,0.05,3.06,0.44,0.28,Mobile,United States,50.0,1520.0,25.0,3.5,8.0,120.0,400.0,0.6
2026-04-03,YouTube - Brand Awareness,YouTube,2912,52,132.02,0,0.0,,,,0,0.81,0.229,0.141,1.36,0.891,0.567,Mobile,Germany,150.0,4560.0,60.0,0.5,25.0,30.0,80.0,0.15
2026-04-03,YouTube - Brand Awareness,YouTube,299,7,20.81,0,0.0,free advertising tutorial youtube,marketing tutorial,broad,0,0.81,0.229,0.141,2.34,0.891,0.567,Desktop,United Kingdom,150.0,4560.0,60.0,0.5,25.0,30.0,80.0,0.15
2026-04-03,YouTube - Brand Awareness,YouTube,369,16,14.49,0,0.0,cheap keyword planner software download,keyword planner,broad,0,0.81,0.229,0.141,2.35,0.891,0.567,Desktop,United States,150.0,4560.0,60.0,0.5,25.0,30.0,80.0,0.15
2026-04-03,YouTube - Brand Awareness,YouTube,242,5,31.71,0,0.0,marketing jobs salary definition,jobs,broad,0,0.81,0.229,0.141,2.34,0.891,0.567,Tablet,Canada,150.0,4560.0,60.0,0.5,25.0,30.0,80.0,0.15
2026-04-03,YouTube - Brand Awareness,YouTube,432,21,11.35,0,0.0,how to reset google ads password,support,broad,0,0.81,0.229,0.141,1.28,0.891,0.567,Desktop,United Kingdom,150.0,4560.0,60.0,0.5,25.0,30.0,80.0,0.15
2026-04-04,Google Search - Brand,Google Search,697,41,51.59,1,102.39,,,,1,0.7,0.02,0.28,1.66,0.77,0.49,Tablet,United Kingdom,150.0,4560.0,30.0,2.5,10.0,100.0,300.0,0.5
2026-04-04,Google Search - Brand,Google Search,73,2,3.25,0,0.0,forecastiq,forecastiq,exact,0,0.7,0.02,0.28,2.3,0.77,0.49,Tablet,United Kingdom,150.0,4560.0,30.0,2.5,10.0,100.0,300.0,0.5
2026-04-04,Google Search - Brand,Google Search,87,6,4.82,0,0.0,forecastiq pricing,forecastiq,phrase,0,0.7,0.02,0.28,3.06,0.77,0.49,Desktop,Canada,150.0,4560.0,30.0,2.5,10.0,100.0,300.0,0.5
2026-04-04,Google Search - Brand,Google Search,65,2,2.2,0,0.0,forecastiq software reviews,forecastiq,broad,0,0.7,0.02,0.28,3.6,0.77,0.49,Tablet,Canada,150.0,4560.0,30.0,2.5,10.0,100.0,300.0,0.5
2026-04-04,Google Search - Brand,Google Search,69,3,4.05,0,0.0,forecastiq login portal,forecastiq,phrase,0,0.7,0.02,0.28,2.41,0.77,0.49,Tablet,United Kingdom,150.0,4560.0,30.0,2.5,10.0,100.0,300.0,0.5
2026-04-04,Google Search - NonBrand,Google Search,3080,308,854.93,9,569.84,,,,11,0.833,0.166,0.071,2.2,0.916,0.583,Mobile,Germany,300.0,9120.0,40.0,1.5,15.0,60.0,150.0,0.35
2026-04-04,Google Search - NonBrand,Google Search,328,11,11.91,1,65.92,paid ads forecasting tool,forecasting tool,phrase,1,0.833,0.166,0.071,2.6,0.916,0.583,Tablet,United States,300.0,9120.0,40.0,1.5,15.0,60.0,150.0,0.35
2026-04-04,Google Search - NonBrand,Google Search,407,13,21.88,2,111.98,marketing forecasting software,forecasting tool,exact,2,0.833,0.166,0.071,3.45,0.916,0.583,Mobile,United Kingdom,300.0,9120.0,40.0,1.5,15.0,60.0,150.0,0.35
2026-04-04,Google Search - NonBrand,Google Search,272,16,31.02,4,229.31,ppc budget optimization planner,budget optimization,broad,4,0.833,0.166,0.071,2.79,0.916,0.583,Mobile,United States,300.0,9120.0,40.0,1.5,15.0,60.0,150.0,0.35
2026-04-04,Google Search - NonBrand,Google Search,249,12,16.82,0,0.0,ads forecasting template excel,forecasting tool,broad,0,0.833,0.166,0.071,2.09,0.916,0.583,Mobile,Canada,300.0,9120.0,40.0,1.5,15.0,60.0,150.0,0.35
2026-04-04,Google Search - Competitors,Google Search,377,29,40.64,0,0.0,,,,0,0.675,0.155,0.178,2.72,0.743,0.473,Tablet,Canada,100.0,3040.0,50.0,0.8,20.0,40.0,100.0,0.2
2026-04-04,Google Search - Competitors,Google Search,41,2,36.96,0,0.0,semrush forecasting tool alternative,semrush,phrase,0,0.675,0.155,0.178,1.76,0.743,0.473,Tablet,Germany,100.0,3040.0,50.0,0.8,20.0,40.0,100.0,0.2
2026-04-04,Google Search - Competitors,Google Search,43,2,49.21,0,0.0,ahrefs traffic forecaster,ahrefs,broad,0,0.675,0.155,0.178,2.17,0.743,0.473,Desktop,United Kingdom,100.0,3040.0,50.0,0.8,20.0,40.0,100.0,0.2
2026-04-04,Google Search - Competitors,Google Search,45,2,23.86,0,0.0,spyfu competitor ads budget planner,competitor template,broad,0,0.675,0.155,0.178,1.31,0.743,0.473,Mobile,Canada,100.0,3040.0,50.0,0.8,20.0,40.0,100.0,0.2
2026-04-04,Meta Ads - Prospecting,Meta,2491,53,138.32,4,300.02,,,,5,0.562,0.072,0.126,3.29,0.618,0.393,Desktop,Germany,200.0,6080.0,35.0,1.8,12.0,80.0,200.0,0.4
2026-04-04,Meta Ads - Retargeting,Meta,240,16,26.69,0,0.0,,,,0,0.4,0.55,0.05,2.2,0.44,0.28,Mobile,Germany,50.0,1520.0,25.0,3.5,8.0,120.0,400.0,0.6
2026-04-04,YouTube - Brand Awareness,YouTube,4655,95,164.38,0,0.0,,,,0,0.832,0.14,0.139,2.18,0.915,0.583,Desktop,United Kingdom,150.0,4560.0,60.0,0.5,25.0,30.0,80.0,0.15
2026-04-04,YouTube - Brand Awareness,YouTube,626,21,20.35,0,0.0,free advertising tutorial youtube,marketing tutorial,broad,0,0.832,0.14,0.139,2.1,0.915,0.583,Tablet,United Kingdom,150.0,4560.0,60.0,0.5,25.0,30.0,80.0,0.15
2026-04-04,YouTube - Brand Awareness,YouTube,608,16,16.84,0,0.0,cheap keyword planner software download,keyword planner,broad,0,0.832,0.14,0.139,2.92,0.915,0.583,Mobile,United States,150.0,4560.0,60.0,0.5,25.0,30.0,80.0,0.15
2026-04-04,YouTube - Brand Awareness,YouTube,459,33,29.21,0,0.0,marketing jobs salary definition,jobs,broad,0,0.832,0.14,0.139,1.83,0.915,0.583,Desktop,Canada,150.0,4560.0,60.0,0.5,25.0,30.0,80.0,0.15
2026-04-04,YouTube - Brand Awareness,YouTube,388,30,12.58,0,0.0,how to reset google ads password,support,broad,0,0.832,0.14,0.139,3.55,0.915,0.583,Tablet,United Kingdom,150.0,4560.0,60.0,0.5,25.0,30.0,80.0,0.15
2026-04-05,Google Search - Brand,Google Search,1632,48,83.51,3,305.65,,,,3,0.7,0.02,0.28,3.32,0.77,0.49,Tablet,Canada,150.0,4560.0,30.0,2.5,10.0,100.0,300.0,0.5
2026-04-05,Google Search - Brand,Google Search,141,9,11.64,0,0.0,forecastiq,forecastiq,exact,0,0.7,0.02,0.28,2.63,0.77,0.49,Desktop,Germany,150.0,4560.0,30.0,2.5,10.0,100.0,300.0,0.5
2026-04-05,Google Search - Brand,Google Search,195,4,6.38,0,0.0,forecastiq pricing,forecastiq,phrase,0,0.7,0.02,0.28,3.65,0.77,0.49,Mobile,Germany,150.0,4560.0,30.0,2.5,10.0,100.0,300.0,0.5
2026-04-05,Google Search - Brand,Google Search,180,10,11.24,1,99.7,forecastiq software reviews,forecastiq,broad,1,0.7,0.02,0.28,1.76,0.77,0.49,Desktop,United Kingdom,150.0,4560.0,30.0,2.5,10.0,100.0,300.0,0.5
2026-04-05,Google Search - Brand,Google Search,194,12,23.95,0,0.0,forecastiq login portal,forecastiq,phrase,0,0.7,0.02,0.28,2.59,0.77,0.49,Desktop,Germany,150.0,4560.0,30.0,2.5,10.0,100.0,300.0,0.5
2026-04-05,Google Search - NonBrand,Google Search,4375,125,312.24,3,162.36,,,,3,0.797,0.151,0.082,2.23,0.877,0.558,Mobile,United Kingdom,300.0,9120.0,40.0,1.5,15.0,60.0,150.0,0.35
2026-04-05,Google Search - NonBrand,Google Search,350,22,38.54,2,116.47,paid ads forecasting tool,forecasting tool,phrase,2,0.797,0.151,0.082,2.35,0.877,0.558,Tablet,United States,300.0,9120.0,40.0,1.5,15.0,60.0,150.0,0.35
2026-04-05,Google Search - NonBrand,Google Search,579,31,34.77,5,277.89,marketing forecasting software,forecasting tool,exact,5,0.797,0.151,0.082,1.24,0.877,0.558,Mobile,United Kingdom,300.0,9120.0,40.0,1.5,15.0,60.0,150.0,0.35
2026-04-05,Google Search - NonBrand,Google Search,643,23,19.72,4,238.76,ppc budget optimization planner,budget optimization,broad,4,0.797,0.151,0.082,2.8,0.877,0.558,Tablet,United States,300.0,9120.0,40.0,1.5,15.0,60.0,150.0,0.35
2026-04-05,Google Search - NonBrand,Google Search,420,15,20.23,0,0.0,ads forecasting template excel,forecasting tool,broad,0,0.797,0.151,0.082,1.82,0.877,0.558,Desktop,Canada,300.0,9120.0,40.0,1.5,15.0,60.0,150.0,0.35
2026-04-05,Google Search - Competitors,Google Search,1625,25,68.27,1,42.27,,,,1,0.891,0.065,0.057,1.58,0.98,0.624,Mobile,United States,100.0,3040.0,50.0,0.8,20.0,40.0,100.0,0.2
2026-04-05,Google Search - Competitors,Google Search,163,11,36.51,0,0.0,semrush forecasting tool alternative,semrush,phrase,0,0.891,0.065,0.057,2.32,0.98,0.624,Desktop,United Kingdom,100.0,3040.0,50.0,0.8,20.0,40.0,100.0,0.2
2026-04-05,Google Search - Competitors,Google Search,164,5,44.44,0,0.0,ahrefs traffic forecaster,ahrefs,broad,0,0.891,0.065,0.057,1.26,0.98,0.624,Mobile,Canada,100.0,3040.0,50.0,0.8,20.0,40.0,100.0,0.2
2026-04-05,Google Search - Competitors,Google Search,204,9,25.8,0,0.0,spyfu competitor ads budget planner,competitor template,broad,0,0.891,0.065,0.057,2.47,0.98,0.624,Desktop,United Kingdom,100.0,3040.0,50.0,0.8,20.0,40.0,100.0,0.2
2026-04-05,Meta Ads - Prospecting,Meta,7455,105,117.54,3,250.12,,,,3,0.62,0.087,0.155,3.39,0.682,0.434,Desktop,Canada,200.0,6080.0,35.0,1.8,12.0,80.0,200.0,0.4
2026-04-05,Meta Ads - Retargeting,Meta,1541,23,55.0,2,254.81,,,,2,0.4,0.55,0.05,2.77,0.44,0.28,Tablet,United States,50.0,1520.0,25.0,3.5,8.0,120.0,400.0,0.6
2026-04-05,YouTube - Brand Awareness,YouTube,864,32,54.96,0,0.0,,,,0,0.77,0.058,0.139,1.29,0.847,0.539,Mobile,Germany,150.0,4560.0,60.0,0.5,25.0,30.0,80.0,0.15
2026-04-05,YouTube - Brand Awareness,YouTube,80,1,22.4,0,0.0,free advertising tutorial youtube,marketing tutorial,broad,0,0.77,0.058,0.139,1.69,0.847,0.539,Desktop,Germany,150.0,4560.0,60.0,0.5,25.0,30.0,80.0,0.15
2026-04-05,YouTube - Brand Awareness,YouTube,101,3,16.37,0,0.0,cheap keyword planner software download,keyword planner,broad,0,0.77,0.058,0.139,2.51,0.847,0.539,Mobile,Germany,150.0,4560.0,60.0,0.5,25.0,30.0,80.0,0.15
2026-04-05,YouTube - Brand Awareness,YouTube,102,4,31.75,0,0.0,marketing jobs salary definition,jobs,broad,0,0.77,0.058,0.139,2.32,0.847,0.539,Desktop,United States,150.0,4560.0,60.0,0.5,25.0,30.0,80.0,0.15
2026-04-05,YouTube - Brand Awareness,YouTube,87,2,12.36,0,0.0,how to reset google ads password,support,broad,0,0.77,0.058,0.139,2.94,0.847,0.539,Tablet,United Kingdom,150.0,4560.0,60.0,0.5,25.0,30.0,80.0,0.15
2026-04-06,Google Search - Brand,Google Search,4012,68,122.8,3,323.84,,,,3,0.7,0.02,0.28,2.45,0.77,0.49,Tablet,Germany,150.0,4560.0,30.0,2.5,10.0,100.0,300.0,0.5
2026-04-06,Google Search - Brand,Google Search,540,12,12.15,0,0.0,forecastiq,forecastiq,exact,0,0.7,0.02,0.28,1.8,0.77,0.49,Mobile,Germany,150.0,4560.0,30.0,2.5,10.0,100.0,300.0,0.5
2026-04-06,Google Search - Brand,Google Search,349,8,13.13,0,0.0,forecastiq pricing,forecastiq,phrase,0,0.7,0.02,0.28,3.76,0.77,0.49,Tablet,Germany,150.0,4560.0,30.0,2.5,10.0,100.0,300.0,0.5
2026-04-06,Google Search - Brand,Google Search,541,17,25.68,2,200.79,forecastiq software reviews,forecastiq,broad,2,0.7,0.02,0.28,3.76,0.77,0.49,Mobile,Germany,150.0,4560.0,30.0,2.5,10.0,100.0,300.0,0.5
2026-04-06,Google Search - Brand,Google Search,469,28,40.42,0,0.0,forecastiq login portal,forecastiq,phrase,0,0.7,0.02,0.28,3.33,0.77,0.49,Mobile,Germany,150.0,4560.0,30.0,2.5,10.0,100.0,300.0,0.5
2026-04-06,Google Search - NonBrand,Google Search,9933,473,1216.07,13,765.4,,,,14,0.596,0.205,0.09,1.76,0.656,0.417,Mobile,United Kingdom,300.0,9120.0,40.0,1.5,15.0,60.0,150.0,0.35
2026-04-06,Google Search - NonBrand,Google Search,1184,29,51.63,4,216.9,paid ads forecasting tool,forecasting tool,phrase,4,0.596,0.205,0.09,1.83,0.656,0.417,Desktop,United States,300.0,9120.0,40.0,1.5,15.0,60.0,150.0,0.35
2026-04-06,Google Search - NonBrand,Google Search,1078,82,91.3,18,1111.62,marketing forecasting software,forecasting tool,exact,20,0.596,0.205,0.09,2.96,0.656,0.417,Mobile,Germany,300.0,9120.0,40.0,1.5,15.0,60.0,150.0,0.35
2026-04-06,Google Search - NonBrand,Google Search,1303,45,82.81,9,527.79,ppc budget optimization planner,budget optimization,broad,9,0.596,0.205,0.09,2.95,0.656,0.417,Mobile,United States,300.0,9120.0,40.0,1.5,15.0,60.0,150.0,0.35
2026-04-06,Google Search - NonBrand,Google Search,1269,45,19.18,0,0.0,ads forecasting template excel,forecasting tool,broad,0,0.596,0.205,0.09,1.39,0.656,0.417,Desktop,Germany,300.0,9120.0,40.0,1.5,15.0,60.0,150.0,0.35
2026-04-06,Google Search - Competitors,Google Search,1634,38,100.45,1,38.14,,,,1,0.809,0.144,0.166,2.22,0.89,0.566,Mobile,Canada,100.0,3040.0,50.0,0.8,20.0,40.0,100.0,0.2
2026-04-06,Google Search - Competitors,Google Search,223,7,35.86,0,0.0,semrush forecasting tool alternative,semrush,phrase,0,0.809,0.144,0.166,2.58,0.89,0.566,Desktop,Germany,100.0,3040.0,50.0,0.8,20.0,40.0,100.0,0.2
2026-04-06,Google Search - Competitors,Google Search,144,11,47.82,0,0.0,ahrefs traffic forecaster,ahrefs,broad,0,0.809,0.144,0.166,3.28,0.89,0.566,Mobile,Canada,100.0,3040.0,50.0,0.8,20.0,40.0,100.0,0.2
2026-04-06,Google Search - Competitors,Google Search,224,10,26.07,0,0.0,spyfu competitor ads budget planner,competitor template,broad,0,0.809,0.144,0.166,1.73,0.89,0.566,Tablet,United States,100.0,3040.0,50.0,0.8,20.0,40.0,100.0,0.2
2026-04-06,Meta Ads - Prospecting,Meta,5280,96,258.23,8,695.86,,,,10,0.649,0.122,0.071,2.85,0.714,0.454,Mobile,United Kingdom,200.0,6080.0,35.0,1.8,12.0,80.0,200.0,0.4
2026-04-06,Meta Ads - Retargeting,Meta,2067,39,45.21,2,244.19,,,,2,0.4,0.55,0.05,2.42,0.44,0.28,Mobile,United States,50.0,1520.0,25.0,3.5,8.0,120.0,400.0,0.6
2026-04-06,YouTube - Brand Awareness,YouTube,3355,55,161.81,0,0.0,,,,0,0.808,0.196,0.101,3.05,0.889,0.566,Tablet,Germany,150.0,4560.0,60.0,0.5,25.0,30.0,80.0,0.15
2026-04-06,YouTube - Brand Awareness,YouTube,322,23,21.72,0,0.0,free advertising tutorial youtube,marketing tutorial,broad,0,0.808,0.196,0.101,3.52,0.889,0.566,Mobile,Canada,150.0,4560.0,60.0,0.5,25.0,30.0,80.0,0.15
2026-04-06,YouTube - Brand Awareness,YouTube,489,22,15.32,0,0.0,cheap keyword planner software download,keyword planner,broad,0,0.808,0.196,0.101,3.7,0.889,0.566,Mobile,United Kingdom,150.0,4560.0,60.0,0.5,25.0,30.0,80.0,0.15
2026-04-06,YouTube - Brand Awareness,YouTube,418,21,27.04,0,0.0,marketing jobs salary definition,jobs,broad,0,0.808,0.196,0.101,2.83,0.889,0.566,Tablet,United Kingdom,150.0,4560.0,60.0,0.5,25.0,30.0,80.0,0.15
2026-04-06,YouTube - Brand Awareness,YouTube,342,7,11.25,0,0.0,how to reset google ads password,support,broad,0,0.808,0.196,0.101,3.7,0.889,0.566,Tablet,United States,150.0,4560.0,60.0,0.5,25.0,30.0,80.0,0.15
2026-04-07,Google Search - Brand,Google Search,5472,114,237.95,8,722.13,,,,9,0.7,0.02,0.28,1.89,0.77,0.49,Mobile,United States,150.0,4560.0,30.0,2.5,10.0,100.0,300.0,0.5
2026-04-07,Google Search - Brand,Google Search,668,46,43.51,2,213.29,forecastiq,forecastiq,exact,2,0.7,0.02,0.28,1.36,0.77,0.49,Mobile,United States,150.0,4560.0,30.0,2.5,10.0,100.0,300.0,0.5
2026-04-07,Google Search - Brand,Google Search,582,35,57.43,2,213.37,forecastiq pricing,forecastiq,phrase,2,0.7,0.02,0.28,2.75,0.77,0.49,Tablet,Germany,150.0,4560.0,30.0,2.5,10.0,100.0,300.0,0.5
2026-04-07,Google Search - Brand,Google Search,687,16,30.15,1,96.77,forecastiq software reviews,forecastiq,broad,1,0.7,0.02,0.28,2.42,0.77,0.49,Mobile,United Kingdom,150.0,4560.0,30.0,2.5,10.0,100.0,300.0,0.5
2026-04-07,Google Search - Brand,Google Search,534,32,59.12,0,0.0,forecastiq login portal,forecastiq,phrase,0,0.7,0.02,0.28,2.92,0.77,0.49,Mobile,United Kingdom,150.0,4560.0,30.0,2.5,10.0,100.0,300.0,0.5
2026-04-07,Google Search - NonBrand,Google Search,8995,257,336.3,4,233.11,,,,4,0.812,0.144,0.172,2.12,0.893,0.569,Tablet,United Kingdom,300.0,9120.0,40.0,1.5,15.0,60.0,150.0,0.35
2026-04-07,Google Search - NonBrand,Google Search,1065,74,120.58,9,541.25,paid ads forecasting tool,forecasting tool,phrase,9,0.812,0.144,0.172,2.38,0.893,0.569,Desktop,Canada,300.0,9120.0,40.0,1.5,15.0,60.0,150.0,0.35
2026-04-07,Google Search - NonBrand,Google Search,1297,70,71.82,15,935.74,marketing forecasting software,forecasting tool,exact,16,0.812,0.144,0.172,2.06,0.893,0.569,Desktop,Germany,300.0,9120.0,40.0,1.5,15.0,60.0,150.0,0.35
2026-04-07,Google Search - NonBrand,Google Search,1253,68,97.76,19,1118.08,ppc budget optimization planner,budget optimization,broad,22,0.812,0.144,0.172,1.45,0.893,0.569,Tablet,United States,300.0,9120.0,40.0,1.5,15.0,60.0,150.0,0.35
2026-04-07,Google Search - NonBrand,Google Search,791,55,19.78,0,0.0,ads forecasting template excel,forecasting tool,broad,0,0.812,0.144,0.172,3.32,0.893,0.569,Mobile,United Kingdom,300.0,9120.0,40.0,1.5,15.0,60.0,150.0,0.35
2026-04-07,Google Search - Competitors,Google Search,1628,44,46.67,0,0.0,,,,0,0.65,0.192,0.08,3.15,0.715,0.455,Tablet,United States,100.0,3040.0,50.0,0.8,20.0,40.0,100.0,0.2
2026-04-07,Google Search - Competitors,Google Search,241,5,32.56,0,0.0,semrush forecasting tool alternative,semrush,phrase,0,0.65,0.192,0.08,3.42,0.715,0.455,Tablet,United States,100.0,3040.0,50.0,0.8,20.0,40.0,100.0,0.2
2026-04-07,Google Search - Competitors,Google Search,131,9,45.6,0,0.0,ahrefs traffic forecaster,ahrefs,broad,0,0.65,0.192,0.08,2.47,0.715,0.455,Mobile,Germany,100.0,3040.0,50.0,0.8,20.0,40.0,100.0,0.2
2026-04-07,Google Search - Competitors,Google Search,136,5,26.82,0,0.0,spyfu competitor ads budget planner,competitor template,broad,0,0.65,0.192,0.08,3.78,0.715,0.455,Tablet,Canada,100.0,3040.0,50.0,0.8,20.0,40.0,100.0,0.2
2026-04-07,Meta Ads - Prospecting,Meta,6283,103,221.36,6,439.63,,,,6,0.668,0.161,0.134,3.29,0.735,0.468,Tablet,Germany,200.0,6080.0,35.0,1.8,12.0,80.0,200.0,0.4
2026-04-07,Meta Ads - Retargeting,Meta,510,17,37.78,1,130.64,,,,1,0.4,0.55,0.05,1.8,0.44,0.28,Tablet,Germany,50.0,1520.0,25.0,3.5,8.0,120.0,400.0,0.6
2026-04-07,YouTube - Brand Awareness,YouTube,5148,143,358.21,0,0.0,,,,0,0.879,0.184,0.151,2.56,0.967,0.615,Mobile,Canada,150.0,4560.0,60.0,0.5,25.0,30.0,80.0,0.15
2026-04-07,YouTube - Brand Awareness,YouTube,514,21,20.55,0,0.0,free advertising tutorial youtube,marketing tutorial,broad,0,0.879,0.184,0.151,3.47,0.967,0.615,Tablet,United States,150.0,4560.0,60.0,0.5,25.0,30.0,80.0,0.15
2026-04-07,YouTube - Brand Awareness,YouTube,593,27,15.29,0,0.0,cheap keyword planner software download,keyword planner,broad,0,0.879,0.184,0.151,1.68,0.967,0.615,Mobile,United States,150.0,4560.0,60.0,0.5,25.0,30.0,80.0,0.15
2026-04-07,YouTube - Brand Awareness,YouTube,685,34,30.2,0,0.0,marketing jobs salary definition,jobs,broad,0,0.879,0.184,0.151,2.66,0.967,0.615,Mobile,United States,150.0,4560.0,60.0,0.5,25.0,30.0,80.0,0.15
2026-04-07,YouTube - Brand Awareness,YouTube,583,21,11.09,0,0.0,how to reset google ads password,support,broad,0,0.879,0.184,0.151,2.29,0.967,0.615,Tablet,United States,150.0,4560.0,60.0,0.5,25.0,30.0,80.0,0.15
2026-04-08,Google Search - Brand,Google Search,3712,116,223.66,7,669.85,,,,8,0.7,0.02,0.28,1.27,0.77,0.49,Tablet,Germany,150.0,4560.0,30.0,2.5,10.0,100.0,300.0,0.5
2026-04-08,Google Search - Brand,Google Search,363,21,26.77,1,109.77,forecastiq,forecastiq,exact,1,0.7,0.02,0.28,2.8,0.77,0.49,Desktop,United States,150.0,4560.0,30.0,2.5,10.0,100.0,300.0,0.5
2026-04-08,Google Search - Brand,Google Search,343,10,12.67,0,0.0,forecastiq pricing,forecastiq,phrase,0,0.7,0.02,0.28,2.48,0.77,0.49,Tablet,United Kingdom,150.0,4560.0,30.0,2.5,10.0,100.0,300.0,0.5
2026-04-08,Google Search - Brand,Google Search,439,23,43.51,3,277.43,forecastiq software reviews,forecastiq,broad,3,0.7,0.02,0.28,3.57,0.77,0.49,Tablet,Germany,150.0,4560.0,30.0,2.5,10.0,100.0,300.0,0.5
2026-04-08,Google Search - Brand,Google Search,476,29,32.3,0,0.0,forecastiq login portal,forecastiq,phrase,0,0.7,0.02,0.28,1.47,0.77,0.49,Desktop,United Kingdom,150.0,4560.0,30.0,2.5,10.0,100.0,300.0,0.5
2026-04-08,Google Search - NonBrand,Google Search,12775,175,434.82,5,307.96,,,,5,0.85,0.178,0.168,1.67,0.936,0.595,Tablet,United Kingdom,300.0,9120.0,40.0,1.5,15.0,60.0,150.0,0.35
2026-04-08,Google Search - NonBrand,Google Search,1389,58,107.57,9,580.41,paid ads forecasting tool,forecasting tool,phrase,9,0.85,0.178,0.168,3.64,0.936,0.595,Tablet,Germany,300.0,9120.0,40.0,1.5,15.0,60.0,150.0,0.35
2026-04-08,Google Search - NonBrand,Google Search,1052,70,127.85,12,774.71,marketing forecasting software,forecasting tool,exact,13,0.85,0.178,0.168,3.66,0.936,0.595,Tablet,Canada,300.0,9120.0,40.0,1.5,15.0,60.0,150.0,0.35
2026-04-08,Google Search - NonBrand,Google Search,1832,63,105.51,14,756.59,ppc budget optimization planner,budget optimization,broad,15,0.85,0.178,0.168,3.42,0.936,0.595,Desktop,United States,300.0,9120.0,40.0,1.5,15.0,60.0,150.0,0.35
2026-04-08,Google Search - NonBrand,Google Search,1794,45,16.94,0,0.0,ads forecasting template excel,forecasting tool,broad,0,0.85,0.178,0.168,3.17,0.936,0.595,Tablet,United States,300.0,9120.0,40.0,1.5,15.0,60.0,150.0,0.35
2026-04-08,Google Search - Competitors,Google Search,924,44,91.81,1,43.09,,,,1,0.555,0.076,0.089,1.93,0.61,0.388,Desktop,Canada,100.0,3040.0,50.0,0.8,20.0,40.0,100.0,0.2
2026-04-08,Google Search - Competitors,Google Search,113,2,34.18,0,0.0,semrush forecasting tool alternative,semrush,phrase,0,0.555,0.076,0.089,3.55,0.61,0.388,Tablet,Germany,100.0,3040.0,50.0,0.8,20.0,40.0,100.0,0.2
2026-04-08,Google Search - Competitors,Google Search,82,3,41.53,0,0.0,ahrefs traffic forecaster,ahrefs,broad,0,0.555,0.076,0.089,1.7,0.61,0.388,Desktop,Germany,100.0,3040.0,50.0,0.8,20.0,40.0,100.0,0.2
2026-04-08,Google Search - Competitors,Google Search,84,5,25.56,0,0.0,spyfu competitor ads budget planner,competitor template,broad,0,0.555,0.076,0.089,3.18,0.61,0.388,Tablet,United States,100.0,3040.0,50.0,0.8,20.0,40.0,100.0,0.2
2026-04-08,Meta Ads - Prospecting,Meta,4888,94,128.29,3,243.92,,,,3,0.791,0.058,0.127,1.25,0.87,0.553,Tablet,United States,200.0,6080.0,35.0,1.8,12.0,80.0,200.0,0.4
2026-04-08,Meta Ads - Retargeting,Meta,697,17,27.52,1,117.31,,,,1,0.4,0.55,0.05,2.06,0.44,0.28,Mobile,United States,50.0,1520.0,25.0,3.5,8.0,120.0,400.0,0.6
2026-04-08,YouTube - Brand Awareness,YouTube,3380,65,81.39,0,0.0,,,,0,0.827,0.164,0.121,1.63,0.91,0.579,Tablet,United Kingdom,150.0,4560.0,60.0,0.5,25.0,30.0,80.0,0.15
2026-04-08,YouTube - Brand Awareness,YouTube,362,20,22.36,0,0.0,free advertising tutorial youtube,marketing tutorial,broad,0,0.827,0.164,0.121,2.46,0.91,0.579,Desktop,United Kingdom,150.0,4560.0,60.0,0.5,25.0,30.0,80.0,0.15
2026-04-08,YouTube - Brand Awareness,YouTube,281,21,15.96,0,0.0,cheap keyword planner software download,keyword planner,broad,0,0.827,0.164,0.121,1.66,0.91,0.579,Desktop,United States,150.0,4560.0,60.0,0.5,25.0,30.0,80.0,0.15
2026-04-08,YouTube - Brand Awareness,YouTube,421,9,27.63,0,0.0,marketing jobs salary definition,jobs,broad,0,0.827,0.164,0.121,3.56,0.91,0.579,Mobile,United Kingdom,150.0,4560.0,60.0,0.5,25.0,30.0,80.0,0.15
2026-04-08,YouTube - Brand Awareness,YouTube,442,32,11.85,0,0.0,how to reset google ads password,support,broad,0,0.827,0.164,0.121,1.93,0.91,0.579,Tablet,Canada,150.0,4560.0,60.0,0.5,25.0,30.0,80.0,0.15
2026-04-09,Google Search - Brand,Google Search,2450,50,130.88,4,368.03,,,,4,0.7,0.02,0.28,3.35,0.77,0.49,Tablet,United States,150.0,4560.0,30.0,2.5,10.0,100.0,300.0,0.5
2026-04-09,Google Search - Brand,Google Search,217,10,8.79,0,0.0,forecastiq,forecastiq,exact,0,0.7,0.02,0.28,3.72,0.77,0.49,Desktop,United States,150.0,4560.0,30.0,2.5,10.0,100.0,300.0,0.5
2026-04-09,Google Search - Brand,Google Search,280,12,12.8,0,0.0,forecastiq pricing,forecastiq,phrase,0,0.7,0.02,0.28,3.53,0.77,0.49,Desktop,Canada,150.0,4560.0,30.0,2.5,10.0,100.0,300.0,0.5
2026-04-09,Google Search - Brand,Google Search,315,14,18.84,2,207.29,forecastiq software reviews,forecastiq,broad,2,0.7,0.02,0.28,1.64,0.77,0.49,Desktop,United Kingdom,150.0,4560.0,30.0,2.5,10.0,100.0,300.0,0.5
2026-04-09,Google Search - Brand,Google Search,313,22,34.33,0,0.0,forecastiq login portal,forecastiq,phrase,0,0.7,0.02,0.28,1.47,0.77,0.49,Mobile,United Kingdom,150.0,4560.0,30.0,2.5,10.0,100.0,300.0,0.5
2026-04-09,Google Search - NonBrand,Google Search,3438,191,274.05,2,117.26,,,,2,0.834,0.094,0.087,3.1,0.918,0.584,Mobile,United States,300.0,9120.0,40.0,1.5,15.0,60.0,150.0,0.35
2026-04-09,Google Search - NonBrand,Google Search,343,24,42.86,3,163.93,paid ads forecasting tool,forecasting tool,phrase,3,0.834,0.094,0.087,2.54,0.918,0.584,Mobile,Germany,300.0,9120.0,40.0,1.5,15.0,60.0,150.0,0.35
2026-04-09,Google Search - NonBrand,Google Search,360,25,45.91,4,252.43,marketing forecasting software,forecasting tool,exact,4,0.834,0.094,0.087,3.62,0.918,0.584,Tablet,United Kingdom,300.0,9120.0,40.0,1.5,15.0,60.0,150.0,0.35
2026-04-09,Google Search - NonBrand,Google Search,429,30,44.18,8,483.75,ppc budget optimization planner,budget optimization,broad,9,0.834,0.094,0.087,3.18,0.918,0.584,Mobile,United States,300.0,9120.0,40.0,1.5,15.0,60.0,150.0,0.35
2026-04-09,Google Search - NonBrand,Google Search,338,12,18.05,0,0.0,ads forecasting template excel,forecasting tool,broad,0,0.834,0.094,0.087,1.37,0.918,0.584,Mobile,Canada,300.0,9120.0,40.0,1.5,15.0,60.0,150.0,0.35
2026-04-09,Google Search - Competitors,Google Search,3276,42,117.37,2,82.95,,,,2,0.707,0.225,0.192,2.08,0.778,0.495,Tablet,United Kingdom,100.0,3040.0,50.0,0.8,20.0,40.0,100.0,0.2
2026-04-09,Google Search - Competitors,Google Search,383,19,35.36,0,0.0,semrush forecasting tool alternative,semrush,phrase,0,0.707,0.225,0.192,2.05,0.778,0.495,Desktop,United Kingdom,100.0,3040.0,50.0,0.8,20.0,40.0,100.0,0.2
2026-04-09,Google Search - Competitors,Google Search,394,15,46.74,0,0.0,ahrefs traffic forecaster,ahrefs,broad,0,0.707,0.225,0.192,3.18,0.778,0.495,Desktop,Germany,100.0,3040.0,50.0,0.8,20.0,40.0,100.0,0.2
2026-04-09,Google Search - Competitors,Google Search,270,14,23.87,0,0.0,spyfu competitor ads budget planner,competitor template,broad,0,0.707,0.225,0.192,1.26,0.778,0.495,Mobile,United States,100.0,3040.0,50.0,0.8,20.0,40.0,100.0,0.2
2026-04-09,Meta Ads - Prospecting,Meta,7590,138,356.88,12,1021.5,,,,12,0.747,0.233,0.083,2.66,0.822,0.523,Desktop,Germany,200.0,6080.0,35.0,1.8,12.0,80.0,200.0,0.4
2026-04-09,Meta Ads - Retargeting,Meta,1855,35,76.09,3,354.38,,,,3,0.4,0.55,0.05,1.49,0.44,0.28,Mobile,United Kingdom,50.0,1520.0,25.0,3.5,8.0,120.0,400.0,0.6
2026-04-09,YouTube - Brand Awareness,YouTube,8624,112,152.08,0,0.0,,,,0,0.864,0.051,0.128,2.55,0.951,0.605,Tablet,United States,150.0,4560.0,60.0,0.5,25.0,30.0,80.0,0.15
2026-04-09,YouTube - Brand Awareness,YouTube,1076,63,19.8,0,0.0,free advertising tutorial youtube,marketing tutorial,broad,0,0.864,0.051,0.128,3.26,0.951,0.605,Desktop,United Kingdom,150.0,4560.0,60.0,0.5,25.0,30.0,80.0,0.15
2026-04-09,YouTube - Brand Awareness,YouTube,699,51,16.83,0,0.0,cheap keyword planner software download,keyword planner,broad,0,0.864,0.051,0.128,2.25,0.951,0.605,Mobile,Germany,150.0,4560.0,60.0,0.5,25.0,30.0,80.0,0.15
2026-04-09,YouTube - Brand Awareness,YouTube,1233,32,28.38,0,0.0,marketing jobs salary definition,jobs,broad,0,0.864,0.051,0.128,1.83,0.951,0.605,Desktop,United Kingdom,150.0,4560.0,60.0,0.5,25.0,30.0,80.0,0.15
2026-04-09,YouTube - Brand Awareness,YouTube,914,63,11.81,0,0.0,how to reset google ads password,support,broad,0,0.864,0.051,0.128,3.22,0.951,0.605,Desktop,United Kingdom,150.0,4560.0,60.0,0.5,25.0,30.0,80.0,0.15
2026-04-10,Google Search - Brand,Google Search,2856,51,131.0,4,367.34,,,,4,0.7,0.02,0.28,2.5,0.77,0.49,Mobile,United Kingdom,150.0,4560.0,30.0,2.5,10.0,100.0,300.0,0.5
2026-04-10,Google Search - Brand,Google Search,423,20,25.58,1,91.18,forecastiq,forecastiq,exact,1,0.7,0.02,0.28,3.38,0.77,0.49,Tablet,Germany,150.0,4560.0,30.0,2.5,10.0,100.0,300.0,0.5
2026-04-10,Google Search - Brand,Google Search,267,10,15.64,0,0.0,forecastiq pricing,forecastiq,phrase,0,0.7,0.02,0.28,3.7,0.77,0.49,Mobile,Germany,150.0,4560.0,30.0,2.5,10.0,100.0,300.0,0.5
2026-04-10,Google Search - Brand,Google Search,296,17,15.67,2,187.66,forecastiq software reviews,forecastiq,broad,2,0.7,0.02,0.28,2.68,0.77,0.49,Tablet,United States,150.0,4560.0,30.0,2.5,10.0,100.0,300.0,0.5
2026-04-10,Google Search - Brand,Google Search,287,8,7.74,0,0.0,forecastiq login portal,forecastiq,phrase,0,0.7,0.02,0.28,3.65,0.77,0.49,Desktop,Canada,150.0,4560.0,30.0,2.5,10.0,100.0,300.0,0.5
2026-04-10,Google Search - NonBrand,Google Search,6260,313,585.98,8,478.69,,,,8,0.603,0.172,0.157,2.93,0.663,0.422,Tablet,Germany,300.0,9120.0,40.0,1.5,15.0,60.0,150.0,0.35
2026-04-10,Google Search - NonBrand,Google Search,929,71,62.45,11,652.92,paid ads forecasting tool,forecasting tool,phrase,12,0.603,0.172,0.157,2.96,0.663,0.422,Tablet,Canada,300.0,9120.0,40.0,1.5,15.0,60.0,150.0,0.35
2026-04-10,Google Search - NonBrand,Google Search,566,38,34.25,7,459.35,marketing forecasting software,forecasting tool,exact,8,0.603,0.172,0.157,2.45,0.663,0.422,Mobile,United States,300.0,9120.0,40.0,1.5,15.0,60.0,150.0,0.35
2026-04-10,Google Search - NonBrand,Google Search,875,66,86.75,16,939.26,ppc budget optimization planner,budget optimization,broad,18,0.603,0.172,0.157,1.47,0.663,0.422,Mobile,Germany,300.0,9120.0,40.0,1.5,15.0,60.0,150.0,0.35
2026-04-10,Google Search - NonBrand,Google Search,713,48,16.86,0,0.0,ads forecasting template excel,forecasting tool,broad,0,0.603,0.172,0.157,1.65,0.663,0.422,Mobile,Canada,300.0,9120.0,40.0,1.5,15.0,60.0,150.0,0.35
2026-04-10,Google Search - Competitors,Google Search,2485,71,144.42,2,87.58,,,,2,0.721,0.105,0.193,1.68,0.793,0.504,Mobile,Canada,100.0,3040.0,50.0,0.8,20.0,40.0,100.0,0.2
2026-04-10,Google Search - Competitors,Google Search,216,5,37.78,0,0.0,semrush forecasting tool alternative,semrush,phrase,0,0.721,0.105,0.193,3.39,0.793,0.504,Mobile,Canada,100.0,3040.0,50.0,0.8,20.0,40.0,100.0,0.2
2026-04-10,Google Search - Competitors,Google Search,222,15,44.22,0,0.0,ahrefs traffic forecaster,ahrefs,broad,0,0.721,0.105,0.193,2.38,0.793,0.504,Desktop,United States,100.0,3040.0,50.0,0.8,20.0,40.0,100.0,0.2
2026-04-10,Google Search - Competitors,Google Search,325,13,27.32,0,0.0,spyfu competitor ads budget planner,competitor template,broad,0,0.721,0.105,0.193,3.22,0.793,0.504,Tablet,United States,100.0,3040.0,50.0,0.8,20.0,40.0,100.0,0.2
2026-04-10,Meta Ads - Prospecting,Meta,7500,125,186.35,5,372.17,,,,6,0.762,0.157,0.093,2.32,0.838,0.533,Mobile,Canada,200.0,6080.0,35.0,1.8,12.0,80.0,200.0,0.4
2026-04-10,Meta Ads - Retargeting,Meta,598,23,63.46,2,263.9,,,,2,0.4,0.55,0.05,2.7,0.44,0.28,Tablet,Canada,50.0,1520.0,25.0,3.5,8.0,120.0,400.0,0.6
2026-04-10,YouTube - Brand Awareness,YouTube,2448,68,200.36,0,0.0,,,,0,0.859,0.136,0.137,1.74,0.945,0.601,Desktop,Germany,150.0,4560.0,60.0,0.5,25.0,30.0,80.0,0.15
2026-04-10,YouTube - Brand Awareness,YouTube,360,8,23.01,0,0.0,free advertising tutorial youtube,marketing tutorial,broad,0,0.859,0.136,0.137,3.4,0.945,0.601,Mobile,United States,150.0,4560.0,60.0,0.5,25.0,30.0,80.0,0.15
2026-04-10,YouTube - Brand Awareness,YouTube,331,7,16.05,0,0.0,cheap keyword planner software download,keyword planner,broad,0,0.859,0.136,0.137,2.65,0.945,0.601,Tablet,United States,150.0,4560.0,60.0,0.5,25.0,30.0,80.0,0.15
2026-04-10,YouTube - Brand Awareness,YouTube,204,10,31.09,0,0.0,marketing jobs salary definition,jobs,broad,0,0.859,0.136,0.137,2.06,0.945,0.601,Tablet,Germany,150.0,4560.0,60.0,0.5,25.0,30.0,80.0,0.15
2026-04-10,YouTube - Brand Awareness,YouTube,336,12,12.79,0,0.0,how to reset google ads password,support,broad,0,0.859,0.136,0.137,3.22,0.945,0.601,Mobile,Germany,150.0,4560.0,60.0,0.5,25.0,30.0,80.0,0.15
2026-04-11,Google Search - Brand,Google Search,1360,80,134.79,4,425.91,,,,4,0.7,0.02,0.28,3.11,0.77,0.49,Tablet,United Kingdom,150.0,4560.0,30.0,2.5,10.0,100.0,300.0,0.5
2026-04-11,Google Search - Brand,Google Search,199,10,16.62,0,0.0,forecastiq,forecastiq,exact,0,0.7,0.02,0.28,1.36,0.77,0.49,Mobile,Canada,150.0,4560.0,30.0,2.5,10.0,100.0,300.0,0.5
2026-04-11,Google Search - Brand,Google Search,168,12,9.97,1,105.92,forecastiq pricing,forecastiq,phrase,1,0.7,0.02,0.28,2.69,0.77,0.49,Desktop,Canada,150.0,4560.0,30.0,2.5,10.0,100.0,300.0,0.5
2026-04-11,Google Search - Brand,Google Search,121,6,8.39,0,0.0,forecastiq software reviews,forecastiq,broad,0,0.7,0.02,0.28,3.29,0.77,0.49,Mobile,United Kingdom,150.0,4560.0,30.0,2.5,10.0,100.0,300.0,0.5
2026-04-11,Google Search - Brand,Google Search,195,4,7.77,0,0.0,forecastiq login portal,forecastiq,phrase,0,0.7,0.02,0.28,3.6,0.77,0.49,Desktop,Canada,150.0,4560.0,30.0,2.5,10.0,100.0,300.0,0.5
2026-04-11,Google Search - NonBrand,Google Search,3807,141,364.83,4,253.69,,,,4,0.586,0.098,0.099,2.73,0.644,0.41,Desktop,United Kingdom,300.0,9120.0,40.0,1.5,15.0,60.0,150.0,0.35
2026-04-11,Google Search - NonBrand,Google Search,538,14,19.54,2,110.53,paid ads forecasting tool,forecasting tool,phrase,2,0.586,0.098,0.099,1.29,0.644,0.41,Desktop,Canada,300.0,9120.0,40.0,1.5,15.0,60.0,150.0,0.35
2026-04-11,Google Search - NonBrand,Google Search,352,15,15.36,2,126.91,marketing forecasting software,forecasting tool,exact,2,0.586,0.098,0.099,2.91,0.644,0.41,Tablet,Germany,300.0,9120.0,40.0,1.5,15.0,60.0,150.0,0.35
2026-04-11,Google Search - NonBrand,Google Search,334,26,26.44,7,394.54,ppc budget optimization planner,budget optimization,broad,7,0.586,0.098,0.099,2.64,0.644,0.41,Desktop,United States,300.0,9120.0,40.0,1.5,15.0,60.0,150.0,0.35
2026-04-11,Google Search - NonBrand,Google Search,452,22,20.03,0,0.0,ads forecasting template excel,forecasting tool,broad,0,0.586,0.098,0.099,2.77,0.644,0.41,Tablet,Canada,300.0,9120.0,40.0,1.5,15.0,60.0,150.0,0.35
2026-04-11,Google Search - Competitors,Google Search,588,21,28.98,0,0.0,,,,0,0.615,0.081,0.129,1.97,0.677,0.431,Tablet,Canada,100.0,3040.0,50.0,0.8,20.0,40.0,100.0,0.2
2026-04-11,Google Search - Competitors,Google Search,64,4,34.14,0,0.0,semrush forecasting tool alternative,semrush,phrase,0,0.615,0.081,0.129,3.8,0.677,0.431,Desktop,Canada,100.0,3040.0,50.0,0.8,20.0,40.0,100.0,0.2
2026-04-11,Google Search - Competitors,Google Search,72,2,49.19,0,0.0,ahrefs traffic forecaster,ahrefs,broad,0,0.615,0.081,0.129,1.85,0.677,0.431,Tablet,Germany,100.0,3040.0,50.0,0.8,20.0,40.0,100.0,0.2
2026-04-11,Google Search - Competitors,Google Search,62,3,23.24,0,0.0,spyfu competitor ads budget planner,competitor template,broad,0,0.615,0.081,0.129,1.41,0.677,0.431,Mobile,Canada,100.0,3040.0,50.0,0.8,20.0,40.0,100.0,0.2
2026-04-11,Meta Ads - Prospecting,Meta,2808,54,97.23,2,171.88,,,,2,0.551,0.204,0.104,2.88,0.606,0.386,Mobile,Canada,200.0,6080.0,35.0,1.8,12.0,80.0,200.0,0.4
2026-04-11,Meta Ads - Retargeting,Meta,1184,16,21.68,0,0.0,,,,0,0.4,0.55,0.05,2.63,0.44,0.28,Tablet,Canada,50.0,1520.0,25.0,3.5,8.0,120.0,400.0,0.6
2026-04-11,YouTube - Brand Awareness,YouTube,1728,32,34.11,0,0.0,,,,0,0.769,0.113,0.138,2.85,0.845,0.538,Tablet,Canada,150.0,4560.0,60.0,0.5,25.0,30.0,80.0,0.15
2026-04-11,YouTube - Brand Awareness,YouTube,192,13,20.35,0,0.0,free advertising tutorial youtube,marketing tutorial,broad,0,0.769,0.113,0.138,2.9,0.845,0.538,Desktop,Germany,150.0,4560.0,60.0,0.5,25.0,30.0,80.0,0.15
2026-04-11,YouTube - Brand Awareness,YouTube,250,10,14.67,0,0.0,cheap keyword planner software download,keyword planner,broad,0,0.769,0.113,0.138,3.39,0.845,0.538,Tablet,Germany,150.0,4560.0,60.0,0.5,25.0,30.0,80.0,0.15
2026-04-11,YouTube - Brand Awareness,YouTube,141,10,29.3,0,0.0,marketing jobs salary definition,jobs,broad,0,0.769,0.113,0.138,1.76,0.845,0.538,Tablet,Germany,150.0,4560.0,60.0,0.5,25.0,30.0,80.0,0.15
2026-04-11,YouTube - Brand Awareness,YouTube,201,8,11.59,0,0.0,how to reset google ads password,support,broad,0,0.769,0.113,0.138,3.07,0.845,0.538,Mobile,United States,150.0,4560.0,60.0,0.5,25.0,30.0,80.0,0.15
2026-04-12,Google Search - Brand,Google Search,1188,36,44.71,1,97.94,,,,1,0.7,0.02,0.28,1.81,0.77,0.49,Mobile,Germany,150.0,4560.0,30.0,2.5,10.0,100.0,300.0,0.5
2026-04-12,Google Search - Brand,Google Search,97,4,4.65,0,0.0,forecastiq,forecastiq,exact,0,0.7,0.02,0.28,2.57,0.77,0.49,Mobile,United States,150.0,4560.0,30.0,2.5,10.0,100.0,300.0,0.5
2026-04-12,Google Search - Brand,Google Search,173,9,7.78,0,0.0,forecastiq pricing,forecastiq,phrase,0,0.7,0.02,0.28,3.43,0.77,0.49,Tablet,United States,150.0,4560.0,30.0,2.5,10.0,100.0,300.0,0.5
2026-04-12,Google Search - Brand,Google Search,120,5,7.85,0,0.0,forecastiq software reviews,forecastiq,broad,0,0.7,0.02,0.28,3.0,0.77,0.49,Mobile,United Kingdom,150.0,4560.0,30.0,2.5,10.0,100.0,300.0,0.5
2026-04-12,Google Search - Brand,Google Search,158,11,21.74,0,0.0,forecastiq login portal,forecastiq,phrase,0,0.7,0.02,0.28,3.44,0.77,0.49,Mobile,United Kingdom,150.0,4560.0,30.0,2.5,10.0,100.0,300.0,0.5
2026-04-12,Google Search - NonBrand,Google Search,10143,207,259.73,3,187.64,,,,3,0.838,0.075,0.108,1.22,0.921,0.586,Desktop,United Kingdom,300.0,9120.0,40.0,1.5,15.0,60.0,150.0,0.35
2026-04-12,Google Search - NonBrand,Google Search,1474,110,188.51,13,782.38,paid ads forecasting tool,forecasting tool,phrase,13,0.838,0.075,0.108,1.93,0.921,0.586,Desktop,Germany,300.0,9120.0,40.0,1.5,15.0,60.0,150.0,0.35
2026-04-12,Google Search - NonBrand,Google Search,1448,31,31.07,5,321.33,marketing forecasting software,forecasting tool,exact,5,0.838,0.075,0.108,2.42,0.921,0.586,Tablet,Germany,300.0,9120.0,40.0,1.5,15.0,60.0,150.0,0.35
2026-04-12,Google Search - NonBrand,Google Search,848,52,66.35,14,900.92,ppc budget optimization planner,budget optimization,broad,14,0.838,0.075,0.108,2.44,0.921,0.586,Tablet,United Kingdom,300.0,9120.0,40.0,1.5,15.0,60.0,150.0,0.35
2026-04-12,Google Search - NonBrand,Google Search,1301,75,16.88,0,0.0,ads forecasting template excel,forecasting tool,broad,0,0.838,0.075,0.108,1.51,0.921,0.586,Desktop,Germany,300.0,9120.0,40.0,1.5,15.0,60.0,150.0,0.35
2026-04-12,Google Search - Competitors,Google Search,900,60,70.52,1,36.09,,,,1,0.769,0.102,0.145,1.99,0.846,0.539,Tablet,Canada,100.0,3040.0,50.0,0.8,20.0,40.0,100.0,0.2
2026-04-12,Google Search - Competitors,Google Search,81,5,34.59,0,0.0,semrush forecasting tool alternative,semrush,phrase,0,0.769,0.102,0.145,3.24,0.846,0.539,Mobile,Germany,100.0,3040.0,50.0,0.8,20.0,40.0,100.0,0.2
2026-04-12,Google Search - Competitors,Google Search,96,2,44.66,0,0.0,ahrefs traffic forecaster,ahrefs,broad,0,0.769,0.102,0.145,2.8,0.846,0.539,Mobile,Canada,100.0,3040.0,50.0,0.8,20.0,40.0,100.0,0.2
2026-04-12,Google Search - Competitors,Google Search,85,4,23.74,0,0.0,spyfu competitor ads budget planner,competitor template,broad,0,0.769,0.102,0.145,2.1,0.846,0.539,Tablet,United States,100.0,3040.0,50.0,0.8,20.0,40.0,100.0,0.2
2026-04-12,Meta Ads - Prospecting,Meta,1377,51,102.27,2,168.06,,,,2,0.793,0.078,0.142,2.54,0.873,0.555,Tablet,Canada,200.0,6080.0,35.0,1.8,12.0,80.0,200.0,0.4
2026-04-12,Meta Ads - Retargeting,Meta,854,14,23.59,0,0.0,,,,0,0.4,0.55,0.05,3.27,0.44,0.28,Mobile,United Kingdom,50.0,1520.0,25.0,3.5,8.0,120.0,400.0,0.6
2026-04-12,YouTube - Brand Awareness,YouTube,4293,81,138.89,0,0.0,,,,0,0.84,0.074,0.065,2.02,0.923,0.588,Desktop,Germany,150.0,4560.0,60.0,0.5,25.0,30.0,80.0,0.15
2026-04-12,YouTube - Brand Awareness,YouTube,576,15,22.82,0,0.0,free advertising tutorial youtube,marketing tutorial,broad,0,0.84,0.074,0.065,2.14,0.923,0.588,Desktop,United Kingdom,150.0,4560.0,60.0,0.5,25.0,30.0,80.0,0.15
2026-04-12,YouTube - Brand Awareness,YouTube,539,38,15.12,0,0.0,cheap keyword planner software download,keyword planner,broad,0,0.84,0.074,0.065,3.64,0.923,0.588,Tablet,United States,150.0,4560.0,60.0,0.5,25.0,30.0,80.0,0.15
2026-04-12,YouTube - Brand Awareness,YouTube,562,40,30.96,0,0.0,marketing jobs salary definition,jobs,broad,0,0.84,0.074,0.065,2.32,0.923,0.588,Tablet,United States,150.0,4560.0,60.0,0.5,25.0,30.0,80.0,0.15
2026-04-12,YouTube - Brand Awareness,YouTube,437,27,12.22,0,0.0,how to reset google ads password,support,broad,0,0.84,0.074,0.065,2.49,0.923,0.588,Mobile,Canada,150.0,4560.0,60.0,0.5,25.0,30.0,80.0,0.15
2026-04-13,Google Search - Brand,Google Search,3136,64,101.74,3,298.56,,,,3,0.7,0.02,0.28,1.66,0.77,0.49,Tablet,United States,150.0,4560.0,30.0,2.5,10.0,100.0,300.0,0.5
2026-04-13,Google Search - Brand,Google Search,454,18,26.63,0,0.0,forecastiq,forecastiq,exact,0,0.7,0.02,0.28,2.3,0.77,0.49,Tablet,United States,150.0,4560.0,30.0,2.5,10.0,100.0,300.0,0.5
2026-04-13,Google Search - Brand,Google Search,456,33,44.47,2,215.87,forecastiq pricing,forecastiq,phrase,2,0.7,0.02,0.28,1.42,0.77,0.49,Tablet,United Kingdom,150.0,4560.0,30.0,2.5,10.0,100.0,300.0,0.5
2026-04-13,Google Search - Brand,Google Search,351,19,32.98,3,316.38,forecastiq software reviews,forecastiq,broad,3,0.7,0.02,0.28,1.48,0.77,0.49,Tablet,Canada,150.0,4560.0,30.0,2.5,10.0,100.0,300.0,0.5
2026-04-13,Google Search - Brand,Google Search,363,17,15.79,0,0.0,forecastiq login portal,forecastiq,phrase,0,0.7,0.02,0.28,1.75,0.77,0.49,Mobile,United Kingdom,150.0,4560.0,30.0,2.5,10.0,100.0,300.0,0.5
2026-04-13,Google Search - NonBrand,Google Search,16170,245,245.21,2,131.89,,,,2,0.847,0.148,0.157,2.22,0.932,0.593,Tablet,United States,300.0,9120.0,40.0,1.5,15.0,60.0,150.0,0.35
2026-04-13,Google Search - NonBrand,Google Search,2403,128,248.74,20,1258.51,paid ads forecasting tool,forecasting tool,phrase,21,0.847,0.148,0.157,2.97,0.932,0.593,Mobile,Canada,300.0,9120.0,40.0,1.5,15.0,60.0,150.0,0.35
2026-04-13,Google Search - NonBrand,Google Search,1347,47,88.27,7,419.39,marketing forecasting software,forecasting tool,exact,7,0.847,0.148,0.157,1.56,0.932,0.593,Desktop,Canada,300.0,9120.0,40.0,1.5,15.0,60.0,150.0,0.35
2026-04-13,Google Search - NonBrand,Google Search,1357,50,52.2,10,577.39,ppc budget optimization planner,budget optimization,broad,10,0.847,0.148,0.157,1.37,0.932,0.593,Tablet,United Kingdom,300.0,9120.0,40.0,1.5,15.0,60.0,150.0,0.35
2026-04-13,Google Search - NonBrand,Google Search,1557,123,17.79,0,0.0,ads forecasting template excel,forecasting tool,broad,0,0.847,0.148,0.157,2.09,0.932,0.593,Tablet,United States,300.0,9120.0,40.0,1.5,15.0,60.0,150.0,0.35
2026-04-13,Google Search - Competitors,Google Search,3185,49,75.45,1,38.67,,,,1,0.665,0.152,0.153,2.89,0.731,0.465,Mobile,Canada,100.0,3040.0,50.0,0.8,20.0,40.0,100.0,0.2
2026-04-13,Google Search - Competitors,Google Search,346,22,33.47,0,0.0,semrush forecasting tool alternative,semrush,phrase,0,0.665,0.152,0.153,2.46,0.731,0.465,Tablet,Canada,100.0,3040.0,50.0,0.8,20.0,40.0,100.0,0.2
2026-04-13,Google Search - Competitors,Google Search,325,12,48.34,0,0.0,ahrefs traffic forecaster,ahrefs,broad,0,0.665,0.152,0.153,3.52,0.731,0.465,Mobile,Canada,100.0,3040.0,50.0,0.8,20.0,40.0,100.0,0.2
2026-04-13,Google Search - Competitors,Google Search,445,15,27.36,0,0.0,spyfu competitor ads budget planner,competitor template,broad,0,0.665,0.152,0.153,3.61,0.731,0.465,Tablet,Germany,100.0,3040.0,50.0,0.8,20.0,40.0,100.0,0.2
2026-04-13,Meta Ads - Prospecting,Meta,4810,65,185.32,5,395.47,,,,5,0.784,0.207,0.082,3.3,0.862,0.549,Mobile,United Kingdom,200.0,6080.0,35.0,1.8,12.0,80.0,200.0,0.4
2026-04-13,Meta Ads - Retargeting,Meta,2409,33,57.82,2,216.43,,,,2,0.4,0.55,0.05,2.68,0.44,0.28,Tablet,Canada,50.0,1520.0,25.0,3.5,8.0,120.0,400.0,0.6
2026-04-13,YouTube - Brand Awareness,YouTube,7700,110,210.67,0,0.0,,,,0,0.734,0.096,0.183,2.18,0.807,0.514,Tablet,United States,150.0,4560.0,60.0,0.5,25.0,30.0,80.0,0.15
2026-04-13,YouTube - Brand Awareness,YouTube,1048,20,19.98,0,0.0,free advertising tutorial youtube,marketing tutorial,broad,0,0.734,0.096,0.183,1.41,0.807,0.514,Tablet,United Kingdom,150.0,4560.0,60.0,0.5,25.0,30.0,80.0,0.15
2026-04-13,YouTube - Brand Awareness,YouTube,891,55,17.08,0,0.0,cheap keyword planner software download,keyword planner,broad,0,0.734,0.096,0.183,3.7,0.807,0.514,Tablet,United States,150.0,4560.0,60.0,0.5,25.0,30.0,80.0,0.15
2026-04-13,YouTube - Brand Awareness,YouTube,897,19,32.47,0,0.0,marketing jobs salary definition,jobs,broad,0,0.734,0.096,0.183,2.52,0.807,0.514,Desktop,United Kingdom,150.0,4560.0,60.0,0.5,25.0,30.0,80.0,0.15
2026-04-13,YouTube - Brand Awareness,YouTube,1111,85,13.08,0,0.0,how to reset google ads password,support,broad,0,0.734,0.096,0.183,3.0,0.807,0.514,Desktop,United Kingdom,150.0,4560.0,60.0,0.5,25.0,30.0,80.0,0.15
2026-04-14,Google Search - Brand,Google Search,7303,109,213.76,6,600.45,,,,6,0.7,0.02,0.28,2.56,0.77,0.49,Tablet,United States,150.0,4560.0,30.0,2.5,10.0,100.0,300.0,0.5
2026-04-14,Google Search - Brand,Google Search,831,41,68.81,1,96.68,forecastiq,forecastiq,exact,1,0.7,0.02,0.28,2.14,0.77,0.49,Desktop,United States,150.0,4560.0,30.0,2.5,10.0,100.0,300.0,0.5
2026-04-14,Google Search - Brand,Google Search,601,44,63.53,3,286.42,forecastiq pricing,forecastiq,phrase,3,0.7,0.02,0.28,1.57,0.77,0.49,Mobile,Canada,150.0,4560.0,30.0,2.5,10.0,100.0,300.0,0.5
2026-04-14,Google Search - Brand,Google Search,875,69,68.22,8,845.91,forecastiq software reviews,forecastiq,broad,9,0.7,0.02,0.28,2.75,0.77,0.49,Tablet,United States,150.0,4560.0,30.0,2.5,10.0,100.0,300.0,0.5
2026-04-14,Google Search - Brand,Google Search,787,24,37.85,0,0.0,forecastiq login portal,forecastiq,phrase,0,0.7,0.02,0.28,2.32,0.77,0.49,Tablet,United Kingdom,150.0,4560.0,30.0,2.5,10.0,100.0,300.0,0.5
2026-04-14,Google Search - NonBrand,Google Search,9792,204,395.16,4,225.92,,,,5,0.868,0.168,0.135,2.59,0.954,0.607,Tablet,Germany,300.0,9120.0,40.0,1.5,15.0,60.0,150.0,0.35
2026-04-14,Google Search - NonBrand,Google Search,1301,99,121.03,14,814.38,paid ads forecasting tool,forecasting tool,phrase,16,0.868,0.168,0.135,2.01,0.954,0.607,Desktop,United States,300.0,9120.0,40.0,1.5,15.0,60.0,150.0,0.35
2026-04-14,Google Search - NonBrand,Google Search,1051,25,33.18,4,244.23,marketing forecasting software,forecasting tool,exact,4,0.868,0.168,0.135,3.25,0.954,0.607,Desktop,Germany,300.0,9120.0,40.0,1.5,15.0,60.0,150.0,0.35
2026-04-14,Google Search - NonBrand,Google Search,877,53,83.4,12,700.98,ppc budget optimization planner,budget optimization,broad,13,0.868,0.168,0.135,1.6,0.954,0.607,Tablet,United Kingdom,300.0,9120.0,40.0,1.5,15.0,60.0,150.0,0.35
2026-04-14,Google Search - NonBrand,Google Search,1329,39,17.7,0,0.0,ads forecasting template excel,forecasting tool,broad,0,0.868,0.168,0.135,2.84,0.954,0.607,Tablet,Canada,300.0,9120.0,40.0,1.5,15.0,60.0,150.0,0.35
2026-04-14,Google Search - Competitors,Google Search,2688,42,112.62,2,72.77,,,,2,0.679,0.082,0.187,1.98,0.747,0.476,Tablet,United Kingdom,100.0,3040.0,50.0,0.8,20.0,40.0,100.0,0.2
2026-04-14,Google Search - Competitors,Google Search,259,5,35.68,0,0.0,semrush forecasting tool alternative,semrush,phrase,0,0.679,0.082,0.187,3.16,0.747,0.476,Tablet,Germany,100.0,3040.0,50.0,0.8,20.0,40.0,100.0,0.2
2026-04-14,Google Search - Competitors,Google Search,389,9,42.96,0,0.0,ahrefs traffic forecaster,ahrefs,broad,0,0.679,0.082,0.187,1.71,0.747,0.476,Desktop,Canada,100.0,3040.0,50.0,0.8,20.0,40.0,100.0,0.2
2026-04-14,Google Search - Competitors,Google Search,269,13,23.88,0,0.0,spyfu competitor ads budget planner,competitor template,broad,0,0.679,0.082,0.187,3.12,0.747,0.476,Mobile,Germany,100.0,3040.0,50.0,0.8,20.0,40.0,100.0,0.2
2026-04-14,Meta Ads - Prospecting,Meta,3604,106,127.63,3,228.12,,,,3,0.827,0.078,0.051,2.67,0.91,0.579,Tablet,United Kingdom,200.0,6080.0,35.0,1.8,12.0,80.0,200.0,0.4
2026-04-14,Meta Ads - Retargeting,Meta,1311,19,29.48,1,119.05,,,,1,0.4,0.55,0.05,1.8,0.44,0.28,Mobile,Canada,50.0,1520.0,25.0,3.5,8.0,120.0,400.0,0.6
2026-04-14,YouTube - Brand Awareness,YouTube,1515,101,120.06,0,0.0,,,,0,0.896,0.219,0.138,2.88,0.986,0.627,Desktop,Germany,150.0,4560.0,60.0,0.5,25.0,30.0,80.0,0.15
2026-04-14,YouTube - Brand Awareness,YouTube,197,7,20.4,0,0.0,free advertising tutorial youtube,marketing tutorial,broad,0,0.896,0.219,0.138,1.64,0.986,0.627,Mobile,Canada,150.0,4560.0,60.0,0.5,25.0,30.0,80.0,0.15
2026-04-14,YouTube - Brand Awareness,YouTube,126,4,16.73,0,0.0,cheap keyword planner software download,keyword planner,broad,0,0.896,0.219,0.138,2.76,0.986,0.627,Desktop,Canada,150.0,4560.0,60.0,0.5,25.0,30.0,80.0,0.15
2026-04-14,YouTube - Brand Awareness,YouTube,208,12,28.57,0,0.0,marketing jobs salary definition,jobs,broad,0,0.896,0.219,0.138,1.58,0.986,0.627,Desktop,United States,150.0,4560.0,60.0,0.5,25.0,30.0,80.0,0.15
2026-04-14,YouTube - Brand Awareness,YouTube,157,6,10.99,0,0.0,how to reset google ads password,support,broad,0,0.896,0.219,0.138,1.41,0.986,0.627,Tablet,Germany,150.0,4560.0,60.0,0.5,25.0,30.0,80.0,0.15
2026-04-15,Google Search - Brand,Google Search,1734,51,88.86,3,286.27,,,,3,0.7,0.02,0.28,2.68,0.77,0.49,Mobile,United Kingdom,150.0,4560.0,30.0,2.5,10.0,100.0,300.0,0.5
2026-04-15,Google Search - Brand,Google Search,238,18,32.5,1,102.68,forecastiq,forecastiq,exact,1,0.7,0.02,0.28,2.02,0.77,0.49,Tablet,United Kingdom,150.0,4560.0,30.0,2.5,10.0,100.0,300.0,0.5
2026-04-15,Google Search - Brand,Google Search,203,5,9.13,0,0.0,forecastiq pricing,forecastiq,phrase,0,0.7,0.02,0.28,3.4,0.77,0.49,Desktop,Canada,150.0,4560.0,30.0,2.5,10.0,100.0,300.0,0.5
2026-04-15,Google Search - Brand,Google Search,218,12,20.76,1,90.61,forecastiq software reviews,forecastiq,broad,1,0.7,0.02,0.28,1.7,0.77,0.49,Desktop,United States,150.0,4560.0,30.0,2.5,10.0,100.0,300.0,0.5
2026-04-15,Google Search - Brand,Google Search,162,7,11.21,0,0.0,forecastiq login portal,forecastiq,phrase,0,0.7,0.02,0.28,1.63,0.77,0.49,Mobile,Canada,150.0,4560.0,30.0,2.5,10.0,100.0,300.0,0.5
2026-04-15,Google Search - NonBrand,Google Search,7020,195,538.02,7,437.95,,,,8,0.866,0.089,0.194,2.31,0.952,0.606,Mobile,Germany,300.0,9120.0,40.0,1.5,15.0,60.0,150.0,0.35
2026-04-15,Google Search - NonBrand,Google Search,620,49,47.73,7,425.09,paid ads forecasting tool,forecasting tool,phrase,7,0.866,0.089,0.194,2.55,0.952,0.606,Tablet,United Kingdom,300.0,9120.0,40.0,1.5,15.0,60.0,150.0,0.35
2026-04-15,Google Search - NonBrand,Google Search,844,61,79.92,12,789.48,marketing forecasting software,forecasting tool,exact,12,0.866,0.089,0.194,1.34,0.952,0.606,Tablet,Germany,300.0,9120.0,40.0,1.5,15.0,60.0,150.0,0.35
2026-04-15,Google Search - NonBrand,Google Search,632,23,40.87,6,347.64,ppc budget optimization planner,budget optimization,broad,6,0.866,0.089,0.194,1.82,0.952,0.606,Mobile,United States,300.0,9120.0,40.0,1.5,15.0,60.0,150.0,0.35
2026-04-15,Google Search - NonBrand,Google Search,969,69,17.68,0,0.0,ads forecasting template excel,forecasting tool,broad,0,0.866,0.089,0.194,1.8,0.952,0.606,Tablet,Canada,300.0,9120.0,40.0,1.5,15.0,60.0,150.0,0.35
2026-04-15,Google Search - Competitors,Google Search,4256,56,145.14,2,79.69,,,,2,0.57,0.21,0.17,2.93,0.627,0.399,Desktop,United Kingdom,100.0,3040.0,50.0,0.8,20.0,40.0,100.0,0.2
2026-04-15,Google Search - Competitors,Google Search,458,10,33.07,0,0.0,semrush forecasting tool alternative,semrush,phrase,0,0.57,0.21,0.17,1.37,0.627,0.399,Mobile,United Kingdom,100.0,3040.0,50.0,0.8,20.0,40.0,100.0,0.2
2026-04-15,Google Search - Competitors,Google Search,387,28,46.84,0,0.0,ahrefs traffic forecaster,ahrefs,broad,0,0.57,0.21,0.17,3.19,0.627,0.399,Tablet,Canada,100.0,3040.0,50.0,0.8,20.0,40.0,100.0,0.2
2026-04-15,Google Search - Competitors,Google Search,560,42,26.37,0,0.0,spyfu competitor ads budget planner,competitor template,broad,0,0.57,0.21,0.17,2.04,0.627,0.399,Tablet,Germany,100.0,3040.0,50.0,0.8,20.0,40.0,100.0,0.2
2026-04-15,Meta Ads - Prospecting,Meta,3420,76,135.99,3,249.78,,,,3,0.858,0.069,0.141,1.88,0.944,0.6,Desktop,United Kingdom,200.0,6080.0,35.0,1.8,12.0,80.0,200.0,0.4
2026-04-15,Meta Ads - Retargeting,Meta,1386,18,25.38,1,116.92,,,,1,0.4,0.55,0.05,2.0,0.44,0.28,Desktop,United Kingdom,50.0,1520.0,25.0,3.5,8.0,120.0,400.0,0.6
2026-04-15,YouTube - Brand Awareness,YouTube,2814,134,368.01,0,0.0,,,,0,0.891,0.241,0.171,2.43,0.98,0.624,Mobile,Canada,150.0,4560.0,60.0,0.5,25.0,30.0,80.0,0.15
2026-04-15,YouTube - Brand Awareness,YouTube,356,20,22.19,0,0.0,free advertising tutorial youtube,marketing tutorial,broad,0,0.891,0.241,0.171,3.09,0.98,0.624,Desktop,Germany,150.0,4560.0,60.0,0.5,25.0,30.0,80.0,0.15
2026-04-15,YouTube - Brand Awareness,YouTube,403,22,16.35,0,0.0,cheap keyword planner software download,keyword planner,broad,0,0.891,0.241,0.171,2.03,0.98,0.624,Mobile,Germany,150.0,4560.0,60.0,0.5,25.0,30.0,80.0,0.15
2026-04-15,YouTube - Brand Awareness,YouTube,290,11,27.59,0,0.0,marketing jobs salary definition,jobs,broad,0,0.891,0.241,0.171,2.6,0.98,0.624,Desktop,Canada,150.0,4560.0,60.0,0.5,25.0,30.0,80.0,0.15
2026-04-15,YouTube - Brand Awareness,YouTube,314,17,11.0,0,0.0,how to reset google ads password,support,broad,0,0.891,0.241,0.171,2.25,0.98,0.624,Tablet,United States,150.0,4560.0,60.0,0.5,25.0,30.0,80.0,0.15
2026-04-16,Google Search - Brand,Google Search,2352,112,188.41,5,502.27,,,,5,0.7,0.02,0.28,3.26,0.77,0.49,Tablet,Canada,150.0,4560.0,30.0,2.5,10.0,100.0,300.0,0.5
2026-04-16,Google Search - Brand,Google Search,270,15,13.26,0,0.0,forecastiq,forecastiq,exact,0,0.7,0.02,0.28,1.8,0.77,0.49,Tablet,United Kingdom,150.0,4560.0,30.0,2.5,10.0,100.0,300.0,0.5
2026-04-16,Google Search - Brand,Google Search,281,16,18.69,1,100.66,forecastiq pricing,forecastiq,phrase,1,0.7,0.02,0.28,3.77,0.77,0.49,Mobile,United Kingdom,150.0,4560.0,30.0,2.5,10.0,100.0,300.0,0.5
2026-04-16,Google Search - Brand,Google Search,342,13,13.37,1,96.43,forecastiq software reviews,forecastiq,broad,1,0.7,0.02,0.28,1.51,0.77,0.49,Desktop,United States,150.0,4560.0,30.0,2.5,10.0,100.0,300.0,0.5
2026-04-16,Google Search - Brand,Google Search,348,21,40.35,0,0.0,forecastiq login portal,forecastiq,phrase,0,0.7,0.02,0.28,3.56,0.77,0.49,Mobile,United Kingdom,150.0,4560.0,30.0,2.5,10.0,100.0,300.0,0.5
2026-04-16,Google Search - NonBrand,Google Search,10620,295,466.9,4,242.54,,,,4,0.785,0.107,0.11,1.42,0.863,0.549,Tablet,Germany,300.0,9120.0,40.0,1.5,15.0,60.0,150.0,0.35
2026-04-16,Google Search - NonBrand,Google Search,1208,77,69.53,12,696.9,paid ads forecasting tool,forecasting tool,phrase,13,0.785,0.107,0.11,3.74,0.863,0.549,Tablet,Germany,300.0,9120.0,40.0,1.5,15.0,60.0,150.0,0.35
2026-04-16,Google Search - NonBrand,Google Search,1121,87,173.53,20,1162.13,marketing forecasting software,forecasting tool,exact,21,0.785,0.107,0.11,2.08,0.863,0.549,Tablet,United States,300.0,9120.0,40.0,1.5,15.0,60.0,150.0,0.35
2026-04-16,Google Search - NonBrand,Google Search,1066,44,67.34,9,567.28,ppc budget optimization planner,budget optimization,broad,9,0.785,0.107,0.11,2.4,0.863,0.549,Mobile,United States,300.0,9120.0,40.0,1.5,15.0,60.0,150.0,0.35
2026-04-16,Google Search - NonBrand,Google Search,1337,27,17.91,0,0.0,ads forecasting template excel,forecasting tool,broad,0,0.785,0.107,0.11,2.31,0.863,0.549,Tablet,Germany,300.0,9120.0,40.0,1.5,15.0,60.0,150.0,0.35
2026-04-16,Google Search - Competitors,Google Search,1564,92,144.62,2,76.91,,,,2,0.704,0.122,0.157,2.82,0.775,0.493,Desktop,United Kingdom,100.0,3040.0,50.0,0.8,20.0,40.0,100.0,0.2
2026-04-16,Google Search - Competitors,Google Search,175,11,34.86,0,0.0,semrush forecasting tool alternative,semrush,phrase,0,0.704,0.122,0.157,3.44,0.775,0.493,Mobile,Germany,100.0,3040.0,50.0,0.8,20.0,40.0,100.0,0.2
2026-04-16,Google Search - Competitors,Google Search,189,15,46.04,0,0.0,ahrefs traffic forecaster,ahrefs,broad,0,0.704,0.122,0.157,1.51,0.775,0.493,Desktop,Canada,100.0,3040.0,50.0,0.8,20.0,40.0,100.0,0.2
2026-04-16,Google Search - Competitors,Google Search,199,7,27.35,0,0.0,spyfu competitor ads budget planner,competitor template,broad,0,0.704,0.122,0.157,3.25,0.775,0.493,Desktop,United States,100.0,3040.0,50.0,0.8,20.0,40.0,100.0,0.2
2026-04-16,Meta Ads - Prospecting,Meta,2310,66,79.14,2,150.71,,,,2,0.854,0.128,0.1,3.27,0.94,0.598,Mobile,Germany,200.0,6080.0,35.0,1.8,12.0,80.0,200.0,0.4
2026-04-16,Meta Ads - Retargeting,Meta,450,25,44.36,1,116.62,,,,1,0.4,0.55,0.05,2.54,0.44,0.28,Mobile,United Kingdom,50.0,1520.0,25.0,3.5,8.0,120.0,400.0,0.6
2026-04-16,YouTube - Brand Awareness,YouTube,3978,102,128.05,0,0.0,,,,0,0.851,0.231,0.147,2.92,0.936,0.596,Desktop,Canada,150.0,4560.0,60.0,0.5,25.0,30.0,80.0,0.15
2026-04-16,YouTube - Brand Awareness,YouTube,479,16,21.42,0,0.0,free advertising tutorial youtube,marketing tutorial,broad,0,0.851,0.231,0.147,2.43,0.936,0.596,Tablet,Canada,150.0,4560.0,60.0,0.5,25.0,30.0,80.0,0.15
2026-04-16,YouTube - Brand Awareness,YouTube,530,17,16.46,0,0.0,cheap keyword planner software download,keyword planner,broad,0,0.851,0.231,0.147,2.5,0.936,0.596,Tablet,Germany,150.0,4560.0,60.0,0.5,25.0,30.0,80.0,0.15
2026-04-16,YouTube - Brand Awareness,YouTube,494,16,31.84,0,0.0,marketing jobs salary definition,jobs,broad,0,0.851,0.231,0.147,2.33,0.936,0.596,Mobile,United States,150.0,4560.0,60.0,0.5,25.0,30.0,80.0,0.15
2026-04-16,YouTube - Brand Awareness,YouTube,379,24,13.08,0,0.0,how to reset google ads password,support,broad,0,0.851,0.231,0.147,2.99,0.936,0.596,Tablet,Canada,150.0,4560.0,60.0,0.5,25.0,30.0,80.0,0.15
2026-04-17,Google Search - Brand,Google Search,4352,68,82.4,2,203.39,,,,2,0.7,0.02,0.28,1.36,0.77,0.49,Mobile,United States,150.0,4560.0,30.0,2.5,10.0,100.0,300.0,0.5
2026-04-17,Google Search - Brand,Google Search,621,35,62.44,1,96.02,forecastiq,forecastiq,exact,1,0.7,0.02,0.28,2.91,0.77,0.49,Mobile,Canada,150.0,4560.0,30.0,2.5,10.0,100.0,300.0,0.5
2026-04-17,Google Search - Brand,Google Search,548,34,63.44,3,293.75,forecastiq pricing,forecastiq,phrase,3,0.7,0.02,0.28,3.2,0.77,0.49,Tablet,Canada,150.0,4560.0,30.0,2.5,10.0,100.0,300.0,0.5
2026-04-17,Google Search - Brand,Google Search,431,23,21.54,3,292.6,forecastiq software reviews,forecastiq,broad,3,0.7,0.02,0.28,2.53,0.77,0.49,Tablet,Germany,150.0,4560.0,30.0,2.5,10.0,100.0,300.0,0.5
2026-04-17,Google Search - Brand,Google Search,471,11,19.09,0,0.0,forecastiq login portal,forecastiq,phrase,0,0.7,0.02,0.28,1.88,0.77,0.49,Desktop,Canada,150.0,4560.0,30.0,2.5,10.0,100.0,300.0,0.5
2026-04-17,Google Search - NonBrand,Google Search,14819,203,452.57,5,275.69,,,,6,0.615,0.225,0.104,2.57,0.677,0.431,Mobile,United Kingdom,300.0,9120.0,40.0,1.5,15.0,60.0,150.0,0.35
2026-04-17,Google Search - NonBrand,Google Search,2059,76,140.2,11,696.06,paid ads forecasting tool,forecasting tool,phrase,12,0.615,0.225,0.104,1.9,0.677,0.431,Tablet,Canada,300.0,9120.0,40.0,1.5,15.0,60.0,150.0,0.35
2026-04-17,Google Search - NonBrand,Google Search,1240,32,42.38,7,456.47,marketing forecasting software,forecasting tool,exact,7,0.615,0.225,0.104,3.78,0.677,0.431,Mobile,Germany,300.0,9120.0,40.0,1.5,15.0,60.0,150.0,0.35
2026-04-17,Google Search - NonBrand,Google Search,1331,80,92.23,21,1323.26,ppc budget optimization planner,budget optimization,broad,24,0.615,0.225,0.104,3.74,0.677,0.431,Desktop,United States,300.0,9120.0,40.0,1.5,15.0,60.0,150.0,0.35
2026-04-17,Google Search - NonBrand,Google Search,1574,36,20.32,0,0.0,ads forecasting template excel,forecasting tool,broad,0,0.615,0.225,0.104,3.07,0.677,0.431,Tablet,Germany,300.0,9120.0,40.0,1.5,15.0,60.0,150.0,0.35
2026-04-17,Google Search - Competitors,Google Search,4002,69,204.56,4,174.84,,,,4,0.664,0.24,0.178,3.12,0.73,0.465,Desktop,United Kingdom,100.0,3040.0,50.0,0.8,20.0,40.0,100.0,0.2
2026-04-17,Google Search - Competitors,Google Search,333,14,33.84,0,0.0,semrush forecasting tool alternative,semrush,phrase,0,0.664,0.24,0.178,2.53,0.73,0.465,Desktop,United States,100.0,3040.0,50.0,0.8,20.0,40.0,100.0,0.2
2026-04-17,Google Search - Competitors,Google Search,462,24,48.75,0,0.0,ahrefs traffic forecaster,ahrefs,broad,0,0.664,0.24,0.178,3.19,0.73,0.465,Tablet,United States,100.0,3040.0,50.0,0.8,20.0,40.0,100.0,0.2
2026-04-17,Google Search - Competitors,Google Search,343,26,24.28,0,0.0,spyfu competitor ads budget planner,competitor template,broad,0,0.664,0.24,0.178,2.81,0.73,0.465,Mobile,United Kingdom,100.0,3040.0,50.0,0.8,20.0,40.0,100.0,0.2
2026-04-17,Meta Ads - Prospecting,Meta,2236,86,117.38,3,230.76,,,,3,0.63,0.088,0.186,2.42,0.693,0.441,Desktop,Germany,200.0,6080.0,35.0,1.8,12.0,80.0,200.0,0.4
2026-04-17,Meta Ads - Retargeting,Meta,1160,20,45.99,1,118.79,,,,1,0.4,0.55,0.05,2.12,0.44,0.28,Tablet,Canada,50.0,1520.0,25.0,3.5,8.0,120.0,400.0,0.6
2026-04-17,YouTube - Brand Awareness,YouTube,2052,57,109.67,0,0.0,,,,0,0.682,0.181,0.112,1.27,0.75,0.478,Mobile,United States,150.0,4560.0,60.0,0.5,25.0,30.0,80.0,0.15
2026-04-17,YouTube - Brand Awareness,YouTube,195,7,23.99,0,0.0,free advertising tutorial youtube,marketing tutorial,broad,0,0.682,0.181,0.112,2.4,0.75,0.478,Mobile,United Kingdom,150.0,4560.0,60.0,0.5,25.0,30.0,80.0,0.15
2026-04-17,YouTube - Brand Awareness,YouTube,179,8,15.43,0,0.0,cheap keyword planner software download,keyword planner,broad,0,0.682,0.181,0.112,3.18,0.75,0.478,Desktop,United States,150.0,4560.0,60.0,0.5,25.0,30.0,80.0,0.15
2026-04-17,YouTube - Brand Awareness,YouTube,257,10,31.95,0,0.0,marketing jobs salary definition,jobs,broad,0,0.682,0.181,0.112,3.42,0.75,0.478,Desktop,Canada,150.0,4560.0,60.0,0.5,25.0,30.0,80.0,0.15
2026-04-17,YouTube - Brand Awareness,YouTube,192,10,12.05,0,0.0,how to reset google ads password,support,broad,0,0.682,0.181,0.112,2.29,0.75,0.478,Desktop,United Kingdom,150.0,4560.0,60.0,0.5,25.0,30.0,80.0,0.15
2026-04-18,Google Search - Brand,Google Search,4420,65,78.28,2,214.79,,,,2,0.7,0.02,0.28,1.74,0.77,0.49,Mobile,United States,150.0,4560.0,30.0,2.5,10.0,100.0,300.0,0.5
2026-04-18,Google Search - Brand,Google Search,559,30,41.93,1,95.86,forecastiq,forecastiq,exact,1,0.7,0.02,0.28,3.26,0.77,0.49,Mobile,Canada,150.0,4560.0,30.0,2.5,10.0,100.0,300.0,0.5
2026-04-18,Google Search - Brand,Google Search,421,33,46.43,2,218.03,forecastiq pricing,forecastiq,phrase,2,0.7,0.02,0.28,3.45,0.77,0.49,Mobile,Germany,150.0,4560.0,30.0,2.5,10.0,100.0,300.0,0.5
2026-04-18,Google Search - Brand,Google Search,555,33,61.91,5,499.57,forecastiq software reviews,forecastiq,broad,5,0.7,0.02,0.28,3.53,0.77,0.49,Tablet,Germany,150.0,4560.0,30.0,2.5,10.0,100.0,300.0,0.5
2026-04-18,Google Search - Brand,Google Search,429,9,11.22,0,0.0,forecastiq login portal,forecastiq,phrase,0,0.7,0.02,0.28,3.24,0.77,0.49,Mobile,United States,150.0,4560.0,30.0,2.5,10.0,100.0,300.0,0.5
2026-04-18,Google Search - NonBrand,Google Search,7708,164,226.83,3,170.5,,,,3,0.9,0.063,0.175,2.0,0.99,0.63,Tablet,Canada,300.0,9120.0,40.0,1.5,15.0,60.0,150.0,0.35
2026-04-18,Google Search - NonBrand,Google Search,1062,56,60.86,7,407.42,paid ads forecasting tool,forecasting tool,phrase,8,0.9,0.063,0.175,2.48,0.99,0.63,Desktop,Canada,300.0,9120.0,40.0,1.5,15.0,60.0,150.0,0.35
2026-04-18,Google Search - NonBrand,Google Search,737,39,43.73,8,499.57,marketing forecasting software,forecasting tool,exact,9,0.9,0.063,0.175,3.62,0.99,0.63,Mobile,Germany,300.0,9120.0,40.0,1.5,15.0,60.0,150.0,0.35
2026-04-18,Google Search - NonBrand,Google Search,701,43,68.69,9,519.15,ppc budget optimization planner,budget optimization,broad,10,0.9,0.063,0.175,2.39,0.99,0.63,Tablet,Canada,300.0,9120.0,40.0,1.5,15.0,60.0,150.0,0.35
2026-04-18,Google Search - NonBrand,Google Search,744,31,18.49,0,0.0,ads forecasting template excel,forecasting tool,broad,0,0.9,0.063,0.175,1.84,0.99,0.63,Mobile,Canada,300.0,9120.0,40.0,1.5,15.0,60.0,150.0,0.35
2026-04-18,Google Search - Competitors,Google Search,2590,37,64.41,1,43.88,,,,1,0.821,0.127,0.126,2.88,0.903,0.575,Tablet,United Kingdom,100.0,3040.0,50.0,0.8,20.0,40.0,100.0,0.2
2026-04-18,Google Search - Competitors,Google Search,295,17,38.35,0,0.0,semrush forecasting tool alternative,semrush,phrase,0,0.821,0.127,0.126,2.56,0.903,0.575,Desktop,United States,100.0,3040.0,50.0,0.8,20.0,40.0,100.0,0.2
2026-04-18,Google Search - Competitors,Google Search,280,15,49.12,0,0.0,ahrefs traffic forecaster,ahrefs,broad,0,0.821,0.127,0.126,2.48,0.903,0.575,Tablet,Canada,100.0,3040.0,50.0,0.8,20.0,40.0,100.0,0.2
2026-04-18,Google Search - Competitors,Google Search,271,11,23.74,0,0.0,spyfu competitor ads budget planner,competitor template,broad,0,0.821,0.127,0.126,2.23,0.903,0.575,Tablet,United Kingdom,100.0,3040.0,50.0,0.8,20.0,40.0,100.0,0.2
2026-04-18,Meta Ads - Prospecting,Meta,891,81,225.93,5,396.94,,,,5,0.763,0.098,0.13,2.45,0.839,0.534,Desktop,Germany,200.0,6080.0,35.0,1.8,12.0,80.0,200.0,0.4
2026-04-18,Meta Ads - Retargeting,Meta,615,15,26.37,0,0.0,,,,0,0.4,0.55,0.05,2.37,0.44,0.28,Mobile,United States,50.0,1520.0,25.0,3.5,8.0,120.0,400.0,0.6
2026-04-18,YouTube - Brand Awareness,YouTube,1876,67,128.33,0,0.0,,,,0,0.636,0.216,0.073,2.89,0.699,0.445,Mobile,Germany,150.0,4560.0,60.0,0.5,25.0,30.0,80.0,0.15
2026-04-18,YouTube - Brand Awareness,YouTube,180,11,21.69,0,0.0,free advertising tutorial youtube,marketing tutorial,broad,0,0.636,0.216,0.073,1.26,0.699,0.445,Mobile,Canada,150.0,4560.0,60.0,0.5,25.0,30.0,80.0,0.15
2026-04-18,YouTube - Brand Awareness,YouTube,161,7,17.08,0,0.0,cheap keyword planner software download,keyword planner,broad,0,0.636,0.216,0.073,3.59,0.699,0.445,Tablet,United States,150.0,4560.0,60.0,0.5,25.0,30.0,80.0,0.15
2026-04-18,YouTube - Brand Awareness,YouTube,200,13,29.7,0,0.0,marketing jobs salary definition,jobs,broad,0,0.636,0.216,0.073,3.74,0.699,0.445,Tablet,United States,150.0,4560.0,60.0,0.5,25.0,30.0,80.0,0.15
2026-04-18,YouTube - Brand Awareness,YouTube,174,4,10.88,0,0.0,how to reset google ads password,support,broad,0,0.636,0.216,0.073,2.96,0.699,0.445,Tablet,United Kingdom,150.0,4560.0,60.0,0.5,25.0,30.0,80.0,0.15
2026-04-19,Google Search - Brand,Google Search,2016,48,64.76,1,101.15,,,,1,0.7,0.02,0.28,2.56,0.77,0.49,Desktop,Canada,150.0,4560.0,30.0,2.5,10.0,100.0,300.0,0.5
2026-04-19,Google Search - Brand,Google Search,177,13,10.48,0,0.0,forecastiq,forecastiq,exact,0,0.7,0.02,0.28,3.28,0.77,0.49,Tablet,United Kingdom,150.0,4560.0,30.0,2.5,10.0,100.0,300.0,0.5
2026-04-19,Google Search - Brand,Google Search,189,6,8.22,0,0.0,forecastiq pricing,forecastiq,phrase,0,0.7,0.02,0.28,3.42,0.77,0.49,Tablet,Canada,150.0,4560.0,30.0,2.5,10.0,100.0,300.0,0.5
2026-04-19,Google Search - Brand,Google Search,294,21,23.23,3,325.62,forecastiq software reviews,forecastiq,broad,3,0.7,0.02,0.28,2.51,0.77,0.49,Mobile,Germany,150.0,4560.0,30.0,2.5,10.0,100.0,300.0,0.5
2026-04-19,Google Search - Brand,Google Search,221,11,19.59,0,0.0,forecastiq login portal,forecastiq,phrase,0,0.7,0.02,0.28,1.49,0.77,0.49,Desktop,Canada,150.0,4560.0,30.0,2.5,10.0,100.0,300.0,0.5
2026-04-19,Google Search - NonBrand,Google Search,6500,260,352.42,4,229.2,,,,5,0.869,0.187,0.06,2.45,0.956,0.608,Mobile,Germany,300.0,9120.0,40.0,1.5,15.0,60.0,150.0,0.35
2026-04-19,Google Search - NonBrand,Google Search,663,49,91.5,6,387.67,paid ads forecasting tool,forecasting tool,phrase,6,0.869,0.187,0.06,1.31,0.956,0.608,Tablet,United Kingdom,300.0,9120.0,40.0,1.5,15.0,60.0,150.0,0.35
2026-04-19,Google Search - NonBrand,Google Search,922,61,105.7,9,578.22,marketing forecasting software,forecasting tool,exact,9,0.869,0.187,0.06,2.45,0.956,0.608,Desktop,Canada,300.0,9120.0,40.0,1.5,15.0,60.0,150.0,0.35
2026-04-19,Google Search - NonBrand,Google Search,598,36,45.39,8,449.42,ppc budget optimization planner,budget optimization,broad,8,0.869,0.187,0.06,1.86,0.956,0.608,Desktop,Canada,300.0,9120.0,40.0,1.5,15.0,60.0,150.0,0.35
2026-04-19,Google Search - NonBrand,Google Search,732,43,17.58,0,0.0,ads forecasting template excel,forecasting tool,broad,0,0.869,0.187,0.06,3.01,0.956,0.608,Desktop,Canada,300.0,9120.0,40.0,1.5,15.0,60.0,150.0,0.35
2026-04-19,Google Search - Competitors,Google Search,1250,25,60.13,1,38.38,,,,1,0.56,0.208,0.192,1.69,0.616,0.392,Tablet,United States,100.0,3040.0,50.0,0.8,20.0,40.0,100.0,0.2
2026-04-19,Google Search - Competitors,Google Search,109,4,36.29,0,0.0,semrush forecasting tool alternative,semrush,phrase,0,0.56,0.208,0.192,1.22,0.616,0.392,Mobile,Germany,100.0,3040.0,50.0,0.8,20.0,40.0,100.0,0.2
2026-04-19,Google Search - Competitors,Google Search,124,5,44.2,0,0.0,ahrefs traffic forecaster,ahrefs,broad,0,0.56,0.208,0.192,2.38,0.616,0.392,Mobile,Germany,100.0,3040.0,50.0,0.8,20.0,40.0,100.0,0.2
2026-04-19,Google Search - Competitors,Google Search,128,7,22.63,0,0.0,spyfu competitor ads budget planner,competitor template,broad,0,0.56,0.208,0.192,3.65,0.616,0.392,Mobile,United States,100.0,3040.0,50.0,0.8,20.0,40.0,100.0,0.2
2026-04-19,Meta Ads - Prospecting,Meta,2304,72,210.68,6,437.25,,,,6,0.681,0.166,0.162,2.37,0.749,0.477,Tablet,United Kingdom,200.0,6080.0,35.0,1.8,12.0,80.0,200.0,0.4
2026-04-19,Meta Ads - Retargeting,Meta,684,18,36.81,1,120.59,,,,1,0.4,0.55,0.05,3.08,0.44,0.28,Mobile,Germany,50.0,1520.0,25.0,3.5,8.0,120.0,400.0,0.6
2026-04-19,YouTube - Brand Awareness,YouTube,2448,34,87.86,0,0.0,,,,0,0.889,0.075,0.099,3.01,0.978,0.623,Tablet,United States,150.0,4560.0,60.0,0.5,25.0,30.0,80.0,0.15
2026-04-19,YouTube - Brand Awareness,YouTube,306,16,22.93,0,0.0,free advertising tutorial youtube,marketing tutorial,broad,0,0.889,0.075,0.099,3.59,0.978,0.623,Desktop,Canada,150.0,4560.0,60.0,0.5,25.0,30.0,80.0,0.15
2026-04-19,YouTube - Brand Awareness,YouTube,219,4,14.85,0,0.0,cheap keyword planner software download,keyword planner,broad,0,0.889,0.075,0.099,3.63,0.978,0.623,Desktop,Germany,150.0,4560.0,60.0,0.5,25.0,30.0,80.0,0.15
2026-04-19,YouTube - Brand Awareness,YouTube,276,10,27.41,0,0.0,marketing jobs salary definition,jobs,broad,0,0.889,0.075,0.099,3.28,0.978,0.623,Mobile,United States,150.0,4560.0,60.0,0.5,25.0,30.0,80.0,0.15
2026-04-19,YouTube - Brand Awareness,YouTube,267,7,12.44,0,0.0,how to reset google ads password,support,broad,0,0.889,0.075,0.099,2.34,0.978,0.623,Tablet,United Kingdom,150.0,4560.0,60.0,0.5,25.0,30.0,80.0,0.15
2026-04-20,Google Search - Brand,Google Search,2940,49,100.69,3,321.58,,,,3,0.7,0.02,0.28,2.68,0.77,0.49,Tablet,United States,150.0,4560.0,30.0,2.5,10.0,100.0,300.0,0.5
2026-04-20,Google Search - Brand,Google Search,292,9,17.03,0,0.0,forecastiq,forecastiq,exact,0,0.7,0.02,0.28,2.86,0.77,0.49,Tablet,Canada,150.0,4560.0,30.0,2.5,10.0,100.0,300.0,0.5
2026-04-20,Google Search - Brand,Google Search,351,16,17.85,1,102.41,forecastiq pricing,forecastiq,phrase,1,0.7,0.02,0.28,2.67,0.77,0.49,Desktop,United Kingdom,150.0,4560.0,30.0,2.5,10.0,100.0,300.0,0.5
2026-04-20,Google Search - Brand,Google Search,238,18,24.96,2,204.13,forecastiq software reviews,forecastiq,broad,2,0.7,0.02,0.28,1.83,0.77,0.49,Desktop,Canada,150.0,4560.0,30.0,2.5,10.0,100.0,300.0,0.5
2026-04-20,Google Search - Brand,Google Search,300,16,18.83,0,0.0,forecastiq login portal,forecastiq,phrase,0,0.7,0.02,0.28,2.41,0.77,0.49,Desktop,United States,150.0,4560.0,30.0,2.5,10.0,100.0,300.0,0.5
2026-04-20,Google Search - NonBrand,Google Search,9768,444,782.97,9,558.09,,,,9,0.671,0.21,0.182,1.16,0.739,0.47,Mobile,United Kingdom,300.0,9120.0,40.0,1.5,15.0,60.0,150.0,0.35
2026-04-20,Google Search - NonBrand,Google Search,1229,75,117.6,11,701.85,paid ads forecasting tool,forecasting tool,phrase,12,0.671,0.21,0.182,3.29,0.739,0.47,Tablet,Canada,300.0,9120.0,40.0,1.5,15.0,60.0,150.0,0.35
2026-04-20,Google Search - NonBrand,Google Search,1021,29,27.39,5,317.83,marketing forecasting software,forecasting tool,exact,5,0.671,0.21,0.182,2.05,0.739,0.47,Tablet,United Kingdom,300.0,9120.0,40.0,1.5,15.0,60.0,150.0,0.35
2026-04-20,Google Search - NonBrand,Google Search,858,54,90.15,15,933.57,ppc budget optimization planner,budget optimization,broad,17,0.671,0.21,0.182,1.31,0.739,0.47,Tablet,United Kingdom,300.0,9120.0,40.0,1.5,15.0,60.0,150.0,0.35
2026-04-20,Google Search - NonBrand,Google Search,962,55,17.21,0,0.0,ads forecasting template excel,forecasting tool,broad,0,0.671,0.21,0.182,1.68,0.739,0.47,Tablet,United Kingdom,300.0,9120.0,40.0,1.5,15.0,60.0,150.0,0.35
2026-04-20,Google Search - Competitors,Google Search,2170,35,45.26,1,39.6,,,,1,0.608,0.137,0.185,2.33,0.668,0.425,Desktop,United States,100.0,3040.0,50.0,0.8,20.0,40.0,100.0,0.2
2026-04-20,Google Search - Competitors,Google Search,269,18,35.74,0,0.0,semrush forecasting tool alternative,semrush,phrase,0,0.608,0.137,0.185,2.48,0.668,0.425,Tablet,Canada,100.0,3040.0,50.0,0.8,20.0,40.0,100.0,0.2
2026-04-20,Google Search - Competitors,Google Search,295,19,42.13,0,0.0,ahrefs traffic forecaster,ahrefs,broad,0,0.608,0.137,0.185,1.87,0.668,0.425,Mobile,United Kingdom,100.0,3040.0,50.0,0.8,20.0,40.0,100.0,0.2
2026-04-20,Google Search - Competitors,Google Search,267,11,27.44,0,0.0,spyfu competitor ads budget planner,competitor template,broad,0,0.608,0.137,0.185,2.81,0.668,0.425,Tablet,United States,100.0,3040.0,50.0,0.8,20.0,40.0,100.0,0.2
2026-04-20,Meta Ads - Prospecting,Meta,2112,88,164.24,4,301.81,,,,4,0.629,0.177,0.181,2.26,0.692,0.44,Mobile,United Kingdom,200.0,6080.0,35.0,1.8,12.0,80.0,200.0,0.4
2026-04-20,Meta Ads - Retargeting,Meta,676,26,72.4,2,260.57,,,,2,0.4,0.55,0.05,2.17,0.44,0.28,Mobile,United Kingdom,50.0,1520.0,25.0,3.5,8.0,120.0,400.0,0.6
2026-04-20,YouTube - Brand Awareness,YouTube,2756,52,113.12,0,0.0,,,,0,0.88,0.084,0.154,1.39,0.968,0.616,Desktop,United States,150.0,4560.0,60.0,0.5,25.0,30.0,80.0,0.15
2026-04-20,YouTube - Brand Awareness,YouTube,334,13,23.07,0,0.0,free advertising tutorial youtube,marketing tutorial,broad,0,0.88,0.084,0.154,1.3,0.968,0.616,Mobile,Canada,150.0,4560.0,60.0,0.5,25.0,30.0,80.0,0.15
2026-04-20,YouTube - Brand Awareness,YouTube,250,5,17.52,0,0.0,cheap keyword planner software download,keyword planner,broad,0,0.88,0.084,0.154,1.32,0.968,0.616,Tablet,Germany,150.0,4560.0,60.0,0.5,25.0,30.0,80.0,0.15
2026-04-20,YouTube - Brand Awareness,YouTube,246,18,27.56,0,0.0,marketing jobs salary definition,jobs,broad,0,0.88,0.084,0.154,1.99,0.968,0.616,Mobile,Germany,150.0,4560.0,60.0,0.5,25.0,30.0,80.0,0.15
2026-04-20,YouTube - Brand Awareness,YouTube,383,13,11.08,0,0.0,how to reset google ads password,support,broad,0,0.88,0.084,0.154,1.2,0.968,0.616,Tablet,Germany,150.0,4560.0,60.0,0.5,25.0,30.0,80.0,0.15
2026-04-21,Google Search - Brand,Google Search,1350,50,138.91,4,374.94,,,,4,0.7,0.02,0.28,3.06,0.77,0.49,Desktop,Germany,150.0,4560.0,30.0,2.5,10.0,100.0,300.0,0.5
2026-04-21,Google Search - Brand,Google Search,189,7,12.59,0,0.0,forecastiq,forecastiq,exact,0,0.7,0.02,0.28,2.32,0.77,0.49,Mobile,Canada,150.0,4560.0,30.0,2.5,10.0,100.0,300.0,0.5
2026-04-21,Google Search - Brand,Google Search,140,4,3.48,0,0.0,forecastiq pricing,forecastiq,phrase,0,0.7,0.02,0.28,1.4,0.77,0.49,Tablet,United Kingdom,150.0,4560.0,30.0,2.5,10.0,100.0,300.0,0.5
2026-04-21,Google Search - Brand,Google Search,142,5,4.4,0,0.0,forecastiq software reviews,forecastiq,broad,0,0.7,0.02,0.28,2.72,0.77,0.49,Mobile,Canada,150.0,4560.0,30.0,2.5,10.0,100.0,300.0,0.5
2026-04-21,Google Search - Brand,Google Search,156,6,10.2,0,0.0,forecastiq login portal,forecastiq,phrase,0,0.7,0.02,0.28,1.21,0.77,0.49,Desktop,United States,150.0,4560.0,30.0,2.5,10.0,100.0,300.0,0.5
2026-04-21,Google Search - NonBrand,Google Search,17353,259,659.02,7,379.11,,,,8,0.659,0.087,0.101,2.36,0.725,0.461,Mobile,Germany,300.0,9120.0,40.0,1.5,15.0,60.0,150.0,0.35
2026-04-21,Google Search - NonBrand,Google Search,2447,163,161.71,26,1557.3,paid ads forecasting tool,forecasting tool,phrase,28,0.659,0.087,0.101,2.45,0.725,0.461,Mobile,Canada,300.0,9120.0,40.0,1.5,15.0,60.0,150.0,0.35
2026-04-21,Google Search - NonBrand,Google Search,1909,59,93.87,11,661.59,marketing forecasting software,forecasting tool,exact,12,0.659,0.087,0.101,2.28,0.725,0.461,Tablet,Germany,300.0,9120.0,40.0,1.5,15.0,60.0,150.0,0.35
2026-04-21,Google Search - NonBrand,Google Search,2408,67,86.93,13,816.77,ppc budget optimization planner,budget optimization,broad,13,0.659,0.087,0.101,2.6,0.725,0.461,Mobile,United States,300.0,9120.0,40.0,1.5,15.0,60.0,150.0,0.35
2026-04-21,Google Search - NonBrand,Google Search,1846,85,18.72,0,0.0,ads forecasting template excel,forecasting tool,broad,0,0.659,0.087,0.101,2.9,0.725,0.461,Mobile,Germany,300.0,9120.0,40.0,1.5,15.0,60.0,150.0,0.35
2026-04-21,Google Search - Competitors,Google Search,1674,54,125.02,2,85.89,,,,2,0.862,0.117,0.193,1.59,0.948,0.603,Mobile,United States,100.0,3040.0,50.0,0.8,20.0,40.0,100.0,0.2
2026-04-21,Google Search - Competitors,Google Search,243,13,36.48,0,0.0,semrush forecasting tool alternative,semrush,phrase,0,0.862,0.117,0.193,2.37,0.948,0.603,Mobile,Germany,100.0,3040.0,50.0,0.8,20.0,40.0,100.0,0.2
2026-04-21,Google Search - Competitors,Google Search,185,5,46.63,0,0.0,ahrefs traffic forecaster,ahrefs,broad,0,0.862,0.117,0.193,1.8,0.948,0.603,Desktop,United Kingdom,100.0,3040.0,50.0,0.8,20.0,40.0,100.0,0.2
2026-04-21,Google Search - Competitors,Google Search,174,4,25.22,0,0.0,spyfu competitor ads budget planner,competitor template,broad,0,0.862,0.117,0.193,1.68,0.948,0.603,Tablet,United Kingdom,100.0,3040.0,50.0,0.8,20.0,40.0,100.0,0.2
2026-04-21,Meta Ads - Prospecting,Meta,3318,79,179.68,5,385.3,,,,6,0.833,0.191,0.139,3.02,0.916,0.583,Tablet,United Kingdom,200.0,6080.0,35.0,1.8,12.0,80.0,200.0,0.4
2026-04-21,Meta Ads - Retargeting,Meta,1520,19,21.94,1,111.42,,,,1,0.4,0.55,0.05,1.38,0.44,0.28,Desktop,United Kingdom,50.0,1520.0,25.0,3.5,8.0,120.0,400.0,0.6
2026-04-21,YouTube - Brand Awareness,YouTube,6660,90,166.65,0,0.0,,,,0,0.592,0.059,0.181,3.22,0.651,0.415,Desktop,United States,150.0,4560.0,60.0,0.5,25.0,30.0,80.0,0.15
2026-04-21,YouTube - Brand Awareness,YouTube,732,21,23.79,0,0.0,free advertising tutorial youtube,marketing tutorial,broad,0,0.592,0.059,0.181,2.12,0.651,0.415,Tablet,United Kingdom,150.0,4560.0,60.0,0.5,25.0,30.0,80.0,0.15
2026-04-21,YouTube - Brand Awareness,YouTube,614,16,15.03,0,0.0,cheap keyword planner software download,keyword planner,broad,0,0.592,0.059,0.181,1.76,0.651,0.415,Mobile,United States,150.0,4560.0,60.0,0.5,25.0,30.0,80.0,0.15
2026-04-21,YouTube - Brand Awareness,YouTube,858,27,27.13,0,0.0,marketing jobs salary definition,jobs,broad,0,0.592,0.059,0.181,2.16,0.651,0.415,Desktop,United Kingdom,150.0,4560.0,60.0,0.5,25.0,30.0,80.0,0.15
2026-04-21,YouTube - Brand Awareness,YouTube,592,36,12.35,0,0.0,how to reset google ads password,support,broad,0,0.592,0.059,0.181,2.18,0.651,0.415,Tablet,Canada,150.0,4560.0,60.0,0.5,25.0,30.0,80.0,0.15
2026-04-22,Google Search - Brand,Google Search,4536,126,225.77,6,586.98,,,,7,0.7,0.02,0.28,2.55,0.77,0.49,Desktop,United Kingdom,150.0,4560.0,30.0,2.5,10.0,100.0,300.0,0.5
2026-04-22,Google Search - Brand,Google Search,674,21,41.1,0,0.0,forecastiq,forecastiq,exact,0,0.7,0.02,0.28,3.53,0.77,0.49,Mobile,United States,150.0,4560.0,30.0,2.5,10.0,100.0,300.0,0.5
2026-04-22,Google Search - Brand,Google Search,436,20,19.6,1,97.51,forecastiq pricing,forecastiq,phrase,1,0.7,0.02,0.28,3.13,0.77,0.49,Desktop,United States,150.0,4560.0,30.0,2.5,10.0,100.0,300.0,0.5
2026-04-22,Google Search - Brand,Google Search,408,12,23.41,1,108.18,forecastiq software reviews,forecastiq,broad,1,0.7,0.02,0.28,3.29,0.77,0.49,Tablet,United States,150.0,4560.0,30.0,2.5,10.0,100.0,300.0,0.5
2026-04-22,Google Search - Brand,Google Search,632,20,24.82,0,0.0,forecastiq login portal,forecastiq,phrase,0,0.7,0.02,0.28,2.3,0.77,0.49,Desktop,Germany,150.0,4560.0,30.0,2.5,10.0,100.0,300.0,0.5
2026-04-22,Google Search - NonBrand,Google Search,39040,488,1179.4,13,773.14,,,,13,0.825,0.192,0.112,2.41,0.908,0.578,Tablet,Germany,300.0,9120.0,40.0,1.5,15.0,60.0,150.0,0.35
2026-04-22,Google Search - NonBrand,Google Search,5622,432,704.32,77,5010.25,paid ads forecasting tool,forecasting tool,phrase,80,0.825,0.192,0.112,2.87,0.908,0.578,Mobile,United Kingdom,300.0,9120.0,40.0,1.5,15.0,60.0,150.0,0.35
2026-04-22,Google Search - NonBrand,Google Search,3989,202,233.05,34,2095.92,marketing forecasting software,forecasting tool,exact,36,0.825,0.192,0.112,1.62,0.908,0.578,Mobile,United Kingdom,300.0,9120.0,40.0,1.5,15.0,60.0,150.0,0.35
2026-04-22,Google Search - NonBrand,Google Search,4281,171,265.86,48,2826.61,ppc budget optimization planner,budget optimization,broad,55,0.825,0.192,0.112,2.95,0.908,0.578,Mobile,United States,300.0,9120.0,40.0,1.5,15.0,60.0,150.0,0.35
2026-04-22,Google Search - NonBrand,Google Search,5681,255,17.4,0,0.0,ads forecasting template excel,forecasting tool,broad,0,0.825,0.192,0.112,1.99,0.908,0.578,Mobile,United States,300.0,9120.0,40.0,1.5,15.0,60.0,150.0,0.35
2026-04-22,Google Search - Competitors,Google Search,1232,88,210.9,4,156.44,,,,4,0.627,0.133,0.068,1.29,0.69,0.439,Mobile,United States,100.0,3040.0,50.0,0.8,20.0,40.0,100.0,0.2
2026-04-22,Google Search - Competitors,Google Search,171,8,36.06,0,0.0,semrush forecasting tool alternative,semrush,phrase,0,0.627,0.133,0.068,1.95,0.69,0.439,Tablet,United Kingdom,100.0,3040.0,50.0,0.8,20.0,40.0,100.0,0.2
2026-04-22,Google Search - Competitors,Google Search,156,3,40.63,0,0.0,ahrefs traffic forecaster,ahrefs,broad,0,0.627,0.133,0.068,1.25,0.69,0.439,Desktop,Canada,100.0,3040.0,50.0,0.8,20.0,40.0,100.0,0.2
2026-04-22,Google Search - Competitors,Google Search,100,2,26.35,0,0.0,spyfu competitor ads budget planner,competitor template,broad,0,0.627,0.133,0.068,1.65,0.69,0.439,Tablet,Germany,100.0,3040.0,50.0,0.8,20.0,40.0,100.0,0.2
2026-04-22,Meta Ads - Prospecting,Meta,4056,78,136.43,4,313.71,,,,4,0.671,0.098,0.062,3.32,0.738,0.47,Tablet,United Kingdom,200.0,6080.0,35.0,1.8,12.0,80.0,200.0,0.4
2026-04-22,Meta Ads - Retargeting,Meta,1113,21,37.23,1,131.05,,,,1,0.4,0.55,0.05,3.27,0.44,0.28,Mobile,United Kingdom,50.0,1520.0,25.0,3.5,8.0,120.0,400.0,0.6
2026-04-22,YouTube - Brand Awareness,YouTube,7314,106,299.57,0,0.0,,,,0,0.859,0.179,0.129,1.2,0.945,0.601,Desktop,Germany,150.0,4560.0,60.0,0.5,25.0,30.0,80.0,0.15
2026-04-22,YouTube - Brand Awareness,YouTube,605,45,23.0,0,0.0,free advertising tutorial youtube,marketing tutorial,broad,0,0.859,0.179,0.129,3.23,0.945,0.601,Mobile,Canada,150.0,4560.0,60.0,0.5,25.0,30.0,80.0,0.15
2026-04-22,YouTube - Brand Awareness,YouTube,770,28,16.95,0,0.0,cheap keyword planner software download,keyword planner,broad,0,0.859,0.179,0.129,2.55,0.945,0.601,Tablet,Canada,150.0,4560.0,60.0,0.5,25.0,30.0,80.0,0.15
2026-04-22,YouTube - Brand Awareness,YouTube,875,41,31.77,0,0.0,marketing jobs salary definition,jobs,broad,0,0.859,0.179,0.129,2.13,0.945,0.601,Mobile,United States,150.0,4560.0,60.0,0.5,25.0,30.0,80.0,0.15
2026-04-22,YouTube - Brand Awareness,YouTube,611,26,13.17,0,0.0,how to reset google ads password,support,broad,0,0.859,0.179,0.129,1.79,0.945,0.601,Desktop,Canada,150.0,4560.0,60.0,0.5,25.0,30.0,80.0,0.15
2026-04-23,Google Search - Brand,Google Search,1216,64,78.13,3,274.43,,,,3,0.7,0.02,0.28,1.95,0.77,0.49,Mobile,United States,150.0,4560.0,30.0,2.5,10.0,100.0,300.0,0.5
2026-04-23,Google Search - Brand,Google Search,137,4,5.11,0,0.0,forecastiq,forecastiq,exact,0,0.7,0.02,0.28,2.16,0.77,0.49,Desktop,Germany,150.0,4560.0,30.0,2.5,10.0,100.0,300.0,0.5
2026-04-23,Google Search - Brand,Google Search,120,9,14.83,0,0.0,forecastiq pricing,forecastiq,phrase,0,0.7,0.02,0.28,1.61,0.77,0.49,Mobile,Germany,150.0,4560.0,30.0,2.5,10.0,100.0,300.0,0.5
2026-04-23,Google Search - Brand,Google Search,134,4,3.23,0,0.0,forecastiq software reviews,forecastiq,broad,0,0.7,0.02,0.28,3.06,0.77,0.49,Desktop,United States,150.0,4560.0,30.0,2.5,10.0,100.0,300.0,0.5
2026-04-23,Google Search - Brand,Google Search,167,6,9.51,0,0.0,forecastiq login portal,forecastiq,phrase,0,0.7,0.02,0.28,1.27,0.77,0.49,Desktop,Canada,150.0,4560.0,30.0,2.5,10.0,100.0,300.0,0.5
2026-04-23,Google Search - NonBrand,Google Search,18585,315,449.23,6,376.71,,,,7,0.615,0.073,0.196,1.52,0.677,0.431,Mobile,United Kingdom,300.0,9120.0,40.0,1.5,15.0,60.0,150.0,0.35
2026-04-23,Google Search - NonBrand,Google Search,2259,46,48.29,6,325.81,paid ads forecasting tool,forecasting tool,phrase,6,0.615,0.073,0.196,3.69,0.677,0.431,Tablet,Canada,300.0,9120.0,40.0,1.5,15.0,60.0,150.0,0.35
2026-04-23,Google Search - NonBrand,Google Search,2502,88,83.45,14,787.92,marketing forecasting software,forecasting tool,exact,15,0.615,0.073,0.196,2.2,0.677,0.431,Desktop,United Kingdom,300.0,9120.0,40.0,1.5,15.0,60.0,150.0,0.35
2026-04-23,Google Search - NonBrand,Google Search,2645,142,130.58,33,1803.89,ppc budget optimization planner,budget optimization,broad,35,0.615,0.073,0.196,2.75,0.677,0.431,Mobile,Canada,300.0,9120.0,40.0,1.5,15.0,60.0,150.0,0.35
2026-04-23,Google Search - NonBrand,Google Search,2160,114,18.21,0,0.0,ads forecasting template excel,forecasting tool,broad,0,0.615,0.073,0.196,3.7,0.677,0.431,Desktop,Germany,300.0,9120.0,40.0,1.5,15.0,60.0,150.0,0.35
2026-04-23,Google Search - Competitors,Google Search,2077,31,89.6,1,40.2,,,,1,0.679,0.079,0.118,1.15,0.746,0.475,Tablet,United Kingdom,100.0,3040.0,50.0,0.8,20.0,40.0,100.0,0.2
2026-04-23,Google Search - Competitors,Google Search,234,11,33.36,0,0.0,semrush forecasting tool alternative,semrush,phrase,0,0.679,0.079,0.118,3.55,0.746,0.475,Mobile,United States,100.0,3040.0,50.0,0.8,20.0,40.0,100.0,0.2
2026-04-23,Google Search - Competitors,Google Search,269,19,48.88,0,0.0,ahrefs traffic forecaster,ahrefs,broad,0,0.679,0.079,0.118,1.42,0.746,0.475,Tablet,United Kingdom,100.0,3040.0,50.0,0.8,20.0,40.0,100.0,0.2
2026-04-23,Google Search - Competitors,Google Search,272,7,23.48,0,0.0,spyfu competitor ads budget planner,competitor template,broad,0,0.679,0.079,0.118,1.66,0.746,0.475,Desktop,Germany,100.0,3040.0,50.0,0.8,20.0,40.0,100.0,0.2
2026-04-23,Meta Ads - Prospecting,Meta,5880,168,268.69,6,501.1,,,,6,0.897,0.209,0.06,1.42,0.986,0.628,Mobile,Canada,200.0,6080.0,35.0,1.8,12.0,80.0,200.0,0.4
2026-04-23,Meta Ads - Retargeting,Meta,874,19,49.98,2,236.17,,,,2,0.4,0.55,0.05,1.15,0.44,0.28,Desktop,Canada,50.0,1520.0,25.0,3.5,8.0,120.0,400.0,0.6
2026-04-23,YouTube - Brand Awareness,YouTube,8850,118,241.51,0,0.0,,,,0,0.87,0.072,0.078,2.91,0.957,0.609,Mobile,Canada,150.0,4560.0,60.0,0.5,25.0,30.0,80.0,0.15
2026-04-23,YouTube - Brand Awareness,YouTube,1225,35,22.08,0,0.0,free advertising tutorial youtube,marketing tutorial,broad,0,0.87,0.072,0.078,1.69,0.957,0.609,Mobile,Germany,150.0,4560.0,60.0,0.5,25.0,30.0,80.0,0.15
2026-04-23,YouTube - Brand Awareness,YouTube,765,26,16.51,0,0.0,cheap keyword planner software download,keyword planner,broad,0,0.87,0.072,0.078,1.76,0.957,0.609,Mobile,Canada,150.0,4560.0,60.0,0.5,25.0,30.0,80.0,0.15
2026-04-23,YouTube - Brand Awareness,YouTube,1065,82,32.2,0,0.0,marketing jobs salary definition,jobs,broad,0,0.87,0.072,0.078,2.15,0.957,0.609,Mobile,United Kingdom,150.0,4560.0,60.0,0.5,25.0,30.0,80.0,0.15
2026-04-23,YouTube - Brand Awareness,YouTube,982,22,10.83,0,0.0,how to reset google ads password,support,broad,0,0.87,0.072,0.078,3.33,0.957,0.609,Tablet,Germany,150.0,4560.0,60.0,0.5,25.0,30.0,80.0,0.15
2026-04-24,Google Search - Brand,Google Search,3498,53,115.31,3,290.94,,,,3,0.7,0.02,0.28,2.42,0.77,0.49,Mobile,United States,150.0,4560.0,30.0,2.5,10.0,100.0,300.0,0.5
2026-04-24,Google Search - Brand,Google Search,437,33,55.58,1,101.4,forecastiq,forecastiq,exact,1,0.7,0.02,0.28,2.8,0.77,0.49,Tablet,Germany,150.0,4560.0,30.0,2.5,10.0,100.0,300.0,0.5
2026-04-24,Google Search - Brand,Google Search,347,27,41.7,1,102.47,forecastiq pricing,forecastiq,phrase,1,0.7,0.02,0.28,1.23,0.77,0.49,Desktop,United Kingdom,150.0,4560.0,30.0,2.5,10.0,100.0,300.0,0.5
2026-04-24,Google Search - Brand,Google Search,281,15,15.14,2,185.66,forecastiq software reviews,forecastiq,broad,2,0.7,0.02,0.28,2.56,0.77,0.49,Mobile,Germany,150.0,4560.0,30.0,2.5,10.0,100.0,300.0,0.5
2026-04-24,Google Search - Brand,Google Search,346,16,13.96,0,0.0,forecastiq login portal,forecastiq,phrase,0,0.7,0.02,0.28,1.45,0.77,0.49,Mobile,United States,150.0,4560.0,30.0,2.5,10.0,100.0,300.0,0.5
2026-04-24,Google Search - NonBrand,Google Search,14328,199,483.49,6,341.13,,,,7,0.791,0.052,0.185,2.49,0.87,0.553,Tablet,Canada,300.0,9120.0,40.0,1.5,15.0,60.0,150.0,0.35
2026-04-24,Google Search - NonBrand,Google Search,1902,78,107.56,9,513.95,paid ads forecasting tool,forecasting tool,phrase,10,0.791,0.052,0.185,2.4,0.87,0.553,Tablet,United Kingdom,300.0,9120.0,40.0,1.5,15.0,60.0,150.0,0.35
2026-04-24,Google Search - NonBrand,Google Search,1807,55,68.65,10,552.4,marketing forecasting software,forecasting tool,exact,11,0.791,0.052,0.185,1.78,0.87,0.553,Mobile,Canada,300.0,9120.0,40.0,1.5,15.0,60.0,150.0,0.35
2026-04-24,Google Search - NonBrand,Google Search,1603,53,76.1,13,715.43,ppc budget optimization planner,budget optimization,broad,14,0.791,0.052,0.185,2.53,0.87,0.553,Tablet,Germany,300.0,9120.0,40.0,1.5,15.0,60.0,150.0,0.35
2026-04-24,Google Search - NonBrand,Google Search,1287,88,18.68,0,0.0,ads forecasting template excel,forecasting tool,broad,0,0.791,0.052,0.185,2.09,0.87,0.553,Tablet,United Kingdom,300.0,9120.0,40.0,1.5,15.0,60.0,150.0,0.35
2026-04-24,Google Search - Competitors,Google Search,816,48,126.76,2,73.05,,,,2,0.689,0.179,0.119,3.05,0.758,0.482,Mobile,United Kingdom,100.0,3040.0,50.0,0.8,20.0,40.0,100.0,0.2
2026-04-24,Google Search - Competitors,Google Search,116,2,34.6,0,0.0,semrush forecasting tool alternative,semrush,phrase,0,0.689,0.179,0.119,3.71,0.758,0.482,Tablet,Germany,100.0,3040.0,50.0,0.8,20.0,40.0,100.0,0.2
2026-04-24,Google Search - Competitors,Google Search,73,2,41.49,0,0.0,ahrefs traffic forecaster,ahrefs,broad,0,0.689,0.179,0.119,3.66,0.758,0.482,Tablet,United Kingdom,100.0,3040.0,50.0,0.8,20.0,40.0,100.0,0.2
2026-04-24,Google Search - Competitors,Google Search,120,8,26.17,0,0.0,spyfu competitor ads budget planner,competitor template,broad,0,0.689,0.179,0.119,1.56,0.758,0.482,Mobile,Germany,100.0,3040.0,50.0,0.8,20.0,40.0,100.0,0.2
2026-04-24,Meta Ads - Prospecting,Meta,6666,101,159.09,4,301.07,,,,4,0.584,0.154,0.075,3.04,0.643,0.409,Tablet,Canada,200.0,6080.0,35.0,1.8,12.0,80.0,200.0,0.4
2026-04-24,Meta Ads - Retargeting,Meta,209,19,31.79,1,131.25,,,,1,0.4,0.55,0.05,2.55,0.44,0.28,Desktop,Germany,50.0,1520.0,25.0,3.5,8.0,120.0,400.0,0.6
2026-04-24,YouTube - Brand Awareness,YouTube,744,62,84.16,0,0.0,,,,0,0.897,0.054,0.096,2.98,0.987,0.628,Tablet,Germany,150.0,4560.0,60.0,0.5,25.0,30.0,80.0,0.15
2026-04-24,YouTube - Brand Awareness,YouTube,99,2,21.11,0,0.0,free advertising tutorial youtube,marketing tutorial,broad,0,0.897,0.054,0.096,1.33,0.987,0.628,Mobile,United States,150.0,4560.0,60.0,0.5,25.0,30.0,80.0,0.15
2026-04-24,YouTube - Brand Awareness,YouTube,71,3,14.58,0,0.0,cheap keyword planner software download,keyword planner,broad,0,0.897,0.054,0.096,2.43,0.987,0.628,Desktop,United Kingdom,150.0,4560.0,60.0,0.5,25.0,30.0,80.0,0.15
2026-04-24,YouTube - Brand Awareness,YouTube,76,5,29.81,0,0.0,marketing jobs salary definition,jobs,broad,0,0.897,0.054,0.096,2.58,0.987,0.628,Mobile,United States,150.0,4560.0,60.0,0.5,25.0,30.0,80.0,0.15
2026-04-24,YouTube - Brand Awareness,YouTube,86,6,12.08,0,0.0,how to reset google ads password,support,broad,0,0.897,0.054,0.096,2.21,0.987,0.628,Desktop,Germany,150.0,4560.0,60.0,0.5,25.0,30.0,80.0,0.15
2026-04-25,Google Search - Brand,Google Search,1890,35,49.48,1,100.1,,,,1,0.7,0.02,0.28,2.24,0.77,0.49,Mobile,United Kingdom,150.0,4560.0,30.0,2.5,10.0,100.0,300.0,0.5
2026-04-25,Google Search - Brand,Google Search,239,8,14.31,0,0.0,forecastiq,forecastiq,exact,0,0.7,0.02,0.28,3.08,0.77,0.49,Desktop,United States,150.0,4560.0,30.0,2.5,10.0,100.0,300.0,0.5
2026-04-25,Google Search - Brand,Google Search,240,5,8.46,0,0.0,forecastiq pricing,forecastiq,phrase,0,0.7,0.02,0.28,1.24,0.77,0.49,Mobile,Canada,150.0,4560.0,30.0,2.5,10.0,100.0,300.0,0.5
2026-04-25,Google Search - Brand,Google Search,158,11,18.99,1,104.55,forecastiq software reviews,forecastiq,broad,1,0.7,0.02,0.28,1.76,0.77,0.49,Desktop,United Kingdom,150.0,4560.0,30.0,2.5,10.0,100.0,300.0,0.5
2026-04-25,Google Search - Brand,Google Search,176,11,9.5,0,0.0,forecastiq login portal,forecastiq,phrase,0,0.7,0.02,0.28,3.51,0.77,0.49,Mobile,United States,150.0,4560.0,30.0,2.5,10.0,100.0,300.0,0.5
2026-04-25,Google Search - NonBrand,Google Search,7280,130,273.32,2,125.8,,,,2,0.668,0.202,0.134,2.58,0.735,0.468,Mobile,United Kingdom,300.0,9120.0,40.0,1.5,15.0,60.0,150.0,0.35
2026-04-25,Google Search - NonBrand,Google Search,786,47,93.01,8,466.08,paid ads forecasting tool,forecasting tool,phrase,8,0.668,0.202,0.134,2.88,0.735,0.468,Desktop,Canada,300.0,9120.0,40.0,1.5,15.0,60.0,150.0,0.35
2026-04-25,Google Search - NonBrand,Google Search,919,44,50.88,9,510.09,marketing forecasting software,forecasting tool,exact,9,0.668,0.202,0.134,3.26,0.735,0.468,Desktop,Germany,300.0,9120.0,40.0,1.5,15.0,60.0,150.0,0.35
2026-04-25,Google Search - NonBrand,Google Search,1004,28,26.54,6,348.94,ppc budget optimization planner,budget optimization,broad,6,0.668,0.202,0.134,2.58,0.735,0.468,Mobile,United Kingdom,300.0,9120.0,40.0,1.5,15.0,60.0,150.0,0.35
2026-04-25,Google Search - NonBrand,Google Search,598,40,18.43,0,0.0,ads forecasting template excel,forecasting tool,broad,0,0.668,0.202,0.134,2.43,0.735,0.468,Mobile,Canada,300.0,9120.0,40.0,1.5,15.0,60.0,150.0,0.35
2026-04-25,Google Search - Competitors,Google Search,1584,44,54.72,1,42.71,,,,1,0.695,0.198,0.11,3.36,0.765,0.487,Tablet,United States,100.0,3040.0,50.0,0.8,20.0,40.0,100.0,0.2
2026-04-25,Google Search - Competitors,Google Search,149,10,38.19,0,0.0,semrush forecasting tool alternative,semrush,phrase,0,0.695,0.198,0.11,3.69,0.765,0.487,Tablet,United Kingdom,100.0,3040.0,50.0,0.8,20.0,40.0,100.0,0.2
2026-04-25,Google Search - Competitors,Google Search,134,7,46.89,0,0.0,ahrefs traffic forecaster,ahrefs,broad,0,0.695,0.198,0.11,2.54,0.765,0.487,Mobile,Germany,100.0,3040.0,50.0,0.8,20.0,40.0,100.0,0.2
2026-04-25,Google Search - Competitors,Google Search,233,18,24.95,0,0.0,spyfu competitor ads budget planner,competitor template,broad,0,0.695,0.198,0.11,2.84,0.765,0.487,Desktop,United Kingdom,100.0,3040.0,50.0,0.8,20.0,40.0,100.0,0.2
2026-04-25,Meta Ads - Prospecting,Meta,6300,100,184.76,4,290.43,,,,4,0.761,0.169,0.153,1.94,0.837,0.533,Mobile,United States,200.0,6080.0,35.0,1.8,12.0,80.0,200.0,0.4
2026-04-25,Meta Ads - Retargeting,Meta,720,16,45.78,2,221.86,,,,2,0.4,0.55,0.05,2.3,0.44,0.28,Mobile,Canada,50.0,1520.0,25.0,3.5,8.0,120.0,400.0,0.6
2026-04-25,YouTube - Brand Awareness,YouTube,2360,59,64.16,0,0.0,,,,0,0.562,0.074,0.169,2.43,0.618,0.394,Mobile,Canada,150.0,4560.0,60.0,0.5,25.0,30.0,80.0,0.15
2026-04-25,YouTube - Brand Awareness,YouTube,253,10,23.81,0,0.0,free advertising tutorial youtube,marketing tutorial,broad,0,0.562,0.074,0.169,2.43,0.618,0.394,Desktop,Canada,150.0,4560.0,60.0,0.5,25.0,30.0,80.0,0.15
2026-04-25,YouTube - Brand Awareness,YouTube,321,16,14.65,0,0.0,cheap keyword planner software download,keyword planner,broad,0,0.562,0.074,0.169,3.28,0.618,0.394,Desktop,Germany,150.0,4560.0,60.0,0.5,25.0,30.0,80.0,0.15
2026-04-25,YouTube - Brand Awareness,YouTube,215,9,28.05,0,0.0,marketing jobs salary definition,jobs,broad,0,0.562,0.074,0.169,2.3,0.618,0.394,Tablet,Germany,150.0,4560.0,60.0,0.5,25.0,30.0,80.0,0.15
2026-04-25,YouTube - Brand Awareness,YouTube,321,18,12.92,0,0.0,how to reset google ads password,support,broad,0,0.562,0.074,0.169,1.66,0.618,0.394,Mobile,United States,150.0,4560.0,60.0,0.5,25.0,30.0,80.0,0.15
2026-04-26,Google Search - Brand,Google Search,3280,41,42.3,1,103.34,,,,1,0.7,0.02,0.28,3.02,0.77,0.49,Tablet,United States,150.0,4560.0,30.0,2.5,10.0,100.0,300.0,0.5
2026-04-26,Google Search - Brand,Google Search,491,15,23.49,0,0.0,forecastiq,forecastiq,exact,0,0.7,0.02,0.28,1.56,0.77,0.49,Desktop,Canada,150.0,4560.0,30.0,2.5,10.0,100.0,300.0,0.5
2026-04-26,Google Search - Brand,Google Search,347,15,28.62,1,105.15,forecastiq pricing,forecastiq,phrase,1,0.7,0.02,0.28,3.19,0.77,0.49,Mobile,Canada,150.0,4560.0,30.0,2.5,10.0,100.0,300.0,0.5
2026-04-26,Google Search - Brand,Google Search,480,19,19.41,2,217.17,forecastiq software reviews,forecastiq,broad,2,0.7,0.02,0.28,2.02,0.77,0.49,Desktop,United States,150.0,4560.0,30.0,2.5,10.0,100.0,300.0,0.5
2026-04-26,Google Search - Brand,Google Search,363,17,17.93,0,0.0,forecastiq login portal,forecastiq,phrase,0,0.7,0.02,0.28,2.78,0.77,0.49,Mobile,Canada,150.0,4560.0,30.0,2.5,10.0,100.0,300.0,0.5
2026-04-26,Google Search - NonBrand,Google Search,12376,238,633.9,7,379.57,,,,7,0.873,0.194,0.072,2.95,0.96,0.611,Mobile,Germany,300.0,9120.0,40.0,1.5,15.0,60.0,150.0,0.35
2026-04-26,Google Search - NonBrand,Google Search,1631,60,72.25,8,495.83,paid ads forecasting tool,forecasting tool,phrase,8,0.873,0.194,0.072,1.86,0.96,0.611,Mobile,United Kingdom,300.0,9120.0,40.0,1.5,15.0,60.0,150.0,0.35
2026-04-26,Google Search - NonBrand,Google Search,1747,130,180.53,25,1482.85,marketing forecasting software,forecasting tool,exact,27,0.873,0.194,0.072,2.19,0.96,0.611,Tablet,Canada,300.0,9120.0,40.0,1.5,15.0,60.0,150.0,0.35
2026-04-26,Google Search - NonBrand,Google Search,996,76,72.01,22,1201.06,ppc budget optimization planner,budget optimization,broad,24,0.873,0.194,0.072,2.19,0.96,0.611,Mobile,Canada,300.0,9120.0,40.0,1.5,15.0,60.0,150.0,0.35
2026-04-26,Google Search - NonBrand,Google Search,1117,40,18.05,0,0.0,ads forecasting template excel,forecasting tool,broad,0,0.873,0.194,0.072,3.22,0.96,0.611,Tablet,United States,300.0,9120.0,40.0,1.5,15.0,60.0,150.0,0.35
2026-04-26,Google Search - Competitors,Google Search,1353,33,41.94,0,0.0,,,,0,0.867,0.165,0.108,1.33,0.954,0.607,Desktop,United States,100.0,3040.0,50.0,0.8,20.0,40.0,100.0,0.2
2026-04-26,Google Search - Competitors,Google Search,163,4,38.19,0,0.0,semrush forecasting tool alternative,semrush,phrase,0,0.867,0.165,0.108,2.83,0.954,0.607,Mobile,Germany,100.0,3040.0,50.0,0.8,20.0,40.0,100.0,0.2
2026-04-26,Google Search - Competitors,Google Search,137,9,48.97,0,0.0,ahrefs traffic forecaster,ahrefs,broad,0,0.867,0.165,0.108,1.25,0.954,0.607,Tablet,United Kingdom,100.0,3040.0,50.0,0.8,20.0,40.0,100.0,0.2
2026-04-26,Google Search - Competitors,Google Search,110,6,26.56,0,0.0,spyfu competitor ads budget planner,competitor template,broad,0,0.867,0.165,0.108,3.5,0.954,0.607,Desktop,Germany,100.0,3040.0,50.0,0.8,20.0,40.0,100.0,0.2
2026-04-26,Meta Ads - Prospecting,Meta,1716,66,178.83,6,461.51,,,,6,0.556,0.169,0.123,2.14,0.612,0.389,Mobile,Germany,200.0,6080.0,35.0,1.8,12.0,80.0,200.0,0.4
2026-04-26,Meta Ads - Retargeting,Meta,676,13,29.21,1,121.86,,,,1,0.4,0.55,0.05,1.53,0.44,0.28,Tablet,United States,50.0,1520.0,25.0,3.5,8.0,120.0,400.0,0.6
2026-04-26,YouTube - Brand Awareness,YouTube,5236,77,145.29,0,0.0,,,,0,0.752,0.204,0.132,2.33,0.827,0.526,Mobile,Canada,150.0,4560.0,60.0,0.5,25.0,30.0,80.0,0.15
2026-04-26,YouTube - Brand Awareness,YouTube,527,38,21.88,0,0.0,free advertising tutorial youtube,marketing tutorial,broad,0,0.752,0.204,0.132,2.78,0.827,0.526,Tablet,United States,150.0,4560.0,60.0,0.5,25.0,30.0,80.0,0.15
2026-04-26,YouTube - Brand Awareness,YouTube,571,41,14.93,0,0.0,cheap keyword planner software download,keyword planner,broad,0,0.752,0.204,0.132,2.83,0.827,0.526,Tablet,Germany,150.0,4560.0,60.0,0.5,25.0,30.0,80.0,0.15
2026-04-26,YouTube - Brand Awareness,YouTube,518,13,27.09,0,0.0,marketing jobs salary definition,jobs,broad,0,0.752,0.204,0.132,2.38,0.827,0.526,Mobile,United Kingdom,150.0,4560.0,60.0,0.5,25.0,30.0,80.0,0.15
2026-04-26,YouTube - Brand Awareness,YouTube,648,32,10.97,0,0.0,how to reset google ads password,support,broad,0,0.752,0.204,0.132,2.45,0.827,0.526,Tablet,Germany,150.0,4560.0,60.0,0.5,25.0,30.0,80.0,0.15
2026-04-27,Google Search - Brand,Google Search,1325,53,109.64,3,308.11,,,,3,0.7,0.02,0.28,1.88,0.77,0.49,Desktop,Germany,150.0,4560.0,30.0,2.5,10.0,100.0,300.0,0.5
2026-04-27,Google Search - Brand,Google Search,141,9,12.19,0,0.0,forecastiq,forecastiq,exact,0,0.7,0.02,0.28,1.61,0.77,0.49,Desktop,Germany,150.0,4560.0,30.0,2.5,10.0,100.0,300.0,0.5
2026-04-27,Google Search - Brand,Google Search,188,11,10.76,1,106.71,forecastiq pricing,forecastiq,phrase,1,0.7,0.02,0.28,3.66,0.77,0.49,Mobile,United States,150.0,4560.0,30.0,2.5,10.0,100.0,300.0,0.5
2026-04-27,Google Search - Brand,Google Search,109,6,8.89,0,0.0,forecastiq software reviews,forecastiq,broad,0,0.7,0.02,0.28,1.27,0.77,0.49,Desktop,Canada,150.0,4560.0,30.0,2.5,10.0,100.0,300.0,0.5
2026-04-27,Google Search - Brand,Google Search,136,6,6.63,0,0.0,forecastiq login portal,forecastiq,phrase,0,0.7,0.02,0.28,2.46,0.77,0.49,Tablet,United States,150.0,4560.0,30.0,2.5,10.0,100.0,300.0,0.5
2026-04-27,Google Search - NonBrand,Google Search,10340,220,464.61,6,349.59,,,,7,0.558,0.193,0.144,1.99,0.614,0.391,Mobile,Germany,300.0,9120.0,40.0,1.5,15.0,60.0,150.0,0.35
2026-04-27,Google Search - NonBrand,Google Search,922,28,35.23,3,173.16,paid ads forecasting tool,forecasting tool,phrase,3,0.558,0.193,0.144,3.38,0.614,0.391,Mobile,United States,300.0,9120.0,40.0,1.5,15.0,60.0,150.0,0.35
2026-04-27,Google Search - NonBrand,Google Search,1170,76,72.36,17,1060.24,marketing forecasting software,forecasting tool,exact,18,0.558,0.193,0.144,3.49,0.614,0.391,Desktop,United Kingdom,300.0,9120.0,40.0,1.5,15.0,60.0,150.0,0.35
2026-04-27,Google Search - NonBrand,Google Search,1271,36,38.45,9,495.36,ppc budget optimization planner,budget optimization,broad,10,0.558,0.193,0.144,2.94,0.614,0.391,Desktop,United States,300.0,9120.0,40.0,1.5,15.0,60.0,150.0,0.35
2026-04-27,Google Search - NonBrand,Google Search,1198,57,19.88,0,0.0,ads forecasting template excel,forecasting tool,broad,0,0.558,0.193,0.144,2.96,0.614,0.391,Desktop,United States,300.0,9120.0,40.0,1.5,15.0,60.0,150.0,0.35
2026-04-27,Google Search - Competitors,Google Search,3420,57,103.06,2,83.9,,,,2,0.717,0.185,0.084,1.83,0.789,0.502,Tablet,Germany,100.0,3040.0,50.0,0.8,20.0,40.0,100.0,0.2
2026-04-27,Google Search - Competitors,Google Search,281,22,36.08,0,0.0,semrush forecasting tool alternative,semrush,phrase,0,0.717,0.185,0.084,1.55,0.789,0.502,Desktop,United States,100.0,3040.0,50.0,0.8,20.0,40.0,100.0,0.2
2026-04-27,Google Search - Competitors,Google Search,398,29,41.44,0,0.0,ahrefs traffic forecaster,ahrefs,broad,0,0.717,0.185,0.084,1.93,0.789,0.502,Mobile,Canada,100.0,3040.0,50.0,0.8,20.0,40.0,100.0,0.2
2026-04-27,Google Search - Competitors,Google Search,478,19,23.44,0,0.0,spyfu competitor ads budget planner,competitor template,broad,0,0.717,0.185,0.084,2.63,0.789,0.502,Tablet,United States,100.0,3040.0,50.0,0.8,20.0,40.0,100.0,0.2
2026-04-27,Meta Ads - Prospecting,Meta,2328,97,158.76,4,311.99,,,,4,0.698,0.192,0.177,2.04,0.768,0.489,Tablet,Canada,200.0,6080.0,35.0,1.8,12.0,80.0,200.0,0.4
2026-04-27,Meta Ads - Retargeting,Meta,1632,34,50.56,1,116.42,,,,1,0.4,0.55,0.05,1.53,0.44,0.28,Tablet,United Kingdom,50.0,1520.0,25.0,3.5,8.0,120.0,400.0,0.6
2026-04-27,YouTube - Brand Awareness,YouTube,1920,64,70.05,0,0.0,,,,0,0.749,0.055,0.123,1.47,0.823,0.524,Desktop,Germany,150.0,4560.0,60.0,0.5,25.0,30.0,80.0,0.15
2026-04-27,YouTube - Brand Awareness,YouTube,263,9,19.82,0,0.0,free advertising tutorial youtube,marketing tutorial,broad,0,0.749,0.055,0.123,1.75,0.823,0.524,Desktop,United States,150.0,4560.0,60.0,0.5,25.0,30.0,80.0,0.15
2026-04-27,YouTube - Brand Awareness,YouTube,191,7,16.07,0,0.0,cheap keyword planner software download,keyword planner,broad,0,0.749,0.055,0.123,2.91,0.823,0.524,Mobile,United States,150.0,4560.0,60.0,0.5,25.0,30.0,80.0,0.15
2026-04-27,YouTube - Brand Awareness,YouTube,228,16,29.62,0,0.0,marketing jobs salary definition,jobs,broad,0,0.749,0.055,0.123,2.35,0.823,0.524,Tablet,Canada,150.0,4560.0,60.0,0.5,25.0,30.0,80.0,0.15
2026-04-27,YouTube - Brand Awareness,YouTube,273,9,12.55,0,0.0,how to reset google ads password,support,broad,0,0.749,0.055,0.123,1.51,0.823,0.524,Desktop,United States,150.0,4560.0,60.0,0.5,25.0,30.0,80.0,0.15
2026-04-28,Google Search - Brand,Google Search,3180,60,73.17,2,184.23,,,,2,0.7,0.02,0.28,2.53,0.77,0.49,Tablet,United States,150.0,4560.0,30.0,2.5,10.0,100.0,300.0,0.5
2026-04-28,Google Search - Brand,Google Search,405,21,25.06,0,0.0,forecastiq,forecastiq,exact,0,0.7,0.02,0.28,3.42,0.77,0.49,Mobile,Canada,150.0,4560.0,30.0,2.5,10.0,100.0,300.0,0.5
2026-04-28,Google Search - Brand,Google Search,393,18,27.86,1,107.99,forecastiq pricing,forecastiq,phrase,1,0.7,0.02,0.28,1.51,0.77,0.49,Mobile,Germany,150.0,4560.0,30.0,2.5,10.0,100.0,300.0,0.5
2026-04-28,Google Search - Brand,Google Search,258,18,16.76,2,199.98,forecastiq software reviews,forecastiq,broad,2,0.7,0.02,0.28,3.58,0.77,0.49,Desktop,Germany,150.0,4560.0,30.0,2.5,10.0,100.0,300.0,0.5
2026-04-28,Google Search - Brand,Google Search,382,20,22.86,0,0.0,forecastiq login portal,forecastiq,phrase,0,0.7,0.02,0.28,3.02,0.77,0.49,Mobile,United States,150.0,4560.0,30.0,2.5,10.0,100.0,300.0,0.5
2026-04-28,Google Search - NonBrand,Google Search,5084,164,178.13,2,113.65,,,,2,0.634,0.072,0.138,2.59,0.698,0.444,Mobile,United States,300.0,9120.0,40.0,1.5,15.0,60.0,150.0,0.35
2026-04-28,Google Search - NonBrand,Google Search,727,39,41.78,5,282.92,paid ads forecasting tool,forecasting tool,phrase,5,0.634,0.072,0.138,3.64,0.698,0.444,Desktop,Germany,300.0,9120.0,40.0,1.5,15.0,60.0,150.0,0.35
2026-04-28,Google Search - NonBrand,Google Search,496,31,42.36,7,426.29,marketing forecasting software,forecasting tool,exact,7,0.634,0.072,0.138,2.96,0.698,0.444,Mobile,United States,300.0,9120.0,40.0,1.5,15.0,60.0,150.0,0.35
2026-04-28,Google Search - NonBrand,Google Search,707,35,56.87,8,441.9,ppc budget optimization planner,budget optimization,broad,8,0.634,0.072,0.138,2.75,0.698,0.444,Desktop,Canada,300.0,9120.0,40.0,1.5,15.0,60.0,150.0,0.35
2026-04-28,Google Search - NonBrand,Google Search,461,10,18.24,0,0.0,ads forecasting template excel,forecasting tool,broad,0,0.634,0.072,0.138,2.71,0.698,0.444,Tablet,United States,300.0,9120.0,40.0,1.5,15.0,60.0,150.0,0.35
2026-04-28,Google Search - Competitors,Google Search,1840,46,66.01,1,36.09,,,,1,0.767,0.065,0.173,1.4,0.844,0.537,Tablet,United Kingdom,100.0,3040.0,50.0,0.8,20.0,40.0,100.0,0.2
2026-04-28,Google Search - Competitors,Google Search,263,6,36.83,0,0.0,semrush forecasting tool alternative,semrush,phrase,0,0.767,0.065,0.173,2.51,0.844,0.537,Desktop,Canada,100.0,3040.0,50.0,0.8,20.0,40.0,100.0,0.2
2026-04-28,Google Search - Competitors,Google Search,245,7,44.93,0,0.0,ahrefs traffic forecaster,ahrefs,broad,0,0.767,0.065,0.173,1.85,0.844,0.537,Desktop,Canada,100.0,3040.0,50.0,0.8,20.0,40.0,100.0,0.2
2026-04-28,Google Search - Competitors,Google Search,167,9,22.52,0,0.0,spyfu competitor ads budget planner,competitor template,broad,0,0.767,0.065,0.173,2.88,0.844,0.537,Desktop,Germany,100.0,3040.0,50.0,0.8,20.0,40.0,100.0,0.2
2026-04-28,Meta Ads - Prospecting,Meta,2461,107,282.1,7,585.2,,,,8,0.782,0.188,0.189,2.28,0.861,0.548,Mobile,United States,200.0,6080.0,35.0,1.8,12.0,80.0,200.0,0.4
2026-04-28,Meta Ads - Retargeting,Meta,1540,20,30.18,1,129.19,,,,1,0.4,0.55,0.05,2.7,0.44,0.28,Desktop,United Kingdom,50.0,1520.0,25.0,3.5,8.0,120.0,400.0,0.6
2026-04-28,YouTube - Brand Awareness,YouTube,2520,90,112.53,0,0.0,,,,0,0.814,0.106,0.084,2.48,0.896,0.57,Desktop,United Kingdom,150.0,4560.0,60.0,0.5,25.0,30.0,80.0,0.15
2026-04-28,YouTube - Brand Awareness,YouTube,233,5,23.53,0,0.0,free advertising tutorial youtube,marketing tutorial,broad,0,0.814,0.106,0.084,3.04,0.896,0.57,Desktop,United Kingdom,150.0,4560.0,60.0,0.5,25.0,30.0,80.0,0.15
2026-04-28,YouTube - Brand Awareness,YouTube,237,18,15.85,0,0.0,cheap keyword planner software download,keyword planner,broad,0,0.814,0.106,0.084,3.19,0.896,0.57,Tablet,Canada,150.0,4560.0,60.0,0.5,25.0,30.0,80.0,0.15
2026-04-28,YouTube - Brand Awareness,YouTube,205,15,31.98,0,0.0,marketing jobs salary definition,jobs,broad,0,0.814,0.106,0.084,3.31,0.896,0.57,Mobile,United States,150.0,4560.0,60.0,0.5,25.0,30.0,80.0,0.15
2026-04-28,YouTube - Brand Awareness,YouTube,359,24,10.8,0,0.0,how to reset google ads password,support,broad,0,0.814,0.106,0.084,3.74,0.896,0.57,Tablet,Canada,150.0,4560.0,60.0,0.5,25.0,30.0,80.0,0.15
2026-04-29,Google Search - Brand,Google Search,3900,60,112.67,3,329.27,,,,3,0.7,0.02,0.28,1.33,0.77,0.49,Mobile,United States,150.0,4560.0,30.0,2.5,10.0,100.0,300.0,0.5
2026-04-29,Google Search - Brand,Google Search,569,16,29.87,0,0.0,forecastiq,forecastiq,exact,0,0.7,0.02,0.28,2.51,0.77,0.49,Mobile,Germany,150.0,4560.0,30.0,2.5,10.0,100.0,300.0,0.5
2026-04-29,Google Search - Brand,Google Search,517,34,42.41,2,217.96,forecastiq pricing,forecastiq,phrase,2,0.7,0.02,0.28,1.76,0.77,0.49,Mobile,Germany,150.0,4560.0,30.0,2.5,10.0,100.0,300.0,0.5
2026-04-29,Google Search - Brand,Google Search,538,42,39.25,5,529.26,forecastiq software reviews,forecastiq,broad,5,0.7,0.02,0.28,1.4,0.77,0.49,Desktop,United States,150.0,4560.0,30.0,2.5,10.0,100.0,300.0,0.5
2026-04-29,Google Search - Brand,Google Search,582,12,23.28,0,0.0,forecastiq login portal,forecastiq,phrase,0,0.7,0.02,0.28,1.72,0.77,0.49,Mobile,Canada,150.0,4560.0,30.0,2.5,10.0,100.0,300.0,0.5
2026-04-29,Google Search - NonBrand,Google Search,8272,188,520.01,6,355.47,,,,7,0.691,0.094,0.174,3.39,0.76,0.484,Tablet,United States,300.0,9120.0,40.0,1.5,15.0,60.0,150.0,0.35
2026-04-29,Google Search - NonBrand,Google Search,1118,67,85.74,9,486.58,paid ads forecasting tool,forecasting tool,phrase,9,0.691,0.094,0.174,3.49,0.76,0.484,Tablet,United Kingdom,300.0,9120.0,40.0,1.5,15.0,60.0,150.0,0.35
2026-04-29,Google Search - NonBrand,Google Search,716,37,51.53,8,477.51,marketing forecasting software,forecasting tool,exact,8,0.691,0.094,0.174,2.7,0.76,0.484,Desktop,United States,300.0,9120.0,40.0,1.5,15.0,60.0,150.0,0.35
2026-04-29,Google Search - NonBrand,Google Search,741,49,97.22,14,861.2,ppc budget optimization planner,budget optimization,broad,16,0.691,0.094,0.174,1.42,0.76,0.484,Mobile,Canada,300.0,9120.0,40.0,1.5,15.0,60.0,150.0,0.35
2026-04-29,Google Search - NonBrand,Google Search,984,41,19.53,0,0.0,ads forecasting template excel,forecasting tool,broad,0,0.691,0.094,0.174,3.13,0.76,0.484,Tablet,Germany,300.0,9120.0,40.0,1.5,15.0,60.0,150.0,0.35
2026-04-29,Google Search - Competitors,Google Search,1296,54,106.07,2,81.26,,,,2,0.649,0.106,0.16,1.71,0.714,0.455,Mobile,Germany,100.0,3040.0,50.0,0.8,20.0,40.0,100.0,0.2
2026-04-29,Google Search - Competitors,Google Search,143,3,37.57,0,0.0,semrush forecasting tool alternative,semrush,phrase,0,0.649,0.106,0.16,2.56,0.714,0.455,Tablet,United States,100.0,3040.0,50.0,0.8,20.0,40.0,100.0,0.2
2026-04-29,Google Search - Competitors,Google Search,140,2,44.77,0,0.0,ahrefs traffic forecaster,ahrefs,broad,0,0.649,0.106,0.16,2.18,0.714,0.455,Desktop,United States,100.0,3040.0,50.0,0.8,20.0,40.0,100.0,0.2
2026-04-29,Google Search - Competitors,Google Search,107,4,25.87,0,0.0,spyfu competitor ads budget planner,competitor template,broad,0,0.649,0.106,0.16,1.31,0.714,0.455,Mobile,Germany,100.0,3040.0,50.0,0.8,20.0,40.0,100.0,0.2
2026-04-29,Meta Ads - Prospecting,Meta,4690,70,126.69,3,230.11,,,,3,0.624,0.189,0.083,2.35,0.687,0.437,Desktop,United States,200.0,6080.0,35.0,1.8,12.0,80.0,200.0,0.4
2026-04-29,Meta Ads - Retargeting,Meta,1200,15,39.6,1,114.35,,,,1,0.4,0.55,0.05,1.81,0.44,0.28,Tablet,Canada,50.0,1520.0,25.0,3.5,8.0,120.0,400.0,0.6
2026-04-29,YouTube - Brand Awareness,YouTube,4085,95,256.04,0,0.0,,,,0,0.838,0.131,0.156,3.06,0.922,0.587,Tablet,Canada,150.0,4560.0,60.0,0.5,25.0,30.0,80.0,0.15
2026-04-29,YouTube - Brand Awareness,YouTube,437,12,22.55,0,0.0,free advertising tutorial youtube,marketing tutorial,broad,0,0.838,0.131,0.156,3.15,0.922,0.587,Tablet,United States,150.0,4560.0,60.0,0.5,25.0,30.0,80.0,0.15
2026-04-29,YouTube - Brand Awareness,YouTube,472,31,14.49,0,0.0,cheap keyword planner software download,keyword planner,broad,0,0.838,0.131,0.156,1.57,0.922,0.587,Mobile,United Kingdom,150.0,4560.0,60.0,0.5,25.0,30.0,80.0,0.15
2026-04-29,YouTube - Brand Awareness,YouTube,508,24,33.0,0,0.0,marketing jobs salary definition,jobs,broad,0,0.838,0.131,0.156,1.34,0.922,0.587,Desktop,United Kingdom,150.0,4560.0,60.0,0.5,25.0,30.0,80.0,0.15
2026-04-29,YouTube - Brand Awareness,YouTube,430,10,10.87,0,0.0,how to reset google ads password,support,broad,0,0.838,0.131,0.156,2.85,0.922,0.587,Desktop,United Kingdom,150.0,4560.0,60.0,0.5,25.0,30.0,80.0,0.15
2026-04-30,Google Search - Brand,Google Search,2774,73,180.5,6,569.93,,,,6,0.7,0.02,0.28,1.48,0.77,0.49,Mobile,United States,150.0,4560.0,30.0,2.5,10.0,100.0,300.0,0.5
2026-04-30,Google Search - Brand,Google Search,306,12,13.25,0,0.0,forecastiq,forecastiq,exact,0,0.7,0.02,0.28,2.08,0.77,0.49,Tablet,United Kingdom,150.0,4560.0,30.0,2.5,10.0,100.0,300.0,0.5
2026-04-30,Google Search - Brand,Google Search,289,9,14.72,0,0.0,forecastiq pricing,forecastiq,phrase,0,0.7,0.02,0.28,1.67,0.77,0.49,Mobile,Canada,150.0,4560.0,30.0,2.5,10.0,100.0,300.0,0.5
2026-04-30,Google Search - Brand,Google Search,252,15,15.46,2,212.81,forecastiq software reviews,forecastiq,broad,2,0.7,0.02,0.28,2.7,0.77,0.49,Desktop,Germany,150.0,4560.0,30.0,2.5,10.0,100.0,300.0,0.5
2026-04-30,Google Search - Brand,Google Search,269,15,12.7,0,0.0,forecastiq login portal,forecastiq,phrase,0,0.7,0.02,0.28,2.88,0.77,0.49,Desktop,United Kingdom,150.0,4560.0,30.0,2.5,10.0,100.0,300.0,0.5
2026-04-30,Google Search - NonBrand,Google Search,9435,185,292.37,3,191.63,,,,3,0.894,0.238,0.069,2.16,0.984,0.626,Mobile,Germany,300.0,9120.0,40.0,1.5,15.0,60.0,150.0,0.35
2026-04-30,Google Search - NonBrand,Google Search,839,30,41.55,3,173.49,paid ads forecasting tool,forecasting tool,phrase,3,0.894,0.238,0.069,3.47,0.984,0.626,Desktop,United Kingdom,300.0,9120.0,40.0,1.5,15.0,60.0,150.0,0.35
2026-04-30,Google Search - NonBrand,Google Search,1256,46,69.97,10,591.91,marketing forecasting software,forecasting tool,exact,10,0.894,0.238,0.069,3.09,0.984,0.626,Mobile,Germany,300.0,9120.0,40.0,1.5,15.0,60.0,150.0,0.35
2026-04-30,Google Search - NonBrand,Google Search,895,36,30.9,9,526.23,ppc budget optimization planner,budget optimization,broad,9,0.894,0.238,0.069,1.38,0.984,0.626,Desktop,United Kingdom,300.0,9120.0,40.0,1.5,15.0,60.0,150.0,0.35
2026-04-30,Google Search - NonBrand,Google Search,1337,50,20.05,0,0.0,ads forecasting template excel,forecasting tool,broad,0,0.894,0.238,0.069,2.96,0.984,0.626,Mobile,Canada,300.0,9120.0,40.0,1.5,15.0,60.0,150.0,0.35
2026-04-30,Google Search - Competitors,Google Search,1938,38,62.49,1,36.27,,,,1,0.819,0.217,0.093,2.77,0.901,0.574,Mobile,United States,100.0,3040.0,50.0,0.8,20.0,40.0,100.0,0.2
2026-04-30,Google Search - Competitors,Google Search,182,14,33.48,0,0.0,semrush forecasting tool alternative,semrush,phrase,0,0.819,0.217,0.093,3.45,0.901,0.574,Tablet,Germany,100.0,3040.0,50.0,0.8,20.0,40.0,100.0,0.2
2026-04-30,Google Search - Competitors,Google Search,172,5,42.12,0,0.0,ahrefs traffic forecaster,ahrefs,broad,0,0.819,0.217,0.093,2.04,0.901,0.574,Mobile,Germany,100.0,3040.0,50.0,0.8,20.0,40.0,100.0,0.2
2026-04-30,Google Search - Competitors,Google Search,227,12,26.03,0,0.0,spyfu competitor ads budget planner,competitor template,broad,0,0.819,0.217,0.093,1.23,0.901,0.574,Desktop,United States,100.0,3040.0,50.0,0.8,20.0,40.0,100.0,0.2
2026-04-30,Meta Ads - Prospecting,Meta,1300,65,84.42,2,161.92,,,,2,0.728,0.123,0.09,2.57,0.801,0.51,Tablet,Germany,200.0,6080.0,35.0,1.8,12.0,80.0,200.0,0.4
2026-04-30,Meta Ads - Retargeting,Meta,777,37,40.47,1,131.92,,,,1,0.4,0.55,0.05,1.72,0.44,0.28,Desktop,United States,50.0,1520.0,25.0,3.5,8.0,120.0,400.0,0.6
2026-04-30,YouTube - Brand Awareness,YouTube,585,45,63.1,0,0.0,,,,0,0.79,0.245,0.164,3.36,0.869,0.553,Mobile,United States,150.0,4560.0,60.0,0.5,25.0,30.0,80.0,0.15
2026-04-30,YouTube - Brand Awareness,YouTube,67,4,20.77,0,0.0,free advertising tutorial youtube,marketing tutorial,broad,0,0.79,0.245,0.164,3.72,0.869,0.553,Desktop,United States,150.0,4560.0,60.0,0.5,25.0,30.0,80.0,0.15
2026-04-30,YouTube - Brand Awareness,YouTube,73,5,16.65,0,0.0,cheap keyword planner software download,keyword planner,broad,0,0.79,0.245,0.164,2.5,0.869,0.553,Mobile,Canada,150.0,4560.0,60.0,0.5,25.0,30.0,80.0,0.15
2026-04-30,YouTube - Brand Awareness,YouTube,76,3,32.66,0,0.0,marketing jobs salary definition,jobs,broad,0,0.79,0.245,0.164,2.77,0.869,0.553,Mobile,Germany,150.0,4560.0,60.0,0.5,25.0,30.0,80.0,0.15
2026-04-30,YouTube - Brand Awareness,YouTube,72,2,12.68,0,0.0,how to reset google ads password,support,broad,0,0.79,0.245,0.164,2.59,0.869,0.553,Mobile,United States,150.0,4560.0,60.0,0.5,25.0,30.0,80.0,0.15
2026-05-01,Google Search - Brand,Google Search,4653,99,114.58,3,304.52,,,,3,0.7,0.02,0.28,1.26,0.77,0.49,Desktop,United Kingdom,150.0,4560.0,30.0,2.5,10.0,100.0,300.0,0.5
2026-05-01,Google Search - Brand,Google Search,544,40,62.86,2,212.38,forecastiq,forecastiq,exact,2,0.7,0.02,0.28,2.28,0.77,0.49,Tablet,Canada,150.0,4560.0,30.0,2.5,10.0,100.0,300.0,0.5
2026-05-01,Google Search - Brand,Google Search,485,28,23.97,1,105.77,forecastiq pricing,forecastiq,phrase,1,0.7,0.02,0.28,3.51,0.77,0.49,Tablet,United Kingdom,150.0,4560.0,30.0,2.5,10.0,100.0,300.0,0.5
2026-05-01,Google Search - Brand,Google Search,619,16,25.16,2,196.44,forecastiq software reviews,forecastiq,broad,2,0.7,0.02,0.28,3.49,0.77,0.49,Mobile,United Kingdom,150.0,4560.0,30.0,2.5,10.0,100.0,300.0,0.5
2026-05-01,Google Search - Brand,Google Search,610,13,21.05,0,0.0,forecastiq login portal,forecastiq,phrase,0,0.7,0.02,0.28,1.96,0.77,0.49,Desktop,United States,150.0,4560.0,30.0,2.5,10.0,100.0,300.0,0.5
2026-05-01,Google Search - NonBrand,Google Search,8229,211,620.06,6,393.64,,,,7,0.645,0.141,0.112,2.2,0.71,0.452,Mobile,Germany,300.0,9120.0,40.0,1.5,15.0,60.0,150.0,0.35
2026-05-01,Google Search - NonBrand,Google Search,750,15,26.83,1,56.31,paid ads forecasting tool,forecasting tool,phrase,1,0.645,0.141,0.112,3.65,0.71,0.452,Desktop,Germany,300.0,9120.0,40.0,1.5,15.0,60.0,150.0,0.35
2026-05-01,Google Search - NonBrand,Google Search,935,60,56.15,13,749.31,marketing forecasting software,forecasting tool,exact,14,0.645,0.141,0.112,1.35,0.71,0.452,Mobile,United Kingdom,300.0,9120.0,40.0,1.5,15.0,60.0,150.0,0.35
2026-05-01,Google Search - NonBrand,Google Search,931,27,48.83,7,408.92,ppc budget optimization planner,budget optimization,broad,7,0.645,0.141,0.112,1.84,0.71,0.452,Mobile,United Kingdom,300.0,9120.0,40.0,1.5,15.0,60.0,150.0,0.35
2026-05-01,Google Search - NonBrand,Google Search,1204,25,17.29,0,0.0,ads forecasting template excel,forecasting tool,broad,0,0.645,0.141,0.112,3.45,0.71,0.452,Tablet,United States,300.0,9120.0,40.0,1.5,15.0,60.0,150.0,0.35
2026-05-01,Google Search - Competitors,Google Search,2709,63,109.02,1,38.62,,,,1,0.635,0.146,0.072,2.65,0.698,0.444,Mobile,United Kingdom,100.0,3040.0,50.0,0.8,20.0,40.0,100.0,0.2
2026-05-01,Google Search - Competitors,Google Search,320,17,35.92,0,0.0,semrush forecasting tool alternative,semrush,phrase,0,0.635,0.146,0.072,3.44,0.698,0.444,Tablet,Canada,100.0,3040.0,50.0,0.8,20.0,40.0,100.0,0.2
2026-05-01,Google Search - Competitors,Google Search,302,14,40.62,0,0.0,ahrefs traffic forecaster,ahrefs,broad,0,0.635,0.146,0.072,2.18,0.698,0.444,Tablet,United States,100.0,3040.0,50.0,0.8,20.0,40.0,100.0,0.2
2026-05-01,Google Search - Competitors,Google Search,299,13,24.07,0,0.0,spyfu competitor ads budget planner,competitor template,broad,0,0.635,0.146,0.072,3.48,0.698,0.444,Desktop,Germany,100.0,3040.0,50.0,0.8,20.0,40.0,100.0,0.2
2026-05-01,Meta Ads - Prospecting,Meta,6864,88,180.26,5,390.43,,,,5,0.816,0.125,0.172,1.38,0.898,0.571,Tablet,Germany,200.0,6080.0,35.0,1.8,12.0,80.0,200.0,0.4
2026-05-01,Meta Ads - Retargeting,Meta,720,18,22.79,0,0.0,,,,0,0.4,0.55,0.05,2.63,0.44,0.28,Desktop,United States,50.0,1520.0,25.0,3.5,8.0,120.0,400.0,0.6
2026-05-01,YouTube - Brand Awareness,YouTube,7752,136,304.82,0,0.0,,,,0,0.873,0.223,0.063,2.27,0.96,0.611,Tablet,Germany,150.0,4560.0,60.0,0.5,25.0,30.0,80.0,0.15
2026-05-01,YouTube - Brand Awareness,YouTube,818,64,22.39,0,0.0,free advertising tutorial youtube,marketing tutorial,broad,0,0.873,0.223,0.063,2.28,0.96,0.611,Desktop,United Kingdom,150.0,4560.0,60.0,0.5,25.0,30.0,80.0,0.15
2026-05-01,YouTube - Brand Awareness,YouTube,1047,43,16.17,0,0.0,cheap keyword planner software download,keyword planner,broad,0,0.873,0.223,0.063,1.37,0.96,0.611,Desktop,Germany,150.0,4560.0,60.0,0.5,25.0,30.0,80.0,0.15
2026-05-01,YouTube - Brand Awareness,YouTube,1109,25,31.28,0,0.0,marketing jobs salary definition,jobs,broad,0,0.873,0.223,0.063,1.66,0.96,0.611,Mobile,United Kingdom,150.0,4560.0,60.0,0.5,25.0,30.0,80.0,0.15
2026-05-01,YouTube - Brand Awareness,YouTube,920,62,11.41,0,0.0,how to reset google ads password,support,broad,0,0.873,0.223,0.063,3.39,0.96,0.611,Tablet,United States,150.0,4560.0,60.0,0.5,25.0,30.0,80.0,0.15
2026-05-02,Google Search - Brand,Google Search,2520,40,107.11,4,425.65,,,,4,0.7,0.02,0.28,1.9,0.77,0.49,Tablet,United States,150.0,4560.0,30.0,2.5,10.0,100.0,300.0,0.5
2026-05-02,Google Search - Brand,Google Search,342,11,17.91,0,0.0,forecastiq,forecastiq,exact,0,0.7,0.02,0.28,1.96,0.77,0.49,Mobile,United States,150.0,4560.0,30.0,2.5,10.0,100.0,300.0,0.5
2026-05-02,Google Search - Brand,Google Search,255,15,13.65,1,100.86,forecastiq pricing,forecastiq,phrase,1,0.7,0.02,0.28,1.78,0.77,0.49,Desktop,Germany,150.0,4560.0,30.0,2.5,10.0,100.0,300.0,0.5
2026-05-02,Google Search - Brand,Google Search,211,8,15.27,1,99.74,forecastiq software reviews,forecastiq,broad,1,0.7,0.02,0.28,2.35,0.77,0.49,Mobile,United Kingdom,150.0,4560.0,30.0,2.5,10.0,100.0,300.0,0.5
2026-05-02,Google Search - Brand,Google Search,223,6,10.09,0,0.0,forecastiq login portal,forecastiq,phrase,0,0.7,0.02,0.28,1.7,0.77,0.49,Mobile,United States,150.0,4560.0,30.0,2.5,10.0,100.0,300.0,0.5
2026-05-02,Google Search - NonBrand,Google Search,2430,162,257.11,3,197.42,,,,3,0.711,0.176,0.095,2.61,0.782,0.498,Desktop,United States,300.0,9120.0,40.0,1.5,15.0,60.0,150.0,0.35
2026-05-02,Google Search - NonBrand,Google Search,194,8,13.7,1,55.39,paid ads forecasting tool,forecasting tool,phrase,1,0.711,0.176,0.095,1.28,0.782,0.498,Mobile,United Kingdom,300.0,9120.0,40.0,1.5,15.0,60.0,150.0,0.35
2026-05-02,Google Search - NonBrand,Google Search,267,11,19.72,1,65.18,marketing forecasting software,forecasting tool,exact,1,0.711,0.176,0.095,1.98,0.782,0.498,Mobile,Germany,300.0,9120.0,40.0,1.5,15.0,60.0,150.0,0.35
2026-05-02,Google Search - NonBrand,Google Search,278,20,17.04,5,288.45,ppc budget optimization planner,budget optimization,broad,5,0.711,0.176,0.095,1.82,0.782,0.498,Tablet,United States,300.0,9120.0,40.0,1.5,15.0,60.0,150.0,0.35
2026-05-02,Google Search - NonBrand,Google Search,221,12,19.4,0,0.0,ads forecasting template excel,forecasting tool,broad,0,0.711,0.176,0.095,1.72,0.782,0.498,Desktop,Germany,300.0,9120.0,40.0,1.5,15.0,60.0,150.0,0.35
2026-05-02,Google Search - Competitors,Google Search,1680,35,88.05,1,37.0,,,,1,0.691,0.161,0.173,1.29,0.76,0.484,Tablet,United Kingdom,100.0,3040.0,50.0,0.8,20.0,40.0,100.0,0.2
2026-05-02,Google Search - Competitors,Google Search,247,18,34.57,0,0.0,semrush forecasting tool alternative,semrush,phrase,0,0.691,0.161,0.173,3.24,0.76,0.484,Mobile,Germany,100.0,3040.0,50.0,0.8,20.0,40.0,100.0,0.2
2026-05-02,Google Search - Competitors,Google Search,149,7,44.77,0,0.0,ahrefs traffic forecaster,ahrefs,broad,0,0.691,0.161,0.173,3.16,0.76,0.484,Tablet,Canada,100.0,3040.0,50.0,0.8,20.0,40.0,100.0,0.2
2026-05-02,Google Search - Competitors,Google Search,151,7,22.92,0,0.0,spyfu competitor ads budget planner,competitor template,broad,0,0.691,0.161,0.173,3.01,0.76,0.484,Tablet,Canada,100.0,3040.0,50.0,0.8,20.0,40.0,100.0,0.2
2026-05-02,Meta Ads - Prospecting,Meta,760,76,146.11,4,347.58,,,,4,0.676,0.184,0.125,2.18,0.744,0.473,Tablet,United States,200.0,6080.0,35.0,1.8,12.0,80.0,200.0,0.4
2026-05-02,Meta Ads - Retargeting,Meta,1387,19,37.31,1,112.72,,,,1,0.4,0.55,0.05,2.27,0.44,0.28,Tablet,United Kingdom,50.0,1520.0,25.0,3.5,8.0,120.0,400.0,0.6
2026-05-02,YouTube - Brand Awareness,YouTube,1960,49,114.33,0,0.0,,,,0,0.676,0.078,0.155,3.19,0.744,0.473,Desktop,United Kingdom,150.0,4560.0,60.0,0.5,25.0,30.0,80.0,0.15
2026-05-02,YouTube - Brand Awareness,YouTube,218,15,21.21,0,0.0,free advertising tutorial youtube,marketing tutorial,broad,0,0.676,0.078,0.155,3.28,0.744,0.473,Mobile,United Kingdom,150.0,4560.0,60.0,0.5,25.0,30.0,80.0,0.15
2026-05-02,YouTube - Brand Awareness,YouTube,179,3,16.54,0,0.0,cheap keyword planner software download,keyword planner,broad,0,0.676,0.078,0.155,1.5,0.744,0.473,Tablet,United Kingdom,150.0,4560.0,60.0,0.5,25.0,30.0,80.0,0.15
2026-05-02,YouTube - Brand Awareness,YouTube,291,14,29.47,0,0.0,marketing jobs salary definition,jobs,broad,0,0.676,0.078,0.155,2.56,0.744,0.473,Tablet,United States,150.0,4560.0,60.0,0.5,25.0,30.0,80.0,0.15
2026-05-02,YouTube - Brand Awareness,YouTube,251,15,13.2,0,0.0,how to reset google ads password,support,broad,0,0.676,0.078,0.155,3.43,0.744,0.473,Tablet,Canada,150.0,4560.0,60.0,0.5,25.0,30.0,80.0,0.15
2026-05-03,Google Search - Brand,Google Search,1484,53,89.31,2,217.35,,,,2,0.7,0.02,0.28,2.73,0.77,0.49,Tablet,Canada,150.0,4560.0,30.0,2.5,10.0,100.0,300.0,0.5
2026-05-03,Google Search - Brand,Google Search,193,7,9.03,0,0.0,forecastiq,forecastiq,exact,0,0.7,0.02,0.28,3.04,0.77,0.49,Desktop,Canada,150.0,4560.0,30.0,2.5,10.0,100.0,300.0,0.5
2026-05-03,Google Search - Brand,Google Search,158,8,11.52,0,0.0,forecastiq pricing,forecastiq,phrase,0,0.7,0.02,0.28,1.42,0.77,0.49,Desktop,Canada,150.0,4560.0,30.0,2.5,10.0,100.0,300.0,0.5
2026-05-03,Google Search - Brand,Google Search,122,6,11.84,0,0.0,forecastiq software reviews,forecastiq,broad,0,0.7,0.02,0.28,2.46,0.77,0.49,Desktop,United Kingdom,150.0,4560.0,30.0,2.5,10.0,100.0,300.0,0.5
2026-05-03,Google Search - Brand,Google Search,149,11,9.06,0,0.0,forecastiq login portal,forecastiq,phrase,0,0.7,0.02,0.28,2.21,0.77,0.49,Desktop,Canada,150.0,4560.0,30.0,2.5,10.0,100.0,300.0,0.5
2026-05-03,Google Search - NonBrand,Google Search,9656,142,311.2,3,183.61,,,,3,0.804,0.214,0.168,1.18,0.884,0.563,Mobile,Germany,300.0,9120.0,40.0,1.5,15.0,60.0,150.0,0.35
2026-05-03,Google Search - NonBrand,Google Search,1273,63,59.97,9,547.73,paid ads forecasting tool,forecasting tool,phrase,9,0.804,0.214,0.168,2.31,0.884,0.563,Mobile,Germany,300.0,9120.0,40.0,1.5,15.0,60.0,150.0,0.35
2026-05-03,Google Search - NonBrand,Google Search,1135,66,58.62,12,769.29,marketing forecasting software,forecasting tool,exact,13,0.804,0.214,0.168,2.77,0.884,0.563,Tablet,United Kingdom,300.0,9120.0,40.0,1.5,15.0,60.0,150.0,0.35
2026-05-03,Google Search - NonBrand,Google Search,1417,88,117.89,18,1048.8,ppc budget optimization planner,budget optimization,broad,20,0.804,0.214,0.168,3.61,0.884,0.563,Mobile,Canada,300.0,9120.0,40.0,1.5,15.0,60.0,150.0,0.35
2026-05-03,Google Search - NonBrand,Google Search,1213,74,18.05,0,0.0,ads forecasting template excel,forecasting tool,broad,0,0.804,0.214,0.168,2.84,0.884,0.563,Mobile,United Kingdom,300.0,9120.0,40.0,1.5,15.0,60.0,150.0,0.35
2026-05-03,Google Search - Competitors,Google Search,650,25,31.98,0,0.0,,,,0,0.588,0.061,0.174,2.69,0.647,0.411,Tablet,Canada,100.0,3040.0,50.0,0.8,20.0,40.0,100.0,0.2
2026-05-03,Google Search - Competitors,Google Search,77,4,36.1,0,0.0,semrush forecasting tool alternative,semrush,phrase,0,0.588,0.061,0.174,3.14,0.647,0.411,Desktop,Germany,100.0,3040.0,50.0,0.8,20.0,40.0,100.0,0.2
2026-05-03,Google Search - Competitors,Google Search,62,1,47.74,0,0.0,ahrefs traffic forecaster,ahrefs,broad,0,0.588,0.061,0.174,2.92,0.647,0.411,Desktop,Canada,100.0,3040.0,50.0,0.8,20.0,40.0,100.0,0.2
2026-05-03,Google Search - Competitors,Google Search,92,5,25.63,0,0.0,spyfu competitor ads budget planner,competitor template,broad,0,0.588,0.061,0.174,1.68,0.647,0.411,Desktop,Germany,100.0,3040.0,50.0,0.8,20.0,40.0,100.0,0.2
2026-05-03,Meta Ads - Prospecting,Meta,1813,49,98.44,2,169.46,,,,2,0.869,0.144,0.051,2.56,0.955,0.608,Tablet,United Kingdom,200.0,6080.0,35.0,1.8,12.0,80.0,200.0,0.4
2026-05-03,Meta Ads - Retargeting,Meta,1482,19,20.08,0,0.0,,,,0,0.4,0.55,0.05,2.4,0.44,0.28,Mobile,Canada,50.0,1520.0,25.0,3.5,8.0,120.0,400.0,0.6
2026-05-03,YouTube - Brand Awareness,YouTube,2964,57,114.54,0,0.0,,,,0,0.82,0.088,0.082,1.98,0.902,0.574,Mobile,United Kingdom,150.0,4560.0,60.0,0.5,25.0,30.0,80.0,0.15
2026-05-03,YouTube - Brand Awareness,YouTube,268,13,23.56,0,0.0,free advertising tutorial youtube,marketing tutorial,broad,0,0.82,0.088,0.082,1.84,0.902,0.574,Desktop,United Kingdom,150.0,4560.0,60.0,0.5,25.0,30.0,80.0,0.15
2026-05-03,YouTube - Brand Awareness,YouTube,433,19,15.3,0,0.0,cheap keyword planner software download,keyword planner,broad,0,0.82,0.088,0.082,1.79,0.902,0.574,Tablet,Canada,150.0,4560.0,60.0,0.5,25.0,30.0,80.0,0.15
2026-05-03,YouTube - Brand Awareness,YouTube,380,24,27.81,0,0.0,marketing jobs salary definition,jobs,broad,0,0.82,0.088,0.082,3.09,0.902,0.574,Desktop,United States,150.0,4560.0,60.0,0.5,25.0,30.0,80.0,0.15
2026-05-03,YouTube - Brand Awareness,YouTube,433,19,12.21,0,0.0,how to reset google ads password,support,broad,0,0.82,0.088,0.082,2.05,0.902,0.574,Tablet,Germany,150.0,4560.0,60.0,0.5,25.0,30.0,80.0,0.15
2026-05-04,Google Search - Brand,Google Search,3960,60,79.2,2,187.04,,,,2,0.7,0.02,0.28,2.0,0.77,0.49,Desktop,United States,150.0,4560.0,30.0,2.5,10.0,100.0,300.0,0.5
2026-05-04,Google Search - Brand,Google Search,471,35,50.5,1,93.17,forecastiq,forecastiq,exact,1,0.7,0.02,0.28,1.85,0.77,0.49,Mobile,Germany,150.0,4560.0,30.0,2.5,10.0,100.0,300.0,0.5
2026-05-04,Google Search - Brand,Google Search,341,22,33.77,1,90.47,forecastiq pricing,forecastiq,phrase,1,0.7,0.02,0.28,2.25,0.77,0.49,Desktop,Canada,150.0,4560.0,30.0,2.5,10.0,100.0,300.0,0.5
2026-05-04,Google Search - Brand,Google Search,348,10,9.46,1,98.47,forecastiq software reviews,forecastiq,broad,1,0.7,0.02,0.28,3.16,0.77,0.49,Mobile,United States,150.0,4560.0,30.0,2.5,10.0,100.0,300.0,0.5
2026-05-04,Google Search - Brand,Google Search,549,39,69.83,0,0.0,forecastiq login portal,forecastiq,phrase,0,0.7,0.02,0.28,2.89,0.77,0.49,Mobile,Germany,150.0,4560.0,30.0,2.5,10.0,100.0,300.0,0.5
2026-05-04,Google Search - NonBrand,Google Search,17550,270,543.0,5,301.81,,,,5,0.835,0.12,0.058,1.36,0.919,0.585,Desktop,Canada,300.0,9120.0,40.0,1.5,15.0,60.0,150.0,0.35
2026-05-04,Google Search - NonBrand,Google Search,1518,52,64.04,7,453.18,paid ads forecasting tool,forecasting tool,phrase,8,0.835,0.12,0.058,2.71,0.919,0.585,Desktop,Germany,300.0,9120.0,40.0,1.5,15.0,60.0,150.0,0.35
2026-05-04,Google Search - NonBrand,Google Search,2452,161,137.81,34,1968.29,marketing forecasting software,forecasting tool,exact,38,0.835,0.12,0.058,2.99,0.919,0.585,Desktop,Germany,300.0,9120.0,40.0,1.5,15.0,60.0,150.0,0.35
2026-05-04,Google Search - NonBrand,Google Search,1429,57,75.78,13,815.84,ppc budget optimization planner,budget optimization,broad,13,0.835,0.12,0.058,1.75,0.919,0.585,Desktop,United States,300.0,9120.0,40.0,1.5,15.0,60.0,150.0,0.35
2026-05-04,Google Search - NonBrand,Google Search,2010,126,18.23,0,0.0,ads forecasting template excel,forecasting tool,broad,0,0.835,0.12,0.058,1.45,0.919,0.585,Tablet,Germany,300.0,9120.0,40.0,1.5,15.0,60.0,150.0,0.35
2026-05-04,Google Search - Competitors,Google Search,1056,48,57.77,1,39.27,,,,1,0.706,0.126,0.158,2.09,0.777,0.494,Mobile,United States,100.0,3040.0,50.0,0.8,20.0,40.0,100.0,0.2
2026-05-04,Google Search - Competitors,Google Search,137,4,35.75,0,0.0,semrush forecasting tool alternative,semrush,phrase,0,0.706,0.126,0.158,2.73,0.777,0.494,Tablet,Canada,100.0,3040.0,50.0,0.8,20.0,40.0,100.0,0.2
2026-05-04,Google Search - Competitors,Google Search,94,5,40.79,0,0.0,ahrefs traffic forecaster,ahrefs,broad,0,0.706,0.126,0.158,2.16,0.777,0.494,Desktop,United States,100.0,3040.0,50.0,0.8,20.0,40.0,100.0,0.2
2026-05-04,Google Search - Competitors,Google Search,153,3,26.72,0,0.0,spyfu competitor ads budget planner,competitor template,broad,0,0.706,0.126,0.158,1.31,0.777,0.494,Desktop,United Kingdom,100.0,3040.0,50.0,0.8,20.0,40.0,100.0,0.2
2026-05-04,Meta Ads - Prospecting,Meta,2730,65,129.91,3,239.6,,,,3,0.624,0.232,0.075,1.52,0.686,0.437,Mobile,Germany,200.0,6080.0,35.0,1.8,12.0,80.0,200.0,0.4
2026-05-04,Meta Ads - Retargeting,Meta,322,23,58.54,2,258.21,,,,2,0.4,0.55,0.05,2.54,0.44,0.28,Mobile,Canada,50.0,1520.0,25.0,3.5,8.0,120.0,400.0,0.6
2026-05-04,YouTube - Brand Awareness,YouTube,3990,70,71.74,0,0.0,,,,0,0.554,0.16,0.051,1.62,0.609,0.388,Desktop,Germany,150.0,4560.0,60.0,0.5,25.0,30.0,80.0,0.15
2026-05-04,YouTube - Brand Awareness,YouTube,565,27,20.38,0,0.0,free advertising tutorial youtube,marketing tutorial,broad,0,0.554,0.16,0.051,2.32,0.609,0.388,Mobile,Canada,150.0,4560.0,60.0,0.5,25.0,30.0,80.0,0.15
2026-05-04,YouTube - Brand Awareness,YouTube,580,29,16.86,0,0.0,cheap keyword planner software download,keyword planner,broad,0,0.554,0.16,0.051,2.03,0.609,0.388,Desktop,Germany,150.0,4560.0,60.0,0.5,25.0,30.0,80.0,0.15
2026-05-04,YouTube - Brand Awareness,YouTube,550,15,32.04,0,0.0,marketing jobs salary definition,jobs,broad,0,0.554,0.16,0.051,2.07,0.609,0.388,Desktop,Canada,150.0,4560.0,60.0,0.5,25.0,30.0,80.0,0.15
2026-05-04,YouTube - Brand Awareness,YouTube,538,15,12.78,0,0.0,how to reset google ads password,support,broad,0,0.554,0.16,0.051,3.28,0.609,0.388,Tablet,United States,150.0,4560.0,60.0,0.5,25.0,30.0,80.0,0.15
2026-05-05,Google Search - Brand,Google Search,7426,94,189.05,7,753.11,,,,8,0.7,0.02,0.28,2.23,0.77,0.49,Mobile,United Kingdom,150.0,4560.0,30.0,2.5,10.0,100.0,300.0,0.5
2026-05-05,Google Search - Brand,Google Search,1035,44,60.15,1,101.48,forecastiq,forecastiq,exact,1,0.7,0.02,0.28,2.83,0.77,0.49,Desktop,Canada,150.0,4560.0,30.0,2.5,10.0,100.0,300.0,0.5
2026-05-05,Google Search - Brand,Google Search,873,25,45.91,2,213.82,forecastiq pricing,forecastiq,phrase,2,0.7,0.02,0.28,3.62,0.77,0.49,Desktop,Canada,150.0,4560.0,30.0,2.5,10.0,100.0,300.0,0.5
2026-05-05,Google Search - Brand,Google Search,993,67,72.81,11,1091.3,forecastiq software reviews,forecastiq,broad,12,0.7,0.02,0.28,3.5,0.77,0.49,Tablet,Germany,150.0,4560.0,30.0,2.5,10.0,100.0,300.0,0.5
2026-05-05,Google Search - Brand,Google Search,721,52,45.39,0,0.0,forecastiq login portal,forecastiq,phrase,0,0.7,0.02,0.28,3.15,0.77,0.49,Tablet,Canada,150.0,4560.0,30.0,2.5,10.0,100.0,300.0,0.5
2026-05-05,Google Search - NonBrand,Google Search,20720,280,723.52,9,489.39,,,,10,0.736,0.085,0.12,1.58,0.81,0.515,Mobile,United Kingdom,300.0,9120.0,40.0,1.5,15.0,60.0,150.0,0.35
2026-05-05,Google Search - NonBrand,Google Search,2162,45,78.98,6,357.17,paid ads forecasting tool,forecasting tool,phrase,6,0.736,0.085,0.12,1.67,0.81,0.515,Tablet,Germany,300.0,9120.0,40.0,1.5,15.0,60.0,150.0,0.35
2026-05-05,Google Search - NonBrand,Google Search,3072,191,338.89,44,2657.32,marketing forecasting software,forecasting tool,exact,52,0.736,0.085,0.12,1.73,0.81,0.515,Mobile,United Kingdom,300.0,9120.0,40.0,1.5,15.0,60.0,150.0,0.35
2026-05-05,Google Search - NonBrand,Google Search,2990,103,181.61,30,1882.1,ppc budget optimization planner,budget optimization,broad,34,0.736,0.085,0.12,1.73,0.81,0.515,Desktop,United Kingdom,300.0,9120.0,40.0,1.5,15.0,60.0,150.0,0.35
2026-05-05,Google Search - NonBrand,Google Search,2085,146,19.25,0,0.0,ads forecasting template excel,forecasting tool,broad,0,0.736,0.085,0.12,2.02,0.81,0.515,Tablet,Canada,300.0,9120.0,40.0,1.5,15.0,60.0,150.0,0.35
2026-05-05,Google Search - Competitors,Google Search,1728,36,71.8,1,43.96,,,,1,0.891,0.126,0.082,1.8,0.98,0.623,Mobile,United Kingdom,100.0,3040.0,50.0,0.8,20.0,40.0,100.0,0.2
2026-05-05,Google Search - Competitors,Google Search,185,11,32.0,0,0.0,semrush forecasting tool alternative,semrush,phrase,0,0.891,0.126,0.082,3.2,0.98,0.623,Desktop,United States,100.0,3040.0,50.0,0.8,20.0,40.0,100.0,0.2
2026-05-05,Google Search - Competitors,Google Search,180,12,49.44,0,0.0,ahrefs traffic forecaster,ahrefs,broad,0,0.891,0.126,0.082,2.98,0.98,0.623,Tablet,Canada,100.0,3040.0,50.0,0.8,20.0,40.0,100.0,0.2
2026-05-05,Google Search - Competitors,Google Search,215,10,24.99,0,0.0,spyfu competitor ads budget planner,competitor template,broad,0,0.891,0.126,0.082,2.62,0.98,0.623,Desktop,United Kingdom,100.0,3040.0,50.0,0.8,20.0,40.0,100.0,0.2
2026-05-05,Meta Ads - Prospecting,Meta,7808,128,382.06,13,1008.98,,,,15,0.614,0.083,0.098,2.42,0.676,0.43,Mobile,United Kingdom,200.0,6080.0,35.0,1.8,12.0,80.0,200.0,0.4
2026-05-05,Meta Ads - Retargeting,Meta,3344,44,116.1,3,357.95,,,,3,0.4,0.55,0.05,1.1,0.44,0.28,Tablet,United Kingdom,50.0,1520.0,25.0,3.5,8.0,120.0,400.0,0.6
2026-05-05,YouTube - Brand Awareness,YouTube,2310,55,87.88,0,0.0,,,,0,0.614,0.189,0.188,1.37,0.675,0.43,Desktop,United Kingdom,150.0,4560.0,60.0,0.5,25.0,30.0,80.0,0.15
2026-05-05,YouTube - Brand Awareness,YouTube,268,8,24.17,0,0.0,free advertising tutorial youtube,marketing tutorial,broad,0,0.614,0.189,0.188,3.3,0.675,0.43,Desktop,Germany,150.0,4560.0,60.0,0.5,25.0,30.0,80.0,0.15
2026-05-05,YouTube - Brand Awareness,YouTube,275,19,17.07,0,0.0,cheap keyword planner software download,keyword planner,broad,0,0.614,0.189,0.188,2.74,0.675,0.43,Desktop,United States,150.0,4560.0,60.0,0.5,25.0,30.0,80.0,0.15
2026-05-05,YouTube - Brand Awareness,YouTube,245,5,27.45,0,0.0,marketing jobs salary definition,jobs,broad,0,0.614,0.189,0.188,2.76,0.675,0.43,Mobile,Canada,150.0,4560.0,60.0,0.5,25.0,30.0,80.0,0.15
2026-05-05,YouTube - Brand Awareness,YouTube,271,13,11.89,0,0.0,how to reset google ads password,support,broad,0,0.614,0.189,0.188,1.56,0.675,0.43,Mobile,Germany,150.0,4560.0,60.0,0.5,25.0,30.0,80.0,0.15
2026-05-06,Google Search - Brand,Google Search,1826,83,125.19,3,312.61,,,,3,0.7,0.02,0.28,3.28,0.77,0.49,Mobile,Canada,150.0,4560.0,30.0,2.5,10.0,100.0,300.0,0.5
2026-05-06,Google Search - Brand,Google Search,206,14,24.2,0,0.0,forecastiq,forecastiq,exact,0,0.7,0.02,0.28,1.53,0.77,0.49,Mobile,United States,150.0,4560.0,30.0,2.5,10.0,100.0,300.0,0.5
2026-05-06,Google Search - Brand,Google Search,240,16,17.35,1,94.01,forecastiq pricing,forecastiq,phrase,1,0.7,0.02,0.28,1.48,0.77,0.49,Tablet,United States,150.0,4560.0,30.0,2.5,10.0,100.0,300.0,0.5
2026-05-06,Google Search - Brand,Google Search,164,10,11.93,1,103.36,forecastiq software reviews,forecastiq,broad,1,0.7,0.02,0.28,3.01,0.77,0.49,Tablet,United States,150.0,4560.0,30.0,2.5,10.0,100.0,300.0,0.5
2026-05-06,Google Search - Brand,Google Search,246,15,16.32,0,0.0,forecastiq login portal,forecastiq,phrase,0,0.7,0.02,0.28,3.57,0.77,0.49,Mobile,United Kingdom,150.0,4560.0,30.0,2.5,10.0,100.0,300.0,0.5
2026-05-06,Google Search - NonBrand,Google Search,15582,318,849.81,9,496.15,,,,10,0.845,0.111,0.058,2.97,0.93,0.592,Tablet,United Kingdom,300.0,9120.0,40.0,1.5,15.0,60.0,150.0,0.35
2026-05-06,Google Search - NonBrand,Google Search,2120,106,103.89,15,887.34,paid ads forecasting tool,forecasting tool,phrase,15,0.845,0.111,0.058,2.41,0.93,0.592,Mobile,Germany,300.0,9120.0,40.0,1.5,15.0,60.0,150.0,0.35
2026-05-06,Google Search - NonBrand,Google Search,1514,95,105.34,22,1362.7,marketing forecasting software,forecasting tool,exact,24,0.845,0.111,0.058,3.16,0.93,0.592,Tablet,Germany,300.0,9120.0,40.0,1.5,15.0,60.0,150.0,0.35
2026-05-06,Google Search - NonBrand,Google Search,1913,127,180.47,34,2132.79,ppc budget optimization planner,budget optimization,broad,40,0.845,0.111,0.058,1.81,0.93,0.592,Tablet,United Kingdom,300.0,9120.0,40.0,1.5,15.0,60.0,150.0,0.35
2026-05-06,Google Search - NonBrand,Google Search,1395,57,17.11,0,0.0,ads forecasting template excel,forecasting tool,broad,0,0.845,0.111,0.058,3.49,0.93,0.592,Desktop,Canada,300.0,9120.0,40.0,1.5,15.0,60.0,150.0,0.35
2026-05-06,Google Search - Competitors,Google Search,3036,46,69.01,1,43.47,,,,1,0.55,0.246,0.184,3.1,0.605,0.385,Tablet,United States,100.0,3040.0,50.0,0.8,20.0,40.0,100.0,0.2
2026-05-06,Google Search - Competitors,Google Search,296,14,36.17,0,0.0,semrush forecasting tool alternative,semrush,phrase,0,0.55,0.246,0.184,1.74,0.605,0.385,Tablet,Germany,100.0,3040.0,50.0,0.8,20.0,40.0,100.0,0.2
2026-05-06,Google Search - Competitors,Google Search,311,23,44.55,0,0.0,ahrefs traffic forecaster,ahrefs,broad,0,0.55,0.246,0.184,1.65,0.605,0.385,Desktop,United States,100.0,3040.0,50.0,0.8,20.0,40.0,100.0,0.2
2026-05-06,Google Search - Competitors,Google Search,429,17,24.39,0,0.0,spyfu competitor ads budget planner,competitor template,broad,0,0.55,0.246,0.184,3.26,0.605,0.385,Mobile,United Kingdom,100.0,3040.0,50.0,0.8,20.0,40.0,100.0,0.2
2026-05-06,Meta Ads - Prospecting,Meta,11408,184,289.65,7,523.01,,,,8,0.706,0.189,0.079,2.11,0.777,0.494,Desktop,United Kingdom,200.0,6080.0,35.0,1.8,12.0,80.0,200.0,0.4
2026-05-06,Meta Ads - Retargeting,Meta,2291,29,65.37,3,373.71,,,,3,0.4,0.55,0.05,2.92,0.44,0.28,Mobile,Canada,50.0,1520.0,25.0,3.5,8.0,120.0,400.0,0.6
2026-05-06,YouTube - Brand Awareness,YouTube,744,62,184.26,0,0.0,,,,0,0.586,0.101,0.156,2.27,0.644,0.41,Mobile,Germany,150.0,4560.0,60.0,0.5,25.0,30.0,80.0,0.15
2026-05-06,YouTube - Brand Awareness,YouTube,73,5,20.77,0,0.0,free advertising tutorial youtube,marketing tutorial,broad,0,0.586,0.101,0.156,1.5,0.644,0.41,Desktop,United States,150.0,4560.0,60.0,0.5,25.0,30.0,80.0,0.15
2026-05-06,YouTube - Brand Awareness,YouTube,98,4,15.22,0,0.0,cheap keyword planner software download,keyword planner,broad,0,0.586,0.101,0.156,2.96,0.644,0.41,Desktop,United States,150.0,4560.0,60.0,0.5,25.0,30.0,80.0,0.15
2026-05-06,YouTube - Brand Awareness,YouTube,76,2,29.81,0,0.0,marketing jobs salary definition,jobs,broad,0,0.586,0.101,0.156,1.22,0.644,0.41,Desktop,Germany,150.0,4560.0,60.0,0.5,25.0,30.0,80.0,0.15
2026-05-06,YouTube - Brand Awareness,YouTube,66,4,11.57,0,0.0,how to reset google ads password,support,broad,0,0.586,0.101,0.156,3.22,0.644,0.41,Desktop,United Kingdom,150.0,4560.0,60.0,0.5,25.0,30.0,80.0,0.15
2026-05-07,Google Search - Brand,Google Search,4661,59,71.07,2,193.49,,,,2,0.7,0.02,0.28,1.16,0.77,0.49,Desktop,Canada,150.0,4560.0,30.0,2.5,10.0,100.0,300.0,0.5
2026-05-07,Google Search - Brand,Google Search,633,27,33.09,1,93.59,forecastiq,forecastiq,exact,1,0.7,0.02,0.28,2.65,0.77,0.49,Desktop,United Kingdom,150.0,4560.0,30.0,2.5,10.0,100.0,300.0,0.5
2026-05-07,Google Search - Brand,Google Search,692,54,59.37,3,305.77,forecastiq pricing,forecastiq,phrase,3,0.7,0.02,0.28,2.68,0.77,0.49,Mobile,United Kingdom,150.0,4560.0,30.0,2.5,10.0,100.0,300.0,0.5
2026-05-07,Google Search - Brand,Google Search,459,28,24.05,4,430.61,forecastiq software reviews,forecastiq,broad,4,0.7,0.02,0.28,3.42,0.77,0.49,Mobile,United States,150.0,4560.0,30.0,2.5,10.0,100.0,300.0,0.5
2026-05-07,Google Search - Brand,Google Search,613,39,46.66,0,0.0,forecastiq login portal,forecastiq,phrase,0,0.7,0.02,0.28,2.89,0.77,0.49,Desktop,United States,150.0,4560.0,30.0,2.5,10.0,100.0,300.0,0.5
2026-05-07,Google Search - NonBrand,Google Search,8280,184,393.44,5,286.13,,,,6,0.608,0.132,0.197,3.02,0.669,0.426,Desktop,United Kingdom,300.0,9120.0,40.0,1.5,15.0,60.0,150.0,0.35
2026-05-07,Google Search - NonBrand,Google Search,942,63,93.95,8,502.17,paid ads forecasting tool,forecasting tool,phrase,8,0.608,0.132,0.197,2.91,0.669,0.426,Tablet,United States,300.0,9120.0,40.0,1.5,15.0,60.0,150.0,0.35
2026-05-07,Google Search - NonBrand,Google Search,988,59,99.28,10,650.58,marketing forecasting software,forecasting tool,exact,10,0.608,0.132,0.197,1.31,0.669,0.426,Tablet,Germany,300.0,9120.0,40.0,1.5,15.0,60.0,150.0,0.35
2026-05-07,Google Search - NonBrand,Google Search,922,60,92.85,15,984.55,ppc budget optimization planner,budget optimization,broad,17,0.608,0.132,0.197,3.29,0.669,0.426,Desktop,United States,300.0,9120.0,40.0,1.5,15.0,60.0,150.0,0.35
2026-05-07,Google Search - NonBrand,Google Search,864,23,18.52,0,0.0,ads forecasting template excel,forecasting tool,broad,0,0.608,0.132,0.197,3.13,0.669,0.426,Desktop,Germany,300.0,9120.0,40.0,1.5,15.0,60.0,150.0,0.35
2026-05-07,Google Search - Competitors,Google Search,3332,68,179.28,4,170.66,,,,4,0.671,0.174,0.126,3.19,0.738,0.469,Mobile,Germany,100.0,3040.0,50.0,0.8,20.0,40.0,100.0,0.2
2026-05-07,Google Search - Competitors,Google Search,497,31,33.99,0,0.0,semrush forecasting tool alternative,semrush,phrase,0,0.671,0.174,0.126,3.76,0.738,0.469,Tablet,Germany,100.0,3040.0,50.0,0.8,20.0,40.0,100.0,0.2
2026-05-07,Google Search - Competitors,Google Search,410,30,44.34,0,0.0,ahrefs traffic forecaster,ahrefs,broad,0,0.671,0.174,0.126,2.87,0.738,0.469,Mobile,Canada,100.0,3040.0,50.0,0.8,20.0,40.0,100.0,0.2
2026-05-07,Google Search - Competitors,Google Search,302,16,22.54,0,0.0,spyfu competitor ads budget planner,competitor template,broad,0,0.671,0.174,0.126,2.0,0.738,0.469,Desktop,Canada,100.0,3040.0,50.0,0.8,20.0,40.0,100.0,0.2
2026-05-07,Meta Ads - Prospecting,Meta,1406,74,154.4,4,349.87,,,,4,0.687,0.244,0.163,1.59,0.755,0.481,Desktop,Germany,200.0,6080.0,35.0,1.8,12.0,80.0,200.0,0.4
2026-05-07,Meta Ads - Retargeting,Meta,1363,29,35.12,1,119.1,,,,1,0.4,0.55,0.05,3.25,0.44,0.28,Desktop,United States,50.0,1520.0,25.0,3.5,8.0,120.0,400.0,0.6
2026-05-07,YouTube - Brand Awareness,YouTube,2106,54,113.84,0,0.0,,,,0,0.612,0.181,0.072,2.74,0.673,0.429,Mobile,Germany,150.0,4560.0,60.0,0.5,25.0,30.0,80.0,0.15
2026-05-07,YouTube - Brand Awareness,YouTube,283,6,20.47,0,0.0,free advertising tutorial youtube,marketing tutorial,broad,0,0.612,0.181,0.072,3.67,0.673,0.429,Desktop,United States,150.0,4560.0,60.0,0.5,25.0,30.0,80.0,0.15
2026-05-07,YouTube - Brand Awareness,YouTube,184,8,16.21,0,0.0,cheap keyword planner software download,keyword planner,broad,0,0.612,0.181,0.072,1.5,0.673,0.429,Tablet,Germany,150.0,4560.0,60.0,0.5,25.0,30.0,80.0,0.15
2026-05-07,YouTube - Brand Awareness,YouTube,192,7,32.31,0,0.0,marketing jobs salary definition,jobs,broad,0,0.612,0.181,0.072,2.12,0.673,0.429,Desktop,United Kingdom,150.0,4560.0,60.0,0.5,25.0,30.0,80.0,0.15
2026-05-07,YouTube - Brand Awareness,YouTube,180,9,11.39,0,0.0,how to reset google ads password,support,broad,0,0.612,0.181,0.072,3.51,0.673,0.429,Tablet,Canada,150.0,4560.0,60.0,0.5,25.0,30.0,80.0,0.15
2026-05-08,Google Search - Brand,Google Search,3060,60,126.47,3,287.85,,,,3,0.7,0.02,0.28,3.11,0.77,0.49,Desktop,Germany,150.0,4560.0,30.0,2.5,10.0,100.0,300.0,0.5
2026-05-08,Google Search - Brand,Google Search,388,15,24.23,0,0.0,forecastiq,forecastiq,exact,0,0.7,0.02,0.28,2.05,0.77,0.49,Mobile,United Kingdom,150.0,4560.0,30.0,2.5,10.0,100.0,300.0,0.5
2026-05-08,Google Search - Brand,Google Search,380,20,24.57,1,102.21,forecastiq pricing,forecastiq,phrase,1,0.7,0.02,0.28,3.61,0.77,0.49,Desktop,United States,150.0,4560.0,30.0,2.5,10.0,100.0,300.0,0.5
2026-05-08,Google Search - Brand,Google Search,379,28,22.49,4,422.81,forecastiq software reviews,forecastiq,broad,4,0.7,0.02,0.28,2.57,0.77,0.49,Mobile,Canada,150.0,4560.0,30.0,2.5,10.0,100.0,300.0,0.5
2026-05-08,Google Search - Brand,Google Search,269,17,25.84,0,0.0,forecastiq login portal,forecastiq,phrase,0,0.7,0.02,0.28,2.87,0.77,0.49,Desktop,Germany,150.0,4560.0,30.0,2.5,10.0,100.0,300.0,0.5
2026-05-08,Google Search - NonBrand,Google Search,29463,483,1242.99,18,1062.91,,,,22,0.786,0.177,0.189,1.65,0.864,0.55,Mobile,Germany,300.0,9120.0,40.0,1.5,15.0,60.0,150.0,0.35
2026-05-08,Google Search - NonBrand,Google Search,3200,212,199.83,34,2191.69,paid ads forecasting tool,forecasting tool,phrase,38,0.786,0.177,0.189,1.23,0.864,0.55,Mobile,United States,300.0,9120.0,40.0,1.5,15.0,60.0,150.0,0.35
2026-05-08,Google Search - NonBrand,Google Search,4212,209,320.25,43,2384.99,marketing forecasting software,forecasting tool,exact,48,0.786,0.177,0.189,2.56,0.864,0.55,Tablet,Germany,300.0,9120.0,40.0,1.5,15.0,60.0,150.0,0.35
2026-05-08,Google Search - NonBrand,Google Search,3452,179,274.11,43,2759.74,ppc budget optimization planner,budget optimization,broad,43,0.786,0.177,0.189,2.56,0.864,0.55,Mobile,United Kingdom,300.0,9120.0,40.0,1.5,15.0,60.0,150.0,0.35
2026-05-08,Google Search - NonBrand,Google Search,4175,308,17.25,0,0.0,ads forecasting template excel,forecasting tool,broad,0,0.786,0.177,0.189,2.46,0.864,0.55,Mobile,United States,300.0,9120.0,40.0,1.5,15.0,60.0,150.0,0.35
2026-05-08,Google Search - Competitors,Google Search,2793,49,95.73,1,40.87,,,,1,0.585,0.139,0.076,3.28,0.643,0.409,Tablet,Germany,100.0,3040.0,50.0,0.8,20.0,40.0,100.0,0.2
2026-05-08,Google Search - Competitors,Google Search,268,10,31.95,0,0.0,semrush forecasting tool alternative,semrush,phrase,0,0.585,0.139,0.076,1.5,0.643,0.409,Tablet,United States,100.0,3040.0,50.0,0.8,20.0,40.0,100.0,0.2
2026-05-08,Google Search - Competitors,Google Search,354,24,42.08,0,0.0,ahrefs traffic forecaster,ahrefs,broad,0,0.585,0.139,0.076,1.29,0.643,0.409,Tablet,Canada,100.0,3040.0,50.0,0.8,20.0,40.0,100.0,0.2
2026-05-08,Google Search - Competitors,Google Search,327,12,26.53,0,0.0,spyfu competitor ads budget planner,competitor template,broad,0,0.585,0.139,0.076,3.42,0.643,0.409,Tablet,United Kingdom,100.0,3040.0,50.0,0.8,20.0,40.0,100.0,0.2
2026-05-08,Meta Ads - Prospecting,Meta,7849,167,494.88,15,1131.41,,,,15,0.652,0.088,0.066,3.22,0.717,0.457,Tablet,Canada,200.0,6080.0,35.0,1.8,12.0,80.0,200.0,0.4
2026-05-08,Meta Ads - Retargeting,Meta,315,15,36.77,1,109.1,,,,1,0.4,0.55,0.05,1.41,0.44,0.28,Mobile,United Kingdom,50.0,1520.0,25.0,3.5,8.0,120.0,400.0,0.6
2026-05-08,YouTube - Brand Awareness,YouTube,3740,55,84.22,0,0.0,,,,0,0.875,0.217,0.091,1.21,0.963,0.613,Tablet,United Kingdom,150.0,4560.0,60.0,0.5,25.0,30.0,80.0,0.15
2026-05-08,YouTube - Brand Awareness,YouTube,412,27,20.14,0,0.0,free advertising tutorial youtube,marketing tutorial,broad,0,0.875,0.217,0.091,2.1,0.963,0.613,Mobile,United Kingdom,150.0,4560.0,60.0,0.5,25.0,30.0,80.0,0.15
2026-05-08,YouTube - Brand Awareness,YouTube,338,26,16.62,0,0.0,cheap keyword planner software download,keyword planner,broad,0,0.875,0.217,0.091,2.65,0.963,0.613,Mobile,Germany,150.0,4560.0,60.0,0.5,25.0,30.0,80.0,0.15
2026-05-08,YouTube - Brand Awareness,YouTube,321,19,28.09,0,0.0,marketing jobs salary definition,jobs,broad,0,0.875,0.217,0.091,1.46,0.963,0.613,Tablet,Canada,150.0,4560.0,60.0,0.5,25.0,30.0,80.0,0.15
2026-05-08,YouTube - Brand Awareness,YouTube,541,39,11.96,0,0.0,how to reset google ads password,support,broad,0,0.875,0.217,0.091,1.68,0.963,0.613,Tablet,Germany,150.0,4560.0,60.0,0.5,25.0,30.0,80.0,0.15
2026-05-09,Google Search - Brand,Google Search,510,51,137.84,3,318.33,,,,3,0.7,0.02,0.28,2.16,0.77,0.49,Mobile,Canada,150.0,4560.0,30.0,2.5,10.0,100.0,300.0,0.5
2026-05-09,Google Search - Brand,Google Search,62,4,6.71,0,0.0,forecastiq,forecastiq,exact,0,0.7,0.02,0.28,3.0,0.77,0.49,Tablet,United States,150.0,4560.0,30.0,2.5,10.0,100.0,300.0,0.5
2026-05-09,Google Search - Brand,Google Search,45,3,4.62,0,0.0,forecastiq pricing,forecastiq,phrase,0,0.7,0.02,0.28,2.43,0.77,0.49,Tablet,United Kingdom,150.0,4560.0,30.0,2.5,10.0,100.0,300.0,0.5
2026-05-09,Google Search - Brand,Google Search,56,1,0.82,0,0.0,forecastiq software reviews,forecastiq,broad,0,0.7,0.02,0.28,2.22,0.77,0.49,Mobile,Canada,150.0,4560.0,30.0,2.5,10.0,100.0,300.0,0.5
2026-05-09,Google Search - Brand,Google Search,54,3,5.91,0,0.0,forecastiq login portal,forecastiq,phrase,0,0.7,0.02,0.28,2.31,0.77,0.49,Mobile,Canada,150.0,4560.0,30.0,2.5,10.0,100.0,300.0,0.5
2026-05-09,Google Search - NonBrand,Google Search,20075,275,535.88,6,344.98,,,,6,0.86,0.223,0.082,2.28,0.946,0.602,Desktop,Canada,300.0,9120.0,40.0,1.5,15.0,60.0,150.0,0.35
2026-05-09,Google Search - NonBrand,Google Search,2438,127,226.25,21,1197.48,paid ads forecasting tool,forecasting tool,phrase,22,0.86,0.223,0.082,1.96,0.946,0.602,Desktop,Canada,300.0,9120.0,40.0,1.5,15.0,60.0,150.0,0.35
2026-05-09,Google Search - NonBrand,Google Search,2332,82,104.52,14,855.15,marketing forecasting software,forecasting tool,exact,15,0.86,0.223,0.082,2.51,0.946,0.602,Tablet,Canada,300.0,9120.0,40.0,1.5,15.0,60.0,150.0,0.35
2026-05-09,Google Search - NonBrand,Google Search,2897,155,295.06,44,2724.87,ppc budget optimization planner,budget optimization,broad,49,0.86,0.223,0.082,3.03,0.946,0.602,Tablet,Germany,300.0,9120.0,40.0,1.5,15.0,60.0,150.0,0.35
2026-05-09,Google Search - NonBrand,Google Search,2112,103,17.26,0,0.0,ads forecasting template excel,forecasting tool,broad,0,0.86,0.223,0.082,1.82,0.946,0.602,Mobile,United Kingdom,300.0,9120.0,40.0,1.5,15.0,60.0,150.0,0.35
2026-05-09,Google Search - Competitors,Google Search,816,34,47.8,1,37.0,,,,1,0.636,0.121,0.105,2.9,0.7,0.446,Tablet,United States,100.0,3040.0,50.0,0.8,20.0,40.0,100.0,0.2
2026-05-09,Google Search - Competitors,Google Search,103,7,34.27,0,0.0,semrush forecasting tool alternative,semrush,phrase,0,0.636,0.121,0.105,3.16,0.7,0.446,Desktop,United Kingdom,100.0,3040.0,50.0,0.8,20.0,40.0,100.0,0.2
2026-05-09,Google Search - Competitors,Google Search,90,5,47.25,0,0.0,ahrefs traffic forecaster,ahrefs,broad,0,0.636,0.121,0.105,2.62,0.7,0.446,Tablet,United Kingdom,100.0,3040.0,50.0,0.8,20.0,40.0,100.0,0.2
2026-05-09,Google Search - Competitors,Google Search,91,5,23.68,0,0.0,spyfu competitor ads budget planner,competitor template,broad,0,0.636,0.121,0.105,3.72,0.7,0.446,Tablet,Canada,100.0,3040.0,50.0,0.8,20.0,40.0,100.0,0.2
2026-05-09,Meta Ads - Prospecting,Meta,3180,60,109.46,3,224.99,,,,3,0.852,0.108,0.158,1.87,0.937,0.596,Mobile,United Kingdom,200.0,6080.0,35.0,1.8,12.0,80.0,200.0,0.4
2026-05-09,Meta Ads - Retargeting,Meta,1628,22,42.18,1,130.97,,,,1,0.4,0.55,0.05,2.79,0.44,0.28,Mobile,United Kingdom,50.0,1520.0,25.0,3.5,8.0,120.0,400.0,0.6
2026-05-09,YouTube - Brand Awareness,YouTube,2754,81,206.51,0,0.0,,,,0,0.729,0.111,0.063,3.37,0.802,0.511,Mobile,United States,150.0,4560.0,60.0,0.5,25.0,30.0,80.0,0.15
2026-05-09,YouTube - Brand Awareness,YouTube,250,7,23.87,0,0.0,free advertising tutorial youtube,marketing tutorial,broad,0,0.729,0.111,0.063,3.07,0.802,0.511,Desktop,United Kingdom,150.0,4560.0,60.0,0.5,25.0,30.0,80.0,0.15
2026-05-09,YouTube - Brand Awareness,YouTube,341,8,15.14,0,0.0,cheap keyword planner software download,keyword planner,broad,0,0.729,0.111,0.063,1.43,0.802,0.511,Desktop,Germany,150.0,4560.0,60.0,0.5,25.0,30.0,80.0,0.15
2026-05-09,YouTube - Brand Awareness,YouTube,410,25,32.79,0,0.0,marketing jobs salary definition,jobs,broad,0,0.729,0.111,0.063,2.42,0.802,0.511,Mobile,Canada,150.0,4560.0,60.0,0.5,25.0,30.0,80.0,0.15
2026-05-09,YouTube - Brand Awareness,YouTube,310,23,12.22,0,0.0,how to reset google ads password,support,broad,0,0.729,0.111,0.063,1.42,0.802,0.511,Tablet,Germany,150.0,4560.0,60.0,0.5,25.0,30.0,80.0,0.15
2026-05-10,Google Search - Brand,Google Search,826,59,163.01,6,590.84,,,,6,0.7,0.02,0.28,2.51,0.77,0.49,Desktop,United Kingdom,150.0,4560.0,30.0,2.5,10.0,100.0,300.0,0.5
2026-05-10,Google Search - Brand,Google Search,95,5,6.71,0,0.0,forecastiq,forecastiq,exact,0,0.7,0.02,0.28,1.9,0.77,0.49,Tablet,Canada,150.0,4560.0,30.0,2.5,10.0,100.0,300.0,0.5
2026-05-10,Google Search - Brand,Google Search,66,5,8.7,0,0.0,forecastiq pricing,forecastiq,phrase,0,0.7,0.02,0.28,3.44,0.77,0.49,Tablet,Canada,150.0,4560.0,30.0,2.5,10.0,100.0,300.0,0.5
2026-05-10,Google Search - Brand,Google Search,120,8,15.99,1,104.42,forecastiq software reviews,forecastiq,broad,1,0.7,0.02,0.28,1.87,0.77,0.49,Desktop,Germany,150.0,4560.0,30.0,2.5,10.0,100.0,300.0,0.5
2026-05-10,Google Search - Brand,Google Search,120,7,13.55,0,0.0,forecastiq login portal,forecastiq,phrase,0,0.7,0.02,0.28,2.58,0.77,0.49,Tablet,United Kingdom,150.0,4560.0,30.0,2.5,10.0,100.0,300.0,0.5
2026-05-10,Google Search - NonBrand,Google Search,20130,305,675.43,7,455.79,,,,8,0.784,0.196,0.166,3.35,0.862,0.549,Tablet,United States,300.0,9120.0,40.0,1.5,15.0,60.0,150.0,0.35
2026-05-10,Google Search - NonBrand,Google Search,2701,118,109.99,17,934.08,paid ads forecasting tool,forecasting tool,phrase,19,0.784,0.196,0.166,2.83,0.862,0.549,Mobile,Germany,300.0,9120.0,40.0,1.5,15.0,60.0,150.0,0.35
2026-05-10,Google Search - NonBrand,Google Search,2864,95,102.07,16,879.3,marketing forecasting software,forecasting tool,exact,17,0.784,0.196,0.166,3.33,0.862,0.549,Tablet,United Kingdom,300.0,9120.0,40.0,1.5,15.0,60.0,150.0,0.35
2026-05-10,Google Search - NonBrand,Google Search,2899,66,53.7,13,718.69,ppc budget optimization planner,budget optimization,broad,15,0.784,0.196,0.166,2.91,0.862,0.549,Tablet,United Kingdom,300.0,9120.0,40.0,1.5,15.0,60.0,150.0,0.35
2026-05-10,Google Search - NonBrand,Google Search,1877,143,19.03,0,0.0,ads forecasting template excel,forecasting tool,broad,0,0.784,0.196,0.166,2.03,0.862,0.549,Desktop,Germany,300.0,9120.0,40.0,1.5,15.0,60.0,150.0,0.35
2026-05-10,Google Search - Competitors,Google Search,1386,22,35.45,0,0.0,,,,0,0.822,0.1,0.133,3.32,0.905,0.576,Desktop,United Kingdom,100.0,3040.0,50.0,0.8,20.0,40.0,100.0,0.2
2026-05-10,Google Search - Competitors,Google Search,182,14,34.01,0,0.0,semrush forecasting tool alternative,semrush,phrase,0,0.822,0.1,0.133,2.65,0.905,0.576,Tablet,Canada,100.0,3040.0,50.0,0.8,20.0,40.0,100.0,0.2
2026-05-10,Google Search - Competitors,Google Search,149,7,46.03,0,0.0,ahrefs traffic forecaster,ahrefs,broad,0,0.822,0.1,0.133,1.74,0.905,0.576,Mobile,Canada,100.0,3040.0,50.0,0.8,20.0,40.0,100.0,0.2
2026-05-10,Google Search - Competitors,Google Search,128,3,22.55,0,0.0,spyfu competitor ads budget planner,competitor template,broad,0,0.822,0.1,0.133,2.89,0.905,0.576,Tablet,Germany,100.0,3040.0,50.0,0.8,20.0,40.0,100.0,0.2
2026-05-10,Meta Ads - Prospecting,Meta,3774,51,95.97,2,154.74,,,,2,0.636,0.154,0.079,1.44,0.7,0.446,Mobile,Germany,200.0,6080.0,35.0,1.8,12.0,80.0,200.0,0.4
2026-05-10,Meta Ads - Retargeting,Meta,708,12,22.64,0,0.0,,,,0,0.4,0.55,0.05,2.43,0.44,0.28,Desktop,United Kingdom,50.0,1520.0,25.0,3.5,8.0,120.0,400.0,0.6
2026-05-10,YouTube - Brand Awareness,YouTube,1722,41,68.29,0,0.0,,,,0,0.57,0.114,0.132,3.09,0.627,0.399,Tablet,United Kingdom,150.0,4560.0,60.0,0.5,25.0,30.0,80.0,0.15
2026-05-10,YouTube - Brand Awareness,YouTube,162,3,21.96,0,0.0,free advertising tutorial youtube,marketing tutorial,broad,0,0.57,0.114,0.132,1.97,0.627,0.399,Tablet,Canada,150.0,4560.0,60.0,0.5,25.0,30.0,80.0,0.15
2026-05-10,YouTube - Brand Awareness,YouTube,253,12,15.42,0,0.0,cheap keyword planner software download,keyword planner,broad,0,0.57,0.114,0.132,2.71,0.627,0.399,Mobile,Canada,150.0,4560.0,60.0,0.5,25.0,30.0,80.0,0.15
2026-05-10,YouTube - Brand Awareness,YouTube,157,12,32.44,0,0.0,marketing jobs salary definition,jobs,broad,0,0.57,0.114,0.132,2.9,0.627,0.399,Mobile,Canada,150.0,4560.0,60.0,0.5,25.0,30.0,80.0,0.15
2026-05-10,YouTube - Brand Awareness,YouTube,189,10,12.55,0,0.0,how to reset google ads password,support,broad,0,0.57,0.114,0.132,2.17,0.627,0.399,Desktop,Canada,150.0,4560.0,60.0,0.5,25.0,30.0,80.0,0.15
2026-05-11,Google Search - Brand,Google Search,3422,58,173.52,5,530.03,,,,5,0.7,0.02,0.28,2.36,0.77,0.49,Desktop,United States,150.0,4560.0,30.0,2.5,10.0,100.0,300.0,0.5
2026-05-11,Google Search - Brand,Google Search,409,22,33.62,1,97.42,forecastiq,forecastiq,exact,1,0.7,0.02,0.28,2.22,0.77,0.49,Tablet,United Kingdom,150.0,4560.0,30.0,2.5,10.0,100.0,300.0,0.5
2026-05-11,Google Search - Brand,Google Search,430,32,39.67,2,194.0,forecastiq pricing,forecastiq,phrase,2,0.7,0.02,0.28,1.69,0.77,0.49,Tablet,United States,150.0,4560.0,30.0,2.5,10.0,100.0,300.0,0.5
2026-05-11,Google Search - Brand,Google Search,470,25,46.7,4,373.52,forecastiq software reviews,forecastiq,broad,4,0.7,0.02,0.28,2.68,0.77,0.49,Desktop,United Kingdom,150.0,4560.0,30.0,2.5,10.0,100.0,300.0,0.5
2026-05-11,Google Search - Brand,Google Search,459,31,29.51,0,0.0,forecastiq login portal,forecastiq,phrase,0,0.7,0.02,0.28,1.92,0.77,0.49,Tablet,Canada,150.0,4560.0,30.0,2.5,10.0,100.0,300.0,0.5
2026-05-11,Google Search - NonBrand,Google Search,22000,275,315.65,3,195.49,,,,3,0.663,0.061,0.092,1.66,0.729,0.464,Tablet,United Kingdom,300.0,9120.0,40.0,1.5,15.0,60.0,150.0,0.35
2026-05-11,Google Search - NonBrand,Google Search,2767,69,59.76,9,496.57,paid ads forecasting tool,forecasting tool,phrase,9,0.663,0.061,0.092,3.69,0.729,0.464,Mobile,Germany,300.0,9120.0,40.0,1.5,15.0,60.0,150.0,0.35
2026-05-11,Google Search - NonBrand,Google Search,2152,98,184.07,16,1000.36,marketing forecasting software,forecasting tool,exact,18,0.663,0.061,0.092,2.03,0.729,0.464,Desktop,Germany,300.0,9120.0,40.0,1.5,15.0,60.0,150.0,0.35
2026-05-11,Google Search - NonBrand,Google Search,2133,120,116.16,28,1670.23,ppc budget optimization planner,budget optimization,broad,32,0.663,0.061,0.092,3.52,0.729,0.464,Tablet,United Kingdom,300.0,9120.0,40.0,1.5,15.0,60.0,150.0,0.35
2026-05-11,Google Search - NonBrand,Google Search,2152,74,19.89,0,0.0,ads forecasting template excel,forecasting tool,broad,0,0.663,0.061,0.092,3.66,0.729,0.464,Tablet,United Kingdom,300.0,9120.0,40.0,1.5,15.0,60.0,150.0,0.35
2026-05-11,Google Search - Competitors,Google Search,3658,59,67.74,1,37.27,,,,1,0.752,0.207,0.112,2.28,0.827,0.526,Mobile,Germany,100.0,3040.0,50.0,0.8,20.0,40.0,100.0,0.2
2026-05-11,Google Search - Competitors,Google Search,371,22,33.75,0,0.0,semrush forecasting tool alternative,semrush,phrase,0,0.752,0.207,0.112,2.66,0.827,0.526,Mobile,United States,100.0,3040.0,50.0,0.8,20.0,40.0,100.0,0.2
2026-05-11,Google Search - Competitors,Google Search,350,23,49.48,0,0.0,ahrefs traffic forecaster,ahrefs,broad,0,0.752,0.207,0.112,2.08,0.827,0.526,Desktop,Canada,100.0,3040.0,50.0,0.8,20.0,40.0,100.0,0.2
2026-05-11,Google Search - Competitors,Google Search,526,22,22.55,0,0.0,spyfu competitor ads budget planner,competitor template,broad,0,0.752,0.207,0.112,1.28,0.827,0.526,Mobile,Canada,100.0,3040.0,50.0,0.8,20.0,40.0,100.0,0.2
2026-05-11,Meta Ads - Prospecting,Meta,1911,91,119.66,3,253.31,,,,3,0.643,0.079,0.176,1.86,0.708,0.45,Mobile,Canada,200.0,6080.0,35.0,1.8,12.0,80.0,200.0,0.4
2026-05-11,Meta Ads - Retargeting,Meta,750,15,31.71,1,125.89,,,,1,0.4,0.55,0.05,2.22,0.44,0.28,Mobile,Germany,50.0,1520.0,25.0,3.5,8.0,120.0,400.0,0.6
2026-05-11,YouTube - Brand Awareness,YouTube,3619,47,101.27,0,0.0,,,,0,0.787,0.228,0.064,1.25,0.865,0.551,Tablet,Germany,150.0,4560.0,60.0,0.5,25.0,30.0,80.0,0.15
2026-05-11,YouTube - Brand Awareness,YouTube,379,27,19.81,0,0.0,free advertising tutorial youtube,marketing tutorial,broad,0,0.787,0.228,0.064,1.88,0.865,0.551,Tablet,United States,150.0,4560.0,60.0,0.5,25.0,30.0,80.0,0.15
2026-05-11,YouTube - Brand Awareness,YouTube,444,26,15.94,0,0.0,cheap keyword planner software download,keyword planner,broad,0,0.787,0.228,0.064,3.43,0.865,0.551,Desktop,United States,150.0,4560.0,60.0,0.5,25.0,30.0,80.0,0.15
2026-05-11,YouTube - Brand Awareness,YouTube,349,23,28.66,0,0.0,marketing jobs salary definition,jobs,broad,0,0.787,0.228,0.064,1.64,0.865,0.551,Desktop,United States,150.0,4560.0,60.0,0.5,25.0,30.0,80.0,0.15
2026-05-11,YouTube - Brand Awareness,YouTube,518,25,10.87,0,0.0,how to reset google ads password,support,broad,0,0.787,0.228,0.064,2.41,0.865,0.551,Tablet,United Kingdom,150.0,4560.0,60.0,0.5,25.0,30.0,80.0,0.15
2026-05-12,Google Search - Brand,Google Search,7420,140,200.15,7,723.7,,,,7,0.7,0.02,0.28,3.17,0.77,0.49,Mobile,United Kingdom,150.0,4560.0,30.0,2.5,10.0,100.0,300.0,0.5
2026-05-12,Google Search - Brand,Google Search,683,15,24.57,0,0.0,forecastiq,forecastiq,exact,0,0.7,0.02,0.28,3.54,0.77,0.49,Tablet,Canada,150.0,4560.0,30.0,2.5,10.0,100.0,300.0,0.5
2026-05-12,Google Search - Brand,Google Search,629,38,43.06,3,271.46,forecastiq pricing,forecastiq,phrase,3,0.7,0.02,0.28,2.55,0.77,0.49,Desktop,United Kingdom,150.0,4560.0,30.0,2.5,10.0,100.0,300.0,0.5
2026-05-12,Google Search - Brand,Google Search,1013,77,90.19,12,1178.78,forecastiq software reviews,forecastiq,broad,13,0.7,0.02,0.28,2.88,0.77,0.49,Tablet,Germany,150.0,4560.0,30.0,2.5,10.0,100.0,300.0,0.5
2026-05-12,Google Search - Brand,Google Search,775,17,22.93,0,0.0,forecastiq login portal,forecastiq,phrase,0,0.7,0.02,0.28,3.66,0.77,0.49,Mobile,United Kingdom,150.0,4560.0,30.0,2.5,10.0,100.0,300.0,0.5
2026-05-12,Google Search - NonBrand,Google Search,14616,203,526.64,6,371.14,,,,6,0.882,0.059,0.056,2.31,0.97,0.617,Mobile,Germany,300.0,9120.0,40.0,1.5,15.0,60.0,150.0,0.35
2026-05-12,Google Search - NonBrand,Google Search,1974,46,73.66,5,283.01,paid ads forecasting tool,forecasting tool,phrase,5,0.882,0.059,0.056,3.68,0.97,0.617,Mobile,United States,300.0,9120.0,40.0,1.5,15.0,60.0,150.0,0.35
2026-05-12,Google Search - NonBrand,Google Search,2075,151,252.49,27,1584.87,marketing forecasting software,forecasting tool,exact,27,0.882,0.059,0.056,1.52,0.97,0.617,Desktop,United Kingdom,300.0,9120.0,40.0,1.5,15.0,60.0,150.0,0.35
2026-05-12,Google Search - NonBrand,Google Search,1568,33,30.2,9,584.84,ppc budget optimization planner,budget optimization,broad,9,0.882,0.059,0.056,2.68,0.97,0.617,Tablet,Germany,300.0,9120.0,40.0,1.5,15.0,60.0,150.0,0.35
2026-05-12,Google Search - NonBrand,Google Search,1282,37,18.88,0,0.0,ads forecasting template excel,forecasting tool,broad,0,0.882,0.059,0.056,3.75,0.97,0.617,Desktop,United States,300.0,9120.0,40.0,1.5,15.0,60.0,150.0,0.35
2026-05-12,Google Search - Competitors,Google Search,2040,68,113.93,2,85.13,,,,2,0.733,0.207,0.136,1.63,0.806,0.513,Mobile,United Kingdom,100.0,3040.0,50.0,0.8,20.0,40.0,100.0,0.2
2026-05-12,Google Search - Competitors,Google Search,215,11,35.39,0,0.0,semrush forecasting tool alternative,semrush,phrase,0,0.733,0.207,0.136,1.59,0.806,0.513,Desktop,Canada,100.0,3040.0,50.0,0.8,20.0,40.0,100.0,0.2
2026-05-12,Google Search - Competitors,Google Search,289,20,46.81,0,0.0,ahrefs traffic forecaster,ahrefs,broad,0,0.733,0.207,0.136,1.95,0.806,0.513,Mobile,United Kingdom,100.0,3040.0,50.0,0.8,20.0,40.0,100.0,0.2
2026-05-12,Google Search - Competitors,Google Search,177,10,27.27,0,0.0,spyfu competitor ads budget planner,competitor template,broad,0,0.733,0.207,0.136,2.51,0.806,0.513,Tablet,United States,100.0,3040.0,50.0,0.8,20.0,40.0,100.0,0.2
2026-05-12,Meta Ads - Prospecting,Meta,1482,78,187.13,5,377.47,,,,5,0.84,0.205,0.089,2.47,0.925,0.588,Desktop,United States,200.0,6080.0,35.0,1.8,12.0,80.0,200.0,0.4
2026-05-12,Meta Ads - Retargeting,Meta,1368,19,32.15,1,111.48,,,,1,0.4,0.55,0.05,2.62,0.44,0.28,Mobile,Canada,50.0,1520.0,25.0,3.5,8.0,120.0,400.0,0.6
2026-05-12,YouTube - Brand Awareness,YouTube,3638,107,132.44,0,0.0,,,,0,0.647,0.134,0.075,2.89,0.712,0.453,Mobile,Canada,150.0,4560.0,60.0,0.5,25.0,30.0,80.0,0.15
2026-05-12,YouTube - Brand Awareness,YouTube,308,17,21.38,0,0.0,free advertising tutorial youtube,marketing tutorial,broad,0,0.647,0.134,0.075,2.92,0.712,0.453,Tablet,Canada,150.0,4560.0,60.0,0.5,25.0,30.0,80.0,0.15
2026-05-12,YouTube - Brand Awareness,YouTube,496,18,16.52,0,0.0,cheap keyword planner software download,keyword planner,broad,0,0.647,0.134,0.075,2.46,0.712,0.453,Desktop,Germany,150.0,4560.0,60.0,0.5,25.0,30.0,80.0,0.15
2026-05-12,YouTube - Brand Awareness,YouTube,358,12,27.87,0,0.0,marketing jobs salary definition,jobs,broad,0,0.647,0.134,0.075,1.97,0.712,0.453,Desktop,United Kingdom,150.0,4560.0,60.0,0.5,25.0,30.0,80.0,0.15
2026-05-12,YouTube - Brand Awareness,YouTube,421,11,11.09,0,0.0,how to reset google ads password,support,broad,0,0.647,0.134,0.075,3.21,0.712,0.453,Desktop,Germany,150.0,4560.0,60.0,0.5,25.0,30.0,80.0,0.15
2026-05-13,Google Search - Brand,Google Search,3712,58,147.31,4,370.11,,,,5,0.7,0.02,0.28,1.9,0.77,0.49,Mobile,Germany,150.0,4560.0,30.0,2.5,10.0,100.0,300.0,0.5
2026-05-13,Google Search - Brand,Google Search,480,25,23.13,1,91.33,forecastiq,forecastiq,exact,1,0.7,0.02,0.28,2.53,0.77,0.49,Tablet,United Kingdom,150.0,4560.0,30.0,2.5,10.0,100.0,300.0,0.5
2026-05-13,Google Search - Brand,Google Search,398,14,26.93,0,0.0,forecastiq pricing,forecastiq,phrase,0,0.7,0.02,0.28,3.58,0.77,0.49,Mobile,Canada,150.0,4560.0,30.0,2.5,10.0,100.0,300.0,0.5
2026-05-13,Google Search - Brand,Google Search,457,26,35.67,3,325.16,forecastiq software reviews,forecastiq,broad,3,0.7,0.02,0.28,2.13,0.77,0.49,Desktop,Germany,150.0,4560.0,30.0,2.5,10.0,100.0,300.0,0.5
2026-05-13,Google Search - Brand,Google Search,520,39,34.17,0,0.0,forecastiq login portal,forecastiq,phrase,0,0.7,0.02,0.28,2.11,0.77,0.49,Desktop,United Kingdom,150.0,4560.0,30.0,2.5,10.0,100.0,300.0,0.5
2026-05-13,Google Search - NonBrand,Google Search,9114,294,761.99,9,549.29,,,,10,0.728,0.15,0.173,2.87,0.8,0.509,Mobile,United States,300.0,9120.0,40.0,1.5,15.0,60.0,150.0,0.35
2026-05-13,Google Search - NonBrand,Google Search,869,50,63.66,6,355.0,paid ads forecasting tool,forecasting tool,phrase,6,0.728,0.15,0.173,2.08,0.8,0.509,Desktop,United States,300.0,9120.0,40.0,1.5,15.0,60.0,150.0,0.35
2026-05-13,Google Search - NonBrand,Google Search,1365,66,112.77,13,834.6,marketing forecasting software,forecasting tool,exact,13,0.728,0.15,0.173,2.55,0.8,0.509,Desktop,United Kingdom,300.0,9120.0,40.0,1.5,15.0,60.0,150.0,0.35
2026-05-13,Google Search - NonBrand,Google Search,1293,54,104.68,10,655.28,ppc budget optimization planner,budget optimization,broad,10,0.728,0.15,0.173,2.46,0.8,0.509,Mobile,Germany,300.0,9120.0,40.0,1.5,15.0,60.0,150.0,0.35
2026-05-13,Google Search - NonBrand,Google Search,1056,44,19.52,0,0.0,ads forecasting template excel,forecasting tool,broad,0,0.728,0.15,0.173,1.66,0.8,0.509,Desktop,United States,300.0,9120.0,40.0,1.5,15.0,60.0,150.0,0.35
2026-05-13,Google Search - Competitors,Google Search,1000,40,118.45,2,82.7,,,,2,0.894,0.153,0.093,1.35,0.984,0.626,Mobile,Canada,100.0,3040.0,50.0,0.8,20.0,40.0,100.0,0.2
2026-05-13,Google Search - Competitors,Google Search,134,3,33.3,0,0.0,semrush forecasting tool alternative,semrush,phrase,0,0.894,0.153,0.093,1.73,0.984,0.626,Tablet,United States,100.0,3040.0,50.0,0.8,20.0,40.0,100.0,0.2
2026-05-13,Google Search - Competitors,Google Search,132,9,46.6,0,0.0,ahrefs traffic forecaster,ahrefs,broad,0,0.894,0.153,0.093,3.79,0.984,0.626,Desktop,United Kingdom,100.0,3040.0,50.0,0.8,20.0,40.0,100.0,0.2
2026-05-13,Google Search - Competitors,Google Search,94,5,27.16,0,0.0,spyfu competitor ads budget planner,competitor template,broad,0,0.894,0.153,0.093,2.39,0.984,0.626,Tablet,United States,100.0,3040.0,50.0,0.8,20.0,40.0,100.0,0.2
2026-05-13,Meta Ads - Prospecting,Meta,1224,68,130.34,4,291.17,,,,4,0.808,0.238,0.192,2.12,0.889,0.566,Tablet,United States,200.0,6080.0,35.0,1.8,12.0,80.0,200.0,0.4
2026-05-13,Meta Ads - Retargeting,Meta,1050,21,36.99,1,131.62,,,,1,0.4,0.55,0.05,3.33,0.44,0.28,Mobile,Canada,50.0,1520.0,25.0,3.5,8.0,120.0,400.0,0.6
2026-05-13,YouTube - Brand Awareness,YouTube,3472,56,73.15,0,0.0,,,,0,0.881,0.056,0.131,1.33,0.969,0.617,Mobile,Canada,150.0,4560.0,60.0,0.5,25.0,30.0,80.0,0.15
2026-05-13,YouTube - Brand Awareness,YouTube,364,16,21.19,0,0.0,free advertising tutorial youtube,marketing tutorial,broad,0,0.881,0.056,0.131,2.13,0.969,0.617,Desktop,Canada,150.0,4560.0,60.0,0.5,25.0,30.0,80.0,0.15
2026-05-13,YouTube - Brand Awareness,YouTube,323,22,17.25,0,0.0,cheap keyword planner software download,keyword planner,broad,0,0.881,0.056,0.131,3.61,0.969,0.617,Mobile,United Kingdom,150.0,4560.0,60.0,0.5,25.0,30.0,80.0,0.15
2026-05-13,YouTube - Brand Awareness,YouTube,339,9,27.21,0,0.0,marketing jobs salary definition,jobs,broad,0,0.881,0.056,0.131,1.22,0.969,0.617,Tablet,Germany,150.0,4560.0,60.0,0.5,25.0,30.0,80.0,0.15
2026-05-13,YouTube - Brand Awareness,YouTube,461,35,11.39,0,0.0,how to reset google ads password,support,broad,0,0.881,0.056,0.131,1.57,0.969,0.617,Tablet,Canada,150.0,4560.0,60.0,0.5,25.0,30.0,80.0,0.15
2026-05-14,Google Search - Brand,Google Search,969,57,60.89,2,183.53,,,,2,0.7,0.02,0.28,1.56,0.77,0.49,Mobile,United Kingdom,150.0,4560.0,30.0,2.5,10.0,100.0,300.0,0.5
2026-05-14,Google Search - Brand,Google Search,108,3,3.17,0,0.0,forecastiq,forecastiq,exact,0,0.7,0.02,0.28,1.3,0.77,0.49,Mobile,United States,150.0,4560.0,30.0,2.5,10.0,100.0,300.0,0.5
2026-05-14,Google Search - Brand,Google Search,135,4,4.72,0,0.0,forecastiq pricing,forecastiq,phrase,0,0.7,0.02,0.28,2.62,0.77,0.49,Desktop,United States,150.0,4560.0,30.0,2.5,10.0,100.0,300.0,0.5
2026-05-14,Google Search - Brand,Google Search,134,3,4.58,0,0.0,forecastiq software reviews,forecastiq,broad,0,0.7,0.02,0.28,2.98,0.77,0.49,Mobile,Germany,150.0,4560.0,30.0,2.5,10.0,100.0,300.0,0.5
2026-05-14,Google Search - Brand,Google Search,123,7,8.12,0,0.0,forecastiq login portal,forecastiq,phrase,0,0.7,0.02,0.28,3.12,0.77,0.49,Mobile,United States,150.0,4560.0,30.0,2.5,10.0,100.0,300.0,0.5
2026-05-14,Google Search - NonBrand,Google Search,5719,301,562.16,8,476.74,,,,9,0.785,0.134,0.058,3.37,0.864,0.55,Mobile,Canada,300.0,9120.0,40.0,1.5,15.0,60.0,150.0,0.35
2026-05-14,Google Search - NonBrand,Google Search,464,18,35.09,3,163.45,paid ads forecasting tool,forecasting tool,phrase,3,0.785,0.134,0.058,1.87,0.864,0.55,Mobile,United Kingdom,300.0,9120.0,40.0,1.5,15.0,60.0,150.0,0.35
2026-05-14,Google Search - NonBrand,Google Search,799,55,64.36,11,623.48,marketing forecasting software,forecasting tool,exact,11,0.785,0.134,0.058,3.33,0.864,0.55,Mobile,Canada,300.0,9120.0,40.0,1.5,15.0,60.0,150.0,0.35
2026-05-14,Google Search - NonBrand,Google Search,565,25,24.62,5,314.92,ppc budget optimization planner,budget optimization,broad,5,0.785,0.134,0.058,2.34,0.864,0.55,Mobile,Germany,300.0,9120.0,40.0,1.5,15.0,60.0,150.0,0.35
2026-05-14,Google Search - NonBrand,Google Search,509,37,17.88,0,0.0,ads forecasting template excel,forecasting tool,broad,0,0.785,0.134,0.058,3.05,0.864,0.55,Desktop,United States,300.0,9120.0,40.0,1.5,15.0,60.0,150.0,0.35
2026-05-14,Google Search - Competitors,Google Search,2067,39,94.38,1,42.2,,,,1,0.723,0.112,0.192,1.99,0.795,0.506,Mobile,United States,100.0,3040.0,50.0,0.8,20.0,40.0,100.0,0.2
2026-05-14,Google Search - Competitors,Google Search,218,12,34.78,0,0.0,semrush forecasting tool alternative,semrush,phrase,0,0.723,0.112,0.192,1.93,0.795,0.506,Tablet,United States,100.0,3040.0,50.0,0.8,20.0,40.0,100.0,0.2
2026-05-14,Google Search - Competitors,Google Search,174,6,42.45,0,0.0,ahrefs traffic forecaster,ahrefs,broad,0,0.723,0.112,0.192,1.79,0.795,0.506,Mobile,United Kingdom,100.0,3040.0,50.0,0.8,20.0,40.0,100.0,0.2
2026-05-14,Google Search - Competitors,Google Search,288,16,26.89,0,0.0,spyfu competitor ads budget planner,competitor template,broad,0,0.723,0.112,0.192,3.71,0.795,0.506,Desktop,Germany,100.0,3040.0,50.0,0.8,20.0,40.0,100.0,0.2
2026-05-14,Meta Ads - Prospecting,Meta,3900,100,229.48,5,423.17,,,,5,0.765,0.124,0.084,2.31,0.842,0.536,Tablet,United Kingdom,200.0,6080.0,35.0,1.8,12.0,80.0,200.0,0.4
2026-05-14,Meta Ads - Retargeting,Meta,448,16,17.56,0,0.0,,,,0,0.4,0.55,0.05,2.81,0.44,0.28,Mobile,United Kingdom,50.0,1520.0,25.0,3.5,8.0,120.0,400.0,0.6
2026-05-14,YouTube - Brand Awareness,YouTube,4462,97,155.01,0,0.0,,,,0,0.6,0.097,0.108,1.91,0.66,0.42,Tablet,Canada,150.0,4560.0,60.0,0.5,25.0,30.0,80.0,0.15
2026-05-14,YouTube - Brand Awareness,YouTube,632,26,20.29,0,0.0,free advertising tutorial youtube,marketing tutorial,broad,0,0.6,0.097,0.108,3.31,0.66,0.42,Tablet,United States,150.0,4560.0,60.0,0.5,25.0,30.0,80.0,0.15
2026-05-14,YouTube - Brand Awareness,YouTube,592,32,15.06,0,0.0,cheap keyword planner software download,keyword planner,broad,0,0.6,0.097,0.108,3.1,0.66,0.42,Desktop,United States,150.0,4560.0,60.0,0.5,25.0,30.0,80.0,0.15
2026-05-14,YouTube - Brand Awareness,YouTube,644,14,31.49,0,0.0,marketing jobs salary definition,jobs,broad,0,0.6,0.097,0.108,3.56,0.66,0.42,Tablet,United Kingdom,150.0,4560.0,60.0,0.5,25.0,30.0,80.0,0.15
2026-05-14,YouTube - Brand Awareness,YouTube,379,11,12.86,0,0.0,how to reset google ads password,support,broad,0,0.6,0.097,0.108,1.69,0.66,0.42,Mobile,United Kingdom,150.0,4560.0,60.0,0.5,25.0,30.0,80.0,0.15
2026-05-15,Google Search - Brand,Google Search,3696,48,140.1,5,482.42,,,,6,0.7,0.02,0.28,1.25,0.77,0.49,Tablet,United Kingdom,150.0,4560.0,30.0,2.5,10.0,100.0,300.0,0.5
2026-05-15,Google Search - Brand,Google Search,295,6,10.11,0,0.0,forecastiq,forecastiq,exact,0,0.7,0.02,0.28,1.26,0.77,0.49,Tablet,Canada,150.0,4560.0,30.0,2.5,10.0,100.0,300.0,0.5
2026-05-15,Google Search - Brand,Google Search,505,14,24.79,1,94.3,forecastiq pricing,forecastiq,phrase,1,0.7,0.02,0.28,3.73,0.77,0.49,Desktop,Canada,150.0,4560.0,30.0,2.5,10.0,100.0,300.0,0.5
2026-05-15,Google Search - Brand,Google Search,473,36,39.22,5,492.89,forecastiq software reviews,forecastiq,broad,5,0.7,0.02,0.28,1.23,0.77,0.49,Mobile,Canada,150.0,4560.0,30.0,2.5,10.0,100.0,300.0,0.5
2026-05-15,Google Search - Brand,Google Search,347,26,29.13,0,0.0,forecastiq login portal,forecastiq,phrase,0,0.7,0.02,0.28,2.76,0.77,0.49,Desktop,Canada,150.0,4560.0,30.0,2.5,10.0,100.0,300.0,0.5
2026-05-15,Google Search - NonBrand,Google Search,15675,275,575.85,8,433.18,,,,8,0.875,0.191,0.059,2.23,0.963,0.613,Desktop,Germany,300.0,9120.0,40.0,1.5,15.0,60.0,150.0,0.35
2026-05-15,Google Search - NonBrand,Google Search,1708,36,38.71,5,327.65,paid ads forecasting tool,forecasting tool,phrase,5,0.875,0.191,0.059,2.6,0.963,0.613,Desktop,United States,300.0,9120.0,40.0,1.5,15.0,60.0,150.0,0.35
2026-05-15,Google Search - NonBrand,Google Search,1624,65,125.95,12,721.96,marketing forecasting software,forecasting tool,exact,13,0.875,0.191,0.059,1.45,0.963,0.613,Tablet,Germany,300.0,9120.0,40.0,1.5,15.0,60.0,150.0,0.35
2026-05-15,Google Search - NonBrand,Google Search,1889,147,275.78,42,2731.94,ppc budget optimization planner,budget optimization,broad,45,0.875,0.191,0.059,3.72,0.963,0.613,Desktop,United States,300.0,9120.0,40.0,1.5,15.0,60.0,150.0,0.35
2026-05-15,Google Search - NonBrand,Google Search,1375,61,17.11,0,0.0,ads forecasting template excel,forecasting tool,broad,0,0.875,0.191,0.059,1.39,0.963,0.613,Mobile,United Kingdom,300.0,9120.0,40.0,1.5,15.0,60.0,150.0,0.35
2026-05-15,Google Search - Competitors,Google Search,2001,69,110.46,2,74.75,,,,2,0.564,0.106,0.161,2.42,0.621,0.395,Tablet,United States,100.0,3040.0,50.0,0.8,20.0,40.0,100.0,0.2
2026-05-15,Google Search - Competitors,Google Search,252,14,32.94,0,0.0,semrush forecasting tool alternative,semrush,phrase,0,0.564,0.106,0.161,2.71,0.621,0.395,Desktop,United Kingdom,100.0,3040.0,50.0,0.8,20.0,40.0,100.0,0.2
2026-05-15,Google Search - Competitors,Google Search,165,3,47.34,0,0.0,ahrefs traffic forecaster,ahrefs,broad,0,0.564,0.106,0.161,3.05,0.621,0.395,Tablet,Germany,100.0,3040.0,50.0,0.8,20.0,40.0,100.0,0.2
2026-05-15,Google Search - Competitors,Google Search,199,4,24.99,0,0.0,spyfu competitor ads budget planner,competitor template,broad,0,0.564,0.106,0.161,3.67,0.621,0.395,Tablet,Canada,100.0,3040.0,50.0,0.8,20.0,40.0,100.0,0.2
2026-05-15,Meta Ads - Prospecting,Meta,11920,149,264.61,6,488.23,,,,7,0.702,0.061,0.182,2.86,0.772,0.491,Mobile,United Kingdom,200.0,6080.0,35.0,1.8,12.0,80.0,200.0,0.4
2026-05-15,Meta Ads - Retargeting,Meta,1170,39,66.89,3,331.05,,,,3,0.4,0.55,0.05,1.88,0.44,0.28,Desktop,United Kingdom,50.0,1520.0,25.0,3.5,8.0,120.0,400.0,0.6
2026-05-15,YouTube - Brand Awareness,YouTube,2345,67,72.98,0,0.0,,,,0,0.672,0.154,0.066,1.45,0.739,0.47,Tablet,United States,150.0,4560.0,60.0,0.5,25.0,30.0,80.0,0.15
2026-05-15,YouTube - Brand Awareness,YouTube,257,19,19.99,0,0.0,free advertising tutorial youtube,marketing tutorial,broad,0,0.672,0.154,0.066,1.56,0.739,0.47,Tablet,United Kingdom,150.0,4560.0,60.0,0.5,25.0,30.0,80.0,0.15
2026-05-15,YouTube - Brand Awareness,YouTube,245,8,14.82,0,0.0,cheap keyword planner software download,keyword planner,broad,0,0.672,0.154,0.066,3.54,0.739,0.47,Tablet,United Kingdom,150.0,4560.0,60.0,0.5,25.0,30.0,80.0,0.15
2026-05-15,YouTube - Brand Awareness,YouTube,212,13,27.09,0,0.0,marketing jobs salary definition,jobs,broad,0,0.672,0.154,0.066,1.79,0.739,0.47,Desktop,United States,150.0,4560.0,60.0,0.5,25.0,30.0,80.0,0.15
2026-05-15,YouTube - Brand Awareness,YouTube,341,25,11.34,0,0.0,how to reset google ads password,support,broad,0,0.672,0.154,0.066,2.11,0.739,0.47,Desktop,Germany,150.0,4560.0,60.0,0.5,25.0,30.0,80.0,0.15
2026-05-16,Google Search - Brand,Google Search,1012,46,46.91,1,91.81,,,,1,0.7,0.02,0.28,1.36,0.77,0.49,Desktop,Canada,150.0,4560.0,30.0,2.5,10.0,100.0,300.0,0.5
2026-05-16,Google Search - Brand,Google Search,138,8,6.87,0,0.0,forecastiq,forecastiq,exact,0,0.7,0.02,0.28,3.09,0.77,0.49,Desktop,United Kingdom,150.0,4560.0,30.0,2.5,10.0,100.0,300.0,0.5
2026-05-16,Google Search - Brand,Google Search,120,8,9.86,0,0.0,forecastiq pricing,forecastiq,phrase,0,0.7,0.02,0.28,1.56,0.77,0.49,Mobile,United Kingdom,150.0,4560.0,30.0,2.5,10.0,100.0,300.0,0.5
2026-05-16,Google Search - Brand,Google Search,144,8,8.72,1,107.14,forecastiq software reviews,forecastiq,broad,1,0.7,0.02,0.28,3.18,0.77,0.49,Desktop,United Kingdom,150.0,4560.0,30.0,2.5,10.0,100.0,300.0,0.5
2026-05-16,Google Search - Brand,Google Search,83,4,6.75,0,0.0,forecastiq login portal,forecastiq,phrase,0,0.7,0.02,0.28,2.12,0.77,0.49,Desktop,United Kingdom,150.0,4560.0,30.0,2.5,10.0,100.0,300.0,0.5
2026-05-16,Google Search - NonBrand,Google Search,2684,122,253.46,2,118.96,,,,2,0.728,0.211,0.068,2.42,0.801,0.51,Desktop,Germany,300.0,9120.0,40.0,1.5,15.0,60.0,150.0,0.35
2026-05-16,Google Search - NonBrand,Google Search,364,21,34.68,2,123.12,paid ads forecasting tool,forecasting tool,phrase,2,0.728,0.211,0.068,1.7,0.801,0.51,Desktop,United States,300.0,9120.0,40.0,1.5,15.0,60.0,150.0,0.35
2026-05-16,Google Search - NonBrand,Google Search,325,14,15.22,2,108.84,marketing forecasting software,forecasting tool,exact,2,0.728,0.211,0.068,2.77,0.801,0.51,Tablet,United Kingdom,300.0,9120.0,40.0,1.5,15.0,60.0,150.0,0.35
2026-05-16,Google Search - NonBrand,Google Search,314,7,13.56,1,56.85,ppc budget optimization planner,budget optimization,broad,1,0.728,0.211,0.068,1.67,0.801,0.51,Desktop,United States,300.0,9120.0,40.0,1.5,15.0,60.0,150.0,0.35
2026-05-16,Google Search - NonBrand,Google Search,390,30,18.01,0,0.0,ads forecasting template excel,forecasting tool,broad,0,0.728,0.211,0.068,3.06,0.801,0.51,Tablet,United States,300.0,9120.0,40.0,1.5,15.0,60.0,150.0,0.35
2026-05-16,Google Search - Competitors,Google Search,1998,37,40.33,0,0.0,,,,0,0.64,0.116,0.111,1.77,0.704,0.448,Tablet,United States,100.0,3040.0,50.0,0.8,20.0,40.0,100.0,0.2
2026-05-16,Google Search - Competitors,Google Search,248,17,32.98,0,0.0,semrush forecasting tool alternative,semrush,phrase,0,0.64,0.116,0.111,3.55,0.704,0.448,Desktop,Canada,100.0,3040.0,50.0,0.8,20.0,40.0,100.0,0.2
2026-05-16,Google Search - Competitors,Google Search,274,17,43.74,0,0.0,ahrefs traffic forecaster,ahrefs,broad,0,0.64,0.116,0.111,1.92,0.704,0.448,Desktop,United States,100.0,3040.0,50.0,0.8,20.0,40.0,100.0,0.2
2026-05-16,Google Search - Competitors,Google Search,199,9,26.69,0,0.0,spyfu competitor ads budget planner,competitor template,broad,0,0.64,0.116,0.111,3.68,0.704,0.448,Tablet,Canada,100.0,3040.0,50.0,0.8,20.0,40.0,100.0,0.2
2026-05-16,Meta Ads - Prospecting,Meta,2300,100,111.1,2,150.03,,,,2,0.624,0.106,0.128,2.1,0.687,0.437,Mobile,United Kingdom,200.0,6080.0,35.0,1.8,12.0,80.0,200.0,0.4
2026-05-16,Meta Ads - Retargeting,Meta,1650,33,36.84,1,111.43,,,,1,0.4,0.55,0.05,2.89,0.44,0.28,Mobile,Germany,50.0,1520.0,25.0,3.5,8.0,120.0,400.0,0.6
2026-05-16,YouTube - Brand Awareness,YouTube,4560,80,137.9,0,0.0,,,,0,0.753,0.146,0.2,2.63,0.828,0.527,Mobile,United Kingdom,150.0,4560.0,60.0,0.5,25.0,30.0,80.0,0.15
2026-05-16,YouTube - Brand Awareness,YouTube,521,32,20.24,0,0.0,free advertising tutorial youtube,marketing tutorial,broad,0,0.753,0.146,0.2,2.29,0.828,0.527,Desktop,United States,150.0,4560.0,60.0,0.5,25.0,30.0,80.0,0.15
2026-05-16,YouTube - Brand Awareness,YouTube,639,27,17.27,0,0.0,cheap keyword planner software download,keyword planner,broad,0,0.753,0.146,0.2,2.89,0.828,0.527,Desktop,Canada,150.0,4560.0,60.0,0.5,25.0,30.0,80.0,0.15
2026-05-16,YouTube - Brand Awareness,YouTube,486,27,32.59,0,0.0,marketing jobs salary definition,jobs,broad,0,0.753,0.146,0.2,2.14,0.828,0.527,Mobile,United States,150.0,4560.0,60.0,0.5,25.0,30.0,80.0,0.15
2026-05-16,YouTube - Brand Awareness,YouTube,536,16,11.35,0,0.0,how to reset google ads password,support,broad,0,0.753,0.146,0.2,2.47,0.828,0.527,Mobile,Germany,150.0,4560.0,60.0,0.5,25.0,30.0,80.0,0.15
2026-05-17,Google Search - Brand,Google Search,918,34,70.63,2,215.73,,,,2,0.7,0.02,0.28,1.76,0.77,0.49,Mobile,United States,150.0,4560.0,30.0,2.5,10.0,100.0,300.0,0.5
2026-05-17,Google Search - Brand,Google Search,98,5,9.89,0,0.0,forecastiq,forecastiq,exact,0,0.7,0.02,0.28,2.47,0.77,0.49,Mobile,United Kingdom,150.0,4560.0,30.0,2.5,10.0,100.0,300.0,0.5
2026-05-17,Google Search - Brand,Google Search,117,2,2.96,0,0.0,forecastiq pricing,forecastiq,phrase,0,0.7,0.02,0.28,2.11,0.77,0.49,Mobile,Canada,150.0,4560.0,30.0,2.5,10.0,100.0,300.0,0.5
2026-05-17,Google Search - Brand,Google Search,107,4,6.22,0,0.0,forecastiq software reviews,forecastiq,broad,0,0.7,0.02,0.28,3.41,0.77,0.49,Desktop,Canada,150.0,4560.0,30.0,2.5,10.0,100.0,300.0,0.5
2026-05-17,Google Search - Brand,Google Search,88,3,5.96,0,0.0,forecastiq login portal,forecastiq,phrase,0,0.7,0.02,0.28,3.32,0.77,0.49,Tablet,United States,150.0,4560.0,30.0,2.5,10.0,100.0,300.0,0.5
2026-05-17,Google Search - NonBrand,Google Search,5346,243,319.94,4,255.8,,,,4,0.744,0.126,0.194,3.15,0.818,0.521,Mobile,United Kingdom,300.0,9120.0,40.0,1.5,15.0,60.0,150.0,0.35
2026-05-17,Google Search - NonBrand,Google Search,798,19,35.94,2,131.81,paid ads forecasting tool,forecasting tool,phrase,2,0.744,0.126,0.194,3.02,0.818,0.521,Desktop,United Kingdom,300.0,9120.0,40.0,1.5,15.0,60.0,150.0,0.35
2026-05-17,Google Search - NonBrand,Google Search,597,16,18.15,3,191.75,marketing forecasting software,forecasting tool,exact,3,0.744,0.126,0.194,1.9,0.818,0.521,Mobile,United States,300.0,9120.0,40.0,1.5,15.0,60.0,150.0,0.35
2026-05-17,Google Search - NonBrand,Google Search,694,51,68.11,11,615.74,ppc budget optimization planner,budget optimization,broad,12,0.744,0.126,0.194,2.27,0.818,0.521,Mobile,Canada,300.0,9120.0,40.0,1.5,15.0,60.0,150.0,0.35
2026-05-17,Google Search - NonBrand,Google Search,575,39,18.74,0,0.0,ads forecasting template excel,forecasting tool,broad,0,0.744,0.126,0.194,1.53,0.818,0.521,Mobile,United States,300.0,9120.0,40.0,1.5,15.0,60.0,150.0,0.35
2026-05-17,Google Search - Competitors,Google Search,2109,57,94.32,1,38.13,,,,1,0.614,0.105,0.139,2.41,0.676,0.43,Mobile,Canada,100.0,3040.0,50.0,0.8,20.0,40.0,100.0,0.2
2026-05-17,Google Search - Competitors,Google Search,297,13,34.93,0,0.0,semrush forecasting tool alternative,semrush,phrase,0,0.614,0.105,0.139,2.78,0.676,0.43,Mobile,Germany,100.0,3040.0,50.0,0.8,20.0,40.0,100.0,0.2
2026-05-17,Google Search - Competitors,Google Search,188,9,42.52,0,0.0,ahrefs traffic forecaster,ahrefs,broad,0,0.614,0.105,0.139,3.3,0.676,0.43,Tablet,Canada,100.0,3040.0,50.0,0.8,20.0,40.0,100.0,0.2
2026-05-17,Google Search - Competitors,Google Search,195,14,26.63,0,0.0,spyfu competitor ads budget planner,competitor template,broad,0,0.614,0.105,0.139,3.2,0.676,0.43,Tablet,Canada,100.0,3040.0,50.0,0.8,20.0,40.0,100.0,0.2
2026-05-17,Meta Ads - Prospecting,Meta,715,65,149.92,4,312.17,,,,4,0.83,0.099,0.123,1.35,0.914,0.581,Mobile,Germany,200.0,6080.0,35.0,1.8,12.0,80.0,200.0,0.4
2026-05-17,Meta Ads - Retargeting,Meta,686,14,24.05,0,0.0,,,,0,0.4,0.55,0.05,2.71,0.44,0.28,Mobile,United Kingdom,50.0,1520.0,25.0,3.5,8.0,120.0,400.0,0.6
2026-05-17,YouTube - Brand Awareness,YouTube,2184,42,90.37,0,0.0,,,,0,0.587,0.172,0.11,3.25,0.646,0.411,Desktop,United Kingdom,150.0,4560.0,60.0,0.5,25.0,30.0,80.0,0.15
2026-05-17,YouTube - Brand Awareness,YouTube,325,8,21.26,0,0.0,free advertising tutorial youtube,marketing tutorial,broad,0,0.587,0.172,0.11,1.78,0.646,0.411,Tablet,Germany,150.0,4560.0,60.0,0.5,25.0,30.0,80.0,0.15
2026-05-17,YouTube - Brand Awareness,YouTube,226,15,16.41,0,0.0,cheap keyword planner software download,keyword planner,broad,0,0.587,0.172,0.11,1.68,0.646,0.411,Mobile,United Kingdom,150.0,4560.0,60.0,0.5,25.0,30.0,80.0,0.15
2026-05-17,YouTube - Brand Awareness,YouTube,322,14,27.45,0,0.0,marketing jobs salary definition,jobs,broad,0,0.587,0.172,0.11,3.78,0.646,0.411,Desktop,Germany,150.0,4560.0,60.0,0.5,25.0,30.0,80.0,0.15
2026-05-17,YouTube - Brand Awareness,YouTube,283,17,11.76,0,0.0,how to reset google ads password,support,broad,0,0.587,0.172,0.11,1.41,0.646,0.411,Desktop,United Kingdom,150.0,4560.0,60.0,0.5,25.0,30.0,80.0,0.15
2026-05-18,Google Search - Brand,Google Search,2160,54,79.84,2,210.36,,,,2,0.7,0.02,0.28,1.27,0.77,0.49,Mobile,Canada,150.0,4560.0,30.0,2.5,10.0,100.0,300.0,0.5
2026-05-18,Google Search - Brand,Google Search,260,15,24.54,0,0.0,forecastiq,forecastiq,exact,0,0.7,0.02,0.28,1.36,0.77,0.49,Desktop,Germany,150.0,4560.0,30.0,2.5,10.0,100.0,300.0,0.5
2026-05-18,Google Search - Brand,Google Search,176,11,16.63,0,0.0,forecastiq pricing,forecastiq,phrase,0,0.7,0.02,0.28,2.36,0.77,0.49,Tablet,Canada,150.0,4560.0,30.0,2.5,10.0,100.0,300.0,0.5
2026-05-18,Google Search - Brand,Google Search,174,7,5.96,0,0.0,forecastiq software reviews,forecastiq,broad,0,0.7,0.02,0.28,2.59,0.77,0.49,Desktop,Canada,150.0,4560.0,30.0,2.5,10.0,100.0,300.0,0.5
2026-05-18,Google Search - Brand,Google Search,209,5,9.63,0,0.0,forecastiq login portal,forecastiq,phrase,0,0.7,0.02,0.28,2.73,0.77,0.49,Mobile,Germany,150.0,4560.0,30.0,2.5,10.0,100.0,300.0,0.5
2026-05-18,Google Search - NonBrand,Google Search,5408,208,459.42,5,291.2,,,,5,0.727,0.067,0.098,1.18,0.799,0.509,Desktop,United Kingdom,300.0,9120.0,40.0,1.5,15.0,60.0,150.0,0.35
2026-05-18,Google Search - NonBrand,Google Search,610,21,29.19,3,189.3,paid ads forecasting tool,forecasting tool,phrase,3,0.727,0.067,0.098,3.08,0.799,0.509,Desktop,Germany,300.0,9120.0,40.0,1.5,15.0,60.0,150.0,0.35
2026-05-18,Google Search - NonBrand,Google Search,742,57,57.63,12,724.62,marketing forecasting software,forecasting tool,exact,12,0.727,0.067,0.098,2.56,0.799,0.509,Mobile,Canada,300.0,9120.0,40.0,1.5,15.0,60.0,150.0,0.35
2026-05-18,Google Search - NonBrand,Google Search,572,34,64.62,9,578.52,ppc budget optimization planner,budget optimization,broad,10,0.727,0.067,0.098,3.14,0.799,0.509,Desktop,Germany,300.0,9120.0,40.0,1.5,15.0,60.0,150.0,0.35
2026-05-18,Google Search - NonBrand,Google Search,713,41,18.0,0,0.0,ads forecasting template excel,forecasting tool,broad,0,0.727,0.067,0.098,1.65,0.799,0.509,Desktop,United States,300.0,9120.0,40.0,1.5,15.0,60.0,150.0,0.35
2026-05-18,Google Search - Competitors,Google Search,1958,89,168.15,3,110.49,,,,3,0.564,0.153,0.159,1.76,0.62,0.394,Desktop,Germany,100.0,3040.0,50.0,0.8,20.0,40.0,100.0,0.2
2026-05-18,Google Search - Competitors,Google Search,168,4,35.57,0,0.0,semrush forecasting tool alternative,semrush,phrase,0,0.564,0.153,0.159,3.69,0.62,0.394,Desktop,Germany,100.0,3040.0,50.0,0.8,20.0,40.0,100.0,0.2
2026-05-18,Google Search - Competitors,Google Search,215,5,42.15,0,0.0,ahrefs traffic forecaster,ahrefs,broad,0,0.564,0.153,0.159,1.21,0.62,0.394,Mobile,Canada,100.0,3040.0,50.0,0.8,20.0,40.0,100.0,0.2
2026-05-18,Google Search - Competitors,Google Search,219,7,25.36,0,0.0,spyfu competitor ads budget planner,competitor template,broad,0,0.564,0.153,0.159,2.32,0.62,0.394,Desktop,United States,100.0,3040.0,50.0,0.8,20.0,40.0,100.0,0.2
2026-05-18,Meta Ads - Prospecting,Meta,5616,108,314.0,8,694.23,,,,8,0.853,0.053,0.055,1.63,0.938,0.597,Tablet,Germany,200.0,6080.0,35.0,1.8,12.0,80.0,200.0,0.4
2026-05-18,Meta Ads - Retargeting,Meta,2520,42,62.36,2,255.26,,,,2,0.4,0.55,0.05,2.42,0.44,0.28,Desktop,United States,50.0,1520.0,25.0,3.5,8.0,120.0,400.0,0.6
2026-05-18,YouTube - Brand Awareness,YouTube,6660,90,177.25,0,0.0,,,,0,0.697,0.059,0.127,1.53,0.767,0.488,Mobile,Germany,150.0,4560.0,60.0,0.5,25.0,30.0,80.0,0.15
2026-05-18,YouTube - Brand Awareness,YouTube,723,52,21.73,0,0.0,free advertising tutorial youtube,marketing tutorial,broad,0,0.697,0.059,0.127,2.57,0.767,0.488,Mobile,Canada,150.0,4560.0,60.0,0.5,25.0,30.0,80.0,0.15
2026-05-18,YouTube - Brand Awareness,YouTube,960,44,14.61,0,0.0,cheap keyword planner software download,keyword planner,broad,0,0.697,0.059,0.127,2.12,0.767,0.488,Desktop,Germany,150.0,4560.0,60.0,0.5,25.0,30.0,80.0,0.15
2026-05-18,YouTube - Brand Awareness,YouTube,583,43,28.45,0,0.0,marketing jobs salary definition,jobs,broad,0,0.697,0.059,0.127,1.42,0.767,0.488,Mobile,United States,150.0,4560.0,60.0,0.5,25.0,30.0,80.0,0.15
2026-05-18,YouTube - Brand Awareness,YouTube,674,24,12.87,0,0.0,how to reset google ads password,support,broad,0,0.697,0.059,0.127,2.19,0.767,0.488,Desktop,Germany,150.0,4560.0,60.0,0.5,25.0,30.0,80.0,0.15
2026-05-19,Google Search - Brand,Google Search,6566,98,160.87,6,646.26,,,,7,0.7,0.02,0.28,3.25,0.77,0.49,Mobile,United States,150.0,4560.0,30.0,2.5,10.0,100.0,300.0,0.5
2026-05-19,Google Search - Brand,Google Search,763,53,94.58,2,217.82,forecastiq,forecastiq,exact,2,0.7,0.02,0.28,3.59,0.77,0.49,Desktop,United States,150.0,4560.0,30.0,2.5,10.0,100.0,300.0,0.5
2026-05-19,Google Search - Brand,Google Search,558,35,39.64,3,297.23,forecastiq pricing,forecastiq,phrase,3,0.7,0.02,0.28,1.4,0.77,0.49,Tablet,United States,150.0,4560.0,30.0,2.5,10.0,100.0,300.0,0.5
2026-05-19,Google Search - Brand,Google Search,843,60,106.05,9,901.48,forecastiq software reviews,forecastiq,broad,9,0.7,0.02,0.28,2.12,0.77,0.49,Desktop,United Kingdom,150.0,4560.0,30.0,2.5,10.0,100.0,300.0,0.5
2026-05-19,Google Search - Brand,Google Search,854,67,117.6,1,109.34,forecastiq login portal,forecastiq,phrase,1,0.7,0.02,0.28,2.86,0.77,0.49,Mobile,United Kingdom,150.0,4560.0,30.0,2.5,10.0,100.0,300.0,0.5
2026-05-19,Google Search - NonBrand,Google Search,11222,181,332.89,3,174.66,,,,3,0.68,0.161,0.189,2.14,0.748,0.476,Desktop,Germany,300.0,9120.0,40.0,1.5,15.0,60.0,150.0,0.35
2026-05-19,Google Search - NonBrand,Google Search,1557,112,200.67,18,1152.02,paid ads forecasting tool,forecasting tool,phrase,18,0.68,0.161,0.189,1.61,0.748,0.476,Tablet,United Kingdom,300.0,9120.0,40.0,1.5,15.0,60.0,150.0,0.35
2026-05-19,Google Search - NonBrand,Google Search,1026,37,30.08,6,334.69,marketing forecasting software,forecasting tool,exact,7,0.68,0.161,0.189,2.57,0.748,0.476,Tablet,Germany,300.0,9120.0,40.0,1.5,15.0,60.0,150.0,0.35
2026-05-19,Google Search - NonBrand,Google Search,1533,69,82.53,19,1181.23,ppc budget optimization planner,budget optimization,broad,22,0.68,0.161,0.189,2.91,0.748,0.476,Mobile,United States,300.0,9120.0,40.0,1.5,15.0,60.0,150.0,0.35
2026-05-19,Google Search - NonBrand,Google Search,1406,72,16.79,0,0.0,ads forecasting template excel,forecasting tool,broad,0,0.68,0.161,0.189,1.97,0.748,0.476,Tablet,Canada,300.0,9120.0,40.0,1.5,15.0,60.0,150.0,0.35
2026-05-19,Google Search - Competitors,Google Search,3366,51,64.41,1,40.58,,,,1,0.76,0.225,0.09,3.06,0.836,0.532,Tablet,Canada,100.0,3040.0,50.0,0.8,20.0,40.0,100.0,0.2
2026-05-19,Google Search - Competitors,Google Search,312,8,38.0,0,0.0,semrush forecasting tool alternative,semrush,phrase,0,0.76,0.225,0.09,3.68,0.836,0.532,Desktop,Canada,100.0,3040.0,50.0,0.8,20.0,40.0,100.0,0.2
2026-05-19,Google Search - Competitors,Google Search,489,33,42.7,0,0.0,ahrefs traffic forecaster,ahrefs,broad,0,0.76,0.225,0.09,1.99,0.836,0.532,Desktop,Germany,100.0,3040.0,50.0,0.8,20.0,40.0,100.0,0.2
2026-05-19,Google Search - Competitors,Google Search,338,12,26.79,0,0.0,spyfu competitor ads budget planner,competitor template,broad,0,0.76,0.225,0.09,3.03,0.836,0.532,Desktop,United States,100.0,3040.0,50.0,0.8,20.0,40.0,100.0,0.2
2026-05-19,Meta Ads - Prospecting,Meta,6380,116,198.27,4,316.46,,,,5,0.842,0.148,0.191,1.67,0.926,0.59,Desktop,Canada,200.0,6080.0,35.0,1.8,12.0,80.0,200.0,0.4
2026-05-19,Meta Ads - Retargeting,Meta,1110,30,71.37,2,231.37,,,,2,0.4,0.55,0.05,2.32,0.44,0.28,Tablet,Canada,50.0,1520.0,25.0,3.5,8.0,120.0,400.0,0.6
2026-05-19,YouTube - Brand Awareness,YouTube,3850,55,134.23,0,0.0,,,,0,0.627,0.16,0.183,2.56,0.69,0.439,Mobile,United States,150.0,4560.0,60.0,0.5,25.0,30.0,80.0,0.15
2026-05-19,YouTube - Brand Awareness,YouTube,463,17,20.48,0,0.0,free advertising tutorial youtube,marketing tutorial,broad,0,0.627,0.16,0.183,2.87,0.69,0.439,Desktop,Germany,150.0,4560.0,60.0,0.5,25.0,30.0,80.0,0.15
2026-05-19,YouTube - Brand Awareness,YouTube,435,23,15.4,0,0.0,cheap keyword planner software download,keyword planner,broad,0,0.627,0.16,0.183,3.75,0.69,0.439,Tablet,United Kingdom,150.0,4560.0,60.0,0.5,25.0,30.0,80.0,0.15
2026-05-19,YouTube - Brand Awareness,YouTube,339,19,27.62,0,0.0,marketing jobs salary definition,jobs,broad,0,0.627,0.16,0.183,3.68,0.69,0.439,Mobile,United Kingdom,150.0,4560.0,60.0,0.5,25.0,30.0,80.0,0.15
2026-05-19,YouTube - Brand Awareness,YouTube,317,12,12.15,0,0.0,how to reset google ads password,support,broad,0,0.627,0.16,0.183,1.53,0.69,0.439,Mobile,Germany,150.0,4560.0,60.0,0.5,25.0,30.0,80.0,0.15
2026-05-20,Google Search - Brand,Google Search,5913,81,156.97,5,495.38,,,,6,0.7,0.02,0.28,1.27,0.77,0.49,Desktop,Germany,150.0,4560.0,30.0,2.5,10.0,100.0,300.0,0.5
2026-05-20,Google Search - Brand,Google Search,522,41,45.43,2,214.99,forecastiq,forecastiq,exact,2,0.7,0.02,0.28,1.8,0.77,0.49,Tablet,United Kingdom,150.0,4560.0,30.0,2.5,10.0,100.0,300.0,0.5
2026-05-20,Google Search - Brand,Google Search,712,36,53.82,2,211.42,forecastiq pricing,forecastiq,phrase,2,0.7,0.02,0.28,2.97,0.77,0.49,Desktop,United States,150.0,4560.0,30.0,2.5,10.0,100.0,300.0,0.5
2026-05-20,Google Search - Brand,Google Search,882,41,36.65,5,518.56,forecastiq software reviews,forecastiq,broad,5,0.7,0.02,0.28,2.57,0.77,0.49,Desktop,Canada,150.0,4560.0,30.0,2.5,10.0,100.0,300.0,0.5
2026-05-20,Google Search - Brand,Google Search,516,41,69.32,0,0.0,forecastiq login portal,forecastiq,phrase,0,0.7,0.02,0.28,1.29,0.77,0.49,Mobile,Germany,150.0,4560.0,30.0,2.5,10.0,100.0,300.0,0.5
2026-05-20,Google Search - NonBrand,Google Search,8140,185,472.19,6,385.74,,,,6,0.597,0.083,0.194,2.43,0.657,0.418,Desktop,United Kingdom,300.0,9120.0,40.0,1.5,15.0,60.0,150.0,0.35
2026-05-20,Google Search - NonBrand,Google Search,747,57,75.67,9,543.37,paid ads forecasting tool,forecasting tool,phrase,9,0.597,0.083,0.194,1.81,0.657,0.418,Tablet,United States,300.0,9120.0,40.0,1.5,15.0,60.0,150.0,0.35
2026-05-20,Google Search - NonBrand,Google Search,1122,58,75.84,12,768.95,marketing forecasting software,forecasting tool,exact,14,0.597,0.083,0.194,3.48,0.657,0.418,Mobile,Canada,300.0,9120.0,40.0,1.5,15.0,60.0,150.0,0.35
2026-05-20,Google Search - NonBrand,Google Search,991,58,85.43,13,756.68,ppc budget optimization planner,budget optimization,broad,14,0.597,0.083,0.194,1.44,0.657,0.418,Desktop,Germany,300.0,9120.0,40.0,1.5,15.0,60.0,150.0,0.35
2026-05-20,Google Search - NonBrand,Google Search,1136,62,18.03,0,0.0,ads forecasting template excel,forecasting tool,broad,0,0.597,0.083,0.194,2.57,0.657,0.418,Tablet,United Kingdom,300.0,9120.0,40.0,1.5,15.0,60.0,150.0,0.35
2026-05-20,Google Search - Competitors,Google Search,2135,61,135.69,2,73.31,,,,2,0.7,0.229,0.167,1.99,0.77,0.49,Desktop,Canada,100.0,3040.0,50.0,0.8,20.0,40.0,100.0,0.2
2026-05-20,Google Search - Competitors,Google Search,228,10,38.5,0,0.0,semrush forecasting tool alternative,semrush,phrase,0,0.7,0.229,0.167,3.05,0.77,0.49,Desktop,Germany,100.0,3040.0,50.0,0.8,20.0,40.0,100.0,0.2
2026-05-20,Google Search - Competitors,Google Search,301,10,42.66,0,0.0,ahrefs traffic forecaster,ahrefs,broad,0,0.7,0.229,0.167,2.83,0.77,0.49,Desktop,United Kingdom,100.0,3040.0,50.0,0.8,20.0,40.0,100.0,0.2
2026-05-20,Google Search - Competitors,Google Search,308,8,26.93,0,0.0,spyfu competitor ads budget planner,competitor template,broad,0,0.7,0.229,0.167,2.82,0.77,0.49,Mobile,Germany,100.0,3040.0,50.0,0.8,20.0,40.0,100.0,0.2
2026-05-20,Meta Ads - Prospecting,Meta,6958,142,328.24,11,907.11,,,,13,0.777,0.23,0.102,1.46,0.855,0.544,Desktop,United States,200.0,6080.0,35.0,1.8,12.0,80.0,200.0,0.4
2026-05-20,Meta Ads - Retargeting,Meta,1548,36,62.07,2,259.83,,,,2,0.4,0.55,0.05,2.98,0.44,0.28,Mobile,United Kingdom,50.0,1520.0,25.0,3.5,8.0,120.0,400.0,0.6
2026-05-20,YouTube - Brand Awareness,YouTube,1560,104,199.43,0,0.0,,,,0,0.774,0.052,0.109,1.42,0.851,0.542,Mobile,United States,150.0,4560.0,60.0,0.5,25.0,30.0,80.0,0.15
2026-05-20,YouTube - Brand Awareness,YouTube,131,9,21.76,0,0.0,free advertising tutorial youtube,marketing tutorial,broad,0,0.774,0.052,0.109,2.55,0.851,0.542,Desktop,Canada,150.0,4560.0,60.0,0.5,25.0,30.0,80.0,0.15
2026-05-20,YouTube - Brand Awareness,YouTube,140,3,16.98,0,0.0,cheap keyword planner software download,keyword planner,broad,0,0.774,0.052,0.109,2.93,0.851,0.542,Desktop,United States,150.0,4560.0,60.0,0.5,25.0,30.0,80.0,0.15
2026-05-20,YouTube - Brand Awareness,YouTube,136,5,27.32,0,0.0,marketing jobs salary definition,jobs,broad,0,0.774,0.052,0.109,1.75,0.851,0.542,Mobile,Germany,150.0,4560.0,60.0,0.5,25.0,30.0,80.0,0.15
2026-05-20,YouTube - Brand Awareness,YouTube,144,4,12.12,0,0.0,how to reset google ads password,support,broad,0,0.774,0.052,0.109,3.06,0.851,0.542,Mobile,Canada,150.0,4560.0,60.0,0.5,25.0,30.0,80.0,0.15
2026-05-21,Google Search - Brand,Google Search,1144,52,148.73,4,392.45,,,,4,0.7,0.02,0.28,1.42,0.77,0.49,Tablet,United States,150.0,4560.0,30.0,2.5,10.0,100.0,300.0,0.5
2026-05-21,Google Search - Brand,Google Search,147,7,12.78,0,0.0,forecastiq,forecastiq,exact,0,0.7,0.02,0.28,1.31,0.77,0.49,Tablet,United States,150.0,4560.0,30.0,2.5,10.0,100.0,300.0,0.5
2026-05-21,Google Search - Brand,Google Search,102,5,9.98,0,0.0,forecastiq pricing,forecastiq,phrase,0,0.7,0.02,0.28,3.43,0.77,0.49,Tablet,Germany,150.0,4560.0,30.0,2.5,10.0,100.0,300.0,0.5
2026-05-21,Google Search - Brand,Google Search,119,7,13.36,0,0.0,forecastiq software reviews,forecastiq,broad,0,0.7,0.02,0.28,2.26,0.77,0.49,Tablet,United States,150.0,4560.0,30.0,2.5,10.0,100.0,300.0,0.5
2026-05-21,Google Search - Brand,Google Search,134,9,17.44,0,0.0,forecastiq login portal,forecastiq,phrase,0,0.7,0.02,0.28,3.39,0.77,0.49,Desktop,Canada,150.0,4560.0,30.0,2.5,10.0,100.0,300.0,0.5
2026-05-21,Google Search - NonBrand,Google Search,4224,192,324.3,3,166.57,,,,3,0.893,0.086,0.125,2.23,0.982,0.625,Tablet,United Kingdom,300.0,9120.0,40.0,1.5,15.0,60.0,150.0,0.35
2026-05-21,Google Search - NonBrand,Google Search,360,18,35.33,2,125.34,paid ads forecasting tool,forecasting tool,phrase,2,0.893,0.086,0.125,3.12,0.982,0.625,Desktop,United Kingdom,300.0,9120.0,40.0,1.5,15.0,60.0,150.0,0.35
2026-05-21,Google Search - NonBrand,Google Search,604,42,63.86,6,354.99,marketing forecasting software,forecasting tool,exact,6,0.893,0.086,0.125,2.37,0.982,0.625,Mobile,Canada,300.0,9120.0,40.0,1.5,15.0,60.0,150.0,0.35
2026-05-21,Google Search - NonBrand,Google Search,490,17,28.15,4,248.02,ppc budget optimization planner,budget optimization,broad,4,0.893,0.086,0.125,1.44,0.982,0.625,Tablet,Germany,300.0,9120.0,40.0,1.5,15.0,60.0,150.0,0.35
2026-05-21,Google Search - NonBrand,Google Search,437,34,16.76,0,0.0,ads forecasting template excel,forecasting tool,broad,0,0.893,0.086,0.125,2.3,0.982,0.625,Desktop,Germany,300.0,9120.0,40.0,1.5,15.0,60.0,150.0,0.35
2026-05-21,Google Search - Competitors,Google Search,675,45,55.91,1,36.6,,,,1,0.83,0.236,0.199,2.62,0.913,0.581,Tablet,United States,100.0,3040.0,50.0,0.8,20.0,40.0,100.0,0.2
2026-05-21,Google Search - Competitors,Google Search,99,2,31.85,0,0.0,semrush forecasting tool alternative,semrush,phrase,0,0.83,0.236,0.199,2.74,0.913,0.581,Desktop,United States,100.0,3040.0,50.0,0.8,20.0,40.0,100.0,0.2
2026-05-21,Google Search - Competitors,Google Search,99,3,47.2,0,0.0,ahrefs traffic forecaster,ahrefs,broad,0,0.83,0.236,0.199,2.28,0.913,0.581,Desktop,United Kingdom,100.0,3040.0,50.0,0.8,20.0,40.0,100.0,0.2
2026-05-21,Google Search - Competitors,Google Search,59,3,24.93,0,0.0,spyfu competitor ads budget planner,competitor template,broad,0,0.83,0.236,0.199,1.41,0.913,0.581,Tablet,United Kingdom,100.0,3040.0,50.0,0.8,20.0,40.0,100.0,0.2
2026-05-21,Meta Ads - Prospecting,Meta,897,69,105.31,3,225.58,,,,3,0.793,0.091,0.192,3.11,0.872,0.555,Tablet,Germany,200.0,6080.0,35.0,1.8,12.0,80.0,200.0,0.4
2026-05-21,Meta Ads - Retargeting,Meta,364,28,55.53,1,120.38,,,,1,0.4,0.55,0.05,2.06,0.44,0.28,Tablet,Canada,50.0,1520.0,25.0,3.5,8.0,120.0,400.0,0.6
2026-05-21,YouTube - Brand Awareness,YouTube,6156,114,328.57,0,0.0,,,,0,0.744,0.177,0.079,1.72,0.819,0.521,Mobile,United Kingdom,150.0,4560.0,60.0,0.5,25.0,30.0,80.0,0.15
2026-05-21,YouTube - Brand Awareness,YouTube,898,54,19.98,0,0.0,free advertising tutorial youtube,marketing tutorial,broad,0,0.744,0.177,0.079,2.52,0.819,0.521,Tablet,United Kingdom,150.0,4560.0,60.0,0.5,25.0,30.0,80.0,0.15
2026-05-21,YouTube - Brand Awareness,YouTube,492,17,15.26,0,0.0,cheap keyword planner software download,keyword planner,broad,0,0.744,0.177,0.079,1.2,0.819,0.521,Tablet,Germany,150.0,4560.0,60.0,0.5,25.0,30.0,80.0,0.15
2026-05-21,YouTube - Brand Awareness,YouTube,758,50,27.58,0,0.0,marketing jobs salary definition,jobs,broad,0,0.744,0.177,0.079,2.35,0.819,0.521,Tablet,Germany,150.0,4560.0,60.0,0.5,25.0,30.0,80.0,0.15
2026-05-21,YouTube - Brand Awareness,YouTube,570,41,12.69,0,0.0,how to reset google ads password,support,broad,0,0.744,0.177,0.079,1.48,0.819,0.521,Mobile,United Kingdom,150.0,4560.0,60.0,0.5,25.0,30.0,80.0,0.15
2026-05-22,Google Search - Brand,Google Search,784,49,118.14,3,309.53,,,,3,0.7,0.02,0.28,1.56,0.77,0.49,Tablet,Canada,150.0,4560.0,30.0,2.5,10.0,100.0,300.0,0.5
2026-05-22,Google Search - Brand,Google Search,116,7,13.47,0,0.0,forecastiq,forecastiq,exact,0,0.7,0.02,0.28,2.96,0.77,0.49,Mobile,United Kingdom,150.0,4560.0,30.0,2.5,10.0,100.0,300.0,0.5
2026-05-22,Google Search - Brand,Google Search,95,4,5.22,0,0.0,forecastiq pricing,forecastiq,phrase,0,0.7,0.02,0.28,3.31,0.77,0.49,Mobile,United Kingdom,150.0,4560.0,30.0,2.5,10.0,100.0,300.0,0.5
2026-05-22,Google Search - Brand,Google Search,66,4,6.9,0,0.0,forecastiq software reviews,forecastiq,broad,0,0.7,0.02,0.28,1.28,0.77,0.49,Mobile,United States,150.0,4560.0,30.0,2.5,10.0,100.0,300.0,0.5
2026-05-22,Google Search - Brand,Google Search,95,4,5.73,0,0.0,forecastiq login portal,forecastiq,phrase,0,0.7,0.02,0.28,2.45,0.77,0.49,Mobile,United Kingdom,150.0,4560.0,30.0,2.5,10.0,100.0,300.0,0.5
2026-05-22,Google Search - NonBrand,Google Search,7245,207,280.72,3,175.79,,,,3,0.631,0.141,0.091,2.47,0.694,0.442,Desktop,Canada,300.0,9120.0,40.0,1.5,15.0,60.0,150.0,0.35
2026-05-22,Google Search - NonBrand,Google Search,923,23,31.83,3,164.34,paid ads forecasting tool,forecasting tool,phrase,3,0.631,0.141,0.091,2.29,0.694,0.442,Mobile,Germany,300.0,9120.0,40.0,1.5,15.0,60.0,150.0,0.35
2026-05-22,Google Search - NonBrand,Google Search,1016,75,95.41,17,1070.2,marketing forecasting software,forecasting tool,exact,18,0.631,0.141,0.091,3.6,0.694,0.442,Mobile,United Kingdom,300.0,9120.0,40.0,1.5,15.0,60.0,150.0,0.35
2026-05-22,Google Search - NonBrand,Google Search,672,32,52.64,8,516.77,ppc budget optimization planner,budget optimization,broad,9,0.631,0.141,0.091,3.48,0.694,0.442,Mobile,United States,300.0,9120.0,40.0,1.5,15.0,60.0,150.0,0.35
2026-05-22,Google Search - NonBrand,Google Search,662,30,20.12,0,0.0,ads forecasting template excel,forecasting tool,broad,0,0.631,0.141,0.091,2.76,0.694,0.442,Mobile,United Kingdom,300.0,9120.0,40.0,1.5,15.0,60.0,150.0,0.35
2026-05-22,Google Search - Competitors,Google Search,6164,92,147.24,2,74.3,,,,2,0.582,0.105,0.115,1.57,0.64,0.407,Desktop,United Kingdom,100.0,3040.0,50.0,0.8,20.0,40.0,100.0,0.2
2026-05-22,Google Search - Competitors,Google Search,664,49,38.34,0,0.0,semrush forecasting tool alternative,semrush,phrase,0,0.582,0.105,0.115,3.55,0.64,0.407,Tablet,United States,100.0,3040.0,50.0,0.8,20.0,40.0,100.0,0.2
2026-05-22,Google Search - Competitors,Google Search,854,26,46.11,0,0.0,ahrefs traffic forecaster,ahrefs,broad,0,0.582,0.105,0.115,2.17,0.64,0.407,Mobile,Canada,100.0,3040.0,50.0,0.8,20.0,40.0,100.0,0.2
2026-05-22,Google Search - Competitors,Google Search,683,34,24.89,0,0.0,spyfu competitor ads budget planner,competitor template,broad,0,0.582,0.105,0.115,1.67,0.64,0.407,Mobile,Germany,100.0,3040.0,50.0,0.8,20.0,40.0,100.0,0.2
2026-05-22,Meta Ads - Prospecting,Meta,2499,147,299.04,8,621.05,,,,8,0.557,0.215,0.071,1.7,0.613,0.39,Desktop,Germany,200.0,6080.0,35.0,1.8,12.0,80.0,200.0,0.4
2026-05-22,Meta Ads - Retargeting,Meta,1170,30,61.06,2,244.89,,,,2,0.4,0.55,0.05,2.45,0.44,0.28,Tablet,United Kingdom,50.0,1520.0,25.0,3.5,8.0,120.0,400.0,0.6
2026-05-22,YouTube - Brand Awareness,YouTube,3395,97,116.21,0,0.0,,,,0,0.569,0.061,0.053,1.6,0.626,0.398,Mobile,Canada,150.0,4560.0,60.0,0.5,25.0,30.0,80.0,0.15
2026-05-22,YouTube - Brand Awareness,YouTube,278,12,20.89,0,0.0,free advertising tutorial youtube,marketing tutorial,broad,0,0.569,0.061,0.053,2.66,0.626,0.398,Tablet,Canada,150.0,4560.0,60.0,0.5,25.0,30.0,80.0,0.15
2026-05-22,YouTube - Brand Awareness,YouTube,461,9,15.65,0,0.0,cheap keyword planner software download,keyword planner,broad,0,0.569,0.061,0.053,3.61,0.626,0.398,Desktop,United States,150.0,4560.0,60.0,0.5,25.0,30.0,80.0,0.15
2026-05-22,YouTube - Brand Awareness,YouTube,437,31,29.41,0,0.0,marketing jobs salary definition,jobs,broad,0,0.569,0.061,0.053,3.78,0.626,0.398,Mobile,Germany,150.0,4560.0,60.0,0.5,25.0,30.0,80.0,0.15
2026-05-22,YouTube - Brand Awareness,YouTube,334,24,12.8,0,0.0,how to reset google ads password,support,broad,0,0.569,0.061,0.053,3.14,0.626,0.398,Desktop,United Kingdom,150.0,4560.0,60.0,0.5,25.0,30.0,80.0,0.15
2026-05-23,Google Search - Brand,Google Search,1679,73,179.68,7,710.51,,,,7,0.7,0.02,0.28,1.85,0.77,0.49,Mobile,United States,150.0,4560.0,30.0,2.5,10.0,100.0,300.0,0.5
2026-05-23,Google Search - Brand,Google Search,229,12,12.77,0,0.0,forecastiq,forecastiq,exact,0,0.7,0.02,0.28,2.49,0.77,0.49,Tablet,Canada,150.0,4560.0,30.0,2.5,10.0,100.0,300.0,0.5
2026-05-23,Google Search - Brand,Google Search,234,11,12.04,0,0.0,forecastiq pricing,forecastiq,phrase,0,0.7,0.02,0.28,1.56,0.77,0.49,Tablet,Canada,150.0,4560.0,30.0,2.5,10.0,100.0,300.0,0.5
2026-05-23,Google Search - Brand,Google Search,204,6,11.04,0,0.0,forecastiq software reviews,forecastiq,broad,0,0.7,0.02,0.28,2.1,0.77,0.49,Desktop,Germany,150.0,4560.0,30.0,2.5,10.0,100.0,300.0,0.5
2026-05-23,Google Search - Brand,Google Search,179,10,14.0,0,0.0,forecastiq login portal,forecastiq,phrase,0,0.7,0.02,0.28,2.55,0.77,0.49,Desktop,United States,150.0,4560.0,30.0,2.5,10.0,100.0,300.0,0.5
2026-05-23,Google Search - NonBrand,Google Search,7264,227,505.01,7,380.72,,,,7,0.898,0.112,0.078,2.21,0.988,0.629,Mobile,Canada,300.0,9120.0,40.0,1.5,15.0,60.0,150.0,0.35
2026-05-23,Google Search - NonBrand,Google Search,903,33,65.79,4,243.86,paid ads forecasting tool,forecasting tool,phrase,4,0.898,0.112,0.078,3.36,0.988,0.629,Tablet,Germany,300.0,9120.0,40.0,1.5,15.0,60.0,150.0,0.35
2026-05-23,Google Search - NonBrand,Google Search,868,65,84.57,12,724.78,marketing forecasting software,forecasting tool,exact,12,0.898,0.112,0.078,3.54,0.988,0.629,Mobile,Germany,300.0,9120.0,40.0,1.5,15.0,60.0,150.0,0.35
2026-05-23,Google Search - NonBrand,Google Search,639,46,59.02,13,857.46,ppc budget optimization planner,budget optimization,broad,15,0.898,0.112,0.078,1.93,0.988,0.629,Desktop,United States,300.0,9120.0,40.0,1.5,15.0,60.0,150.0,0.35
2026-05-23,Google Search - NonBrand,Google Search,957,54,17.98,0,0.0,ads forecasting template excel,forecasting tool,broad,0,0.898,0.112,0.078,3.45,0.988,0.629,Tablet,Germany,300.0,9120.0,40.0,1.5,15.0,60.0,150.0,0.35
2026-05-23,Google Search - Competitors,Google Search,1425,25,28.85,0,0.0,,,,0,0.869,0.126,0.122,2.84,0.956,0.608,Mobile,United States,100.0,3040.0,50.0,0.8,20.0,40.0,100.0,0.2
2026-05-23,Google Search - Competitors,Google Search,186,9,32.06,0,0.0,semrush forecasting tool alternative,semrush,phrase,0,0.869,0.126,0.122,2.91,0.956,0.608,Mobile,United States,100.0,3040.0,50.0,0.8,20.0,40.0,100.0,0.2
2026-05-23,Google Search - Competitors,Google Search,134,5,42.13,0,0.0,ahrefs traffic forecaster,ahrefs,broad,0,0.869,0.126,0.122,1.64,0.956,0.608,Desktop,United States,100.0,3040.0,50.0,0.8,20.0,40.0,100.0,0.2
2026-05-23,Google Search - Competitors,Google Search,178,12,24.89,0,0.0,spyfu competitor ads budget planner,competitor template,broad,0,0.869,0.126,0.122,1.56,0.956,0.608,Desktop,United Kingdom,100.0,3040.0,50.0,0.8,20.0,40.0,100.0,0.2
2026-05-23,Meta Ads - Prospecting,Meta,8190,130,229.29,6,519.65,,,,6,0.612,0.244,0.116,3.22,0.673,0.428,Mobile,United Kingdom,200.0,6080.0,35.0,1.8,12.0,80.0,200.0,0.4
2026-05-23,Meta Ads - Retargeting,Meta,868,31,58.45,2,247.57,,,,2,0.4,0.55,0.05,1.49,0.44,0.28,Desktop,Germany,50.0,1520.0,25.0,3.5,8.0,120.0,400.0,0.6
2026-05-23,YouTube - Brand Awareness,YouTube,1480,40,41.95,0,0.0,,,,0,0.729,0.239,0.061,1.92,0.802,0.51,Mobile,United Kingdom,150.0,4560.0,60.0,0.5,25.0,30.0,80.0,0.15
2026-05-23,YouTube - Brand Awareness,YouTube,138,3,23.03,0,0.0,free advertising tutorial youtube,marketing tutorial,broad,0,0.729,0.239,0.061,3.64,0.802,0.51,Tablet,Canada,150.0,4560.0,60.0,0.5,25.0,30.0,80.0,0.15
2026-05-23,YouTube - Brand Awareness,YouTube,121,2,16.51,0,0.0,cheap keyword planner software download,keyword planner,broad,0,0.729,0.239,0.061,2.97,0.802,0.51,Desktop,United Kingdom,150.0,4560.0,60.0,0.5,25.0,30.0,80.0,0.15
2026-05-23,YouTube - Brand Awareness,YouTube,176,12,27.33,0,0.0,marketing jobs salary definition,jobs,broad,0,0.729,0.239,0.061,3.57,0.802,0.51,Tablet,United Kingdom,150.0,4560.0,60.0,0.5,25.0,30.0,80.0,0.15
2026-05-23,YouTube - Brand Awareness,YouTube,159,3,12.26,0,0.0,how to reset google ads password,support,broad,0,0.729,0.239,0.061,2.94,0.802,0.51,Desktop,United States,150.0,4560.0,60.0,0.5,25.0,30.0,80.0,0.15
2026-05-24,Google Search - Brand,Google Search,3850,55,81.27,2,184.5,,,,2,0.7,0.02,0.28,1.71,0.77,0.49,Tablet,Germany,150.0,4560.0,30.0,2.5,10.0,100.0,300.0,0.5
2026-05-24,Google Search - Brand,Google Search,516,23,39.06,1,96.0,forecastiq,forecastiq,exact,1,0.7,0.02,0.28,1.98,0.77,0.49,Desktop,United States,150.0,4560.0,30.0,2.5,10.0,100.0,300.0,0.5
2026-05-24,Google Search - Brand,Google Search,447,18,35.58,1,95.31,forecastiq pricing,forecastiq,phrase,1,0.7,0.02,0.28,1.76,0.77,0.49,Mobile,Germany,150.0,4560.0,30.0,2.5,10.0,100.0,300.0,0.5
2026-05-24,Google Search - Brand,Google Search,496,14,13.16,2,203.55,forecastiq software reviews,forecastiq,broad,2,0.7,0.02,0.28,2.07,0.77,0.49,Desktop,Canada,150.0,4560.0,30.0,2.5,10.0,100.0,300.0,0.5
2026-05-24,Google Search - Brand,Google Search,334,15,15.99,0,0.0,forecastiq login portal,forecastiq,phrase,0,0.7,0.02,0.28,2.77,0.77,0.49,Desktop,Canada,150.0,4560.0,30.0,2.5,10.0,100.0,300.0,0.5
2026-05-24,Google Search - NonBrand,Google Search,4800,300,412.02,4,216.99,,,,5,0.679,0.061,0.091,1.87,0.747,0.475,Mobile,Germany,300.0,9120.0,40.0,1.5,15.0,60.0,150.0,0.35
2026-05-24,Google Search - NonBrand,Google Search,490,28,54.87,4,217.1,paid ads forecasting tool,forecasting tool,phrase,4,0.679,0.061,0.091,3.57,0.747,0.475,Tablet,United States,300.0,9120.0,40.0,1.5,15.0,60.0,150.0,0.35
2026-05-24,Google Search - NonBrand,Google Search,530,38,65.1,6,385.36,marketing forecasting software,forecasting tool,exact,7,0.679,0.061,0.091,2.62,0.747,0.475,Desktop,Canada,300.0,9120.0,40.0,1.5,15.0,60.0,150.0,0.35
2026-05-24,Google Search - NonBrand,Google Search,386,18,19.86,5,324.21,ppc budget optimization planner,budget optimization,broad,5,0.679,0.061,0.091,3.52,0.747,0.475,Tablet,United Kingdom,300.0,9120.0,40.0,1.5,15.0,60.0,150.0,0.35
2026-05-24,Google Search - NonBrand,Google Search,710,17,20.04,0,0.0,ads forecasting template excel,forecasting tool,broad,0,0.679,0.061,0.091,1.31,0.747,0.475,Desktop,Germany,300.0,9120.0,40.0,1.5,15.0,60.0,150.0,0.35
2026-05-24,Google Search - Competitors,Google Search,1794,26,65.26,1,41.52,,,,1,0.765,0.081,0.152,1.84,0.841,0.535,Tablet,United States,100.0,3040.0,50.0,0.8,20.0,40.0,100.0,0.2
2026-05-24,Google Search - Competitors,Google Search,188,14,34.5,0,0.0,semrush forecasting tool alternative,semrush,phrase,0,0.765,0.081,0.152,3.78,0.841,0.535,Mobile,United States,100.0,3040.0,50.0,0.8,20.0,40.0,100.0,0.2
2026-05-24,Google Search - Competitors,Google Search,169,7,44.03,0,0.0,ahrefs traffic forecaster,ahrefs,broad,0,0.765,0.081,0.152,3.49,0.841,0.535,Desktop,United Kingdom,100.0,3040.0,50.0,0.8,20.0,40.0,100.0,0.2
2026-05-24,Google Search - Competitors,Google Search,268,18,24.99,0,0.0,spyfu competitor ads budget planner,competitor template,broad,0,0.765,0.081,0.152,1.51,0.841,0.535,Mobile,Germany,100.0,3040.0,50.0,0.8,20.0,40.0,100.0,0.2
2026-05-24,Meta Ads - Prospecting,Meta,1365,65,131.78,3,220.1,,,,3,0.756,0.226,0.16,1.79,0.831,0.529,Desktop,Canada,200.0,6080.0,35.0,1.8,12.0,80.0,200.0,0.4
2026-05-24,Meta Ads - Retargeting,Meta,1080,30,33.63,1,126.05,,,,1,0.4,0.55,0.05,1.33,0.44,0.28,Mobile,Germany,50.0,1520.0,25.0,3.5,8.0,120.0,400.0,0.6
2026-05-24,YouTube - Brand Awareness,YouTube,3074,58,146.82,0,0.0,,,,0,0.642,0.207,0.084,2.94,0.706,0.45,Desktop,Canada,150.0,4560.0,60.0,0.5,25.0,30.0,80.0,0.15
2026-05-24,YouTube - Brand Awareness,YouTube,379,27,23.88,0,0.0,free advertising tutorial youtube,marketing tutorial,broad,0,0.642,0.207,0.084,2.71,0.706,0.45,Mobile,United States,150.0,4560.0,60.0,0.5,25.0,30.0,80.0,0.15
2026-05-24,YouTube - Brand Awareness,YouTube,251,18,16.28,0,0.0,cheap keyword planner software download,keyword planner,broad,0,0.642,0.207,0.084,2.0,0.706,0.45,Desktop,Germany,150.0,4560.0,60.0,0.5,25.0,30.0,80.0,0.15
2026-05-24,YouTube - Brand Awareness,YouTube,392,15,29.38,0,0.0,marketing jobs salary definition,jobs,broad,0,0.642,0.207,0.084,3.4,0.706,0.45,Mobile,Canada,150.0,4560.0,60.0,0.5,25.0,30.0,80.0,0.15
2026-05-24,YouTube - Brand Awareness,YouTube,359,21,10.93,0,0.0,how to reset google ads password,support,broad,0,0.642,0.207,0.084,3.09,0.706,0.45,Mobile,Germany,150.0,4560.0,60.0,0.5,25.0,30.0,80.0,0.15
2026-05-25,Google Search - Brand,Google Search,6063,129,233.92,6,597.51,,,,6,0.7,0.02,0.28,3.12,0.77,0.49,Desktop,Germany,150.0,4560.0,30.0,2.5,10.0,100.0,300.0,0.5
2026-05-25,Google Search - Brand,Google Search,687,26,30.14,1,104.3,forecastiq,forecastiq,exact,1,0.7,0.02,0.28,1.63,0.77,0.49,Desktop,United States,150.0,4560.0,30.0,2.5,10.0,100.0,300.0,0.5
2026-05-25,Google Search - Brand,Google Search,678,20,20.2,1,99.76,forecastiq pricing,forecastiq,phrase,1,0.7,0.02,0.28,2.93,0.77,0.49,Desktop,Canada,150.0,4560.0,30.0,2.5,10.0,100.0,300.0,0.5
2026-05-25,Google Search - Brand,Google Search,794,60,75.83,9,978.71,forecastiq software reviews,forecastiq,broad,10,0.7,0.02,0.28,2.11,0.77,0.49,Desktop,United Kingdom,150.0,4560.0,30.0,2.5,10.0,100.0,300.0,0.5
2026-05-25,Google Search - Brand,Google Search,619,14,22.34,0,0.0,forecastiq login portal,forecastiq,phrase,0,0.7,0.02,0.28,2.08,0.77,0.49,Tablet,United Kingdom,150.0,4560.0,30.0,2.5,10.0,100.0,300.0,0.5
2026-05-25,Google Search - NonBrand,Google Search,20511,477,1301.71,14,888.68,,,,17,0.616,0.058,0.104,2.18,0.677,0.431,Tablet,United States,300.0,9120.0,40.0,1.5,15.0,60.0,150.0,0.35
2026-05-25,Google Search - NonBrand,Google Search,2262,174,169.8,28,1581.09,paid ads forecasting tool,forecasting tool,phrase,31,0.616,0.058,0.104,3.27,0.677,0.431,Desktop,Germany,300.0,9120.0,40.0,1.5,15.0,60.0,150.0,0.35
2026-05-25,Google Search - NonBrand,Google Search,1702,86,102.37,17,1037.13,marketing forecasting software,forecasting tool,exact,19,0.616,0.058,0.104,3.78,0.677,0.431,Tablet,Germany,300.0,9120.0,40.0,1.5,15.0,60.0,150.0,0.35
2026-05-25,Google Search - NonBrand,Google Search,2653,166,262.72,40,2464.17,ppc budget optimization planner,budget optimization,broad,40,0.616,0.058,0.104,1.96,0.677,0.431,Desktop,United Kingdom,300.0,9120.0,40.0,1.5,15.0,60.0,150.0,0.35
2026-05-25,Google Search - NonBrand,Google Search,3047,153,17.58,0,0.0,ads forecasting template excel,forecasting tool,broad,0,0.616,0.058,0.104,1.49,0.677,0.431,Mobile,Germany,300.0,9120.0,40.0,1.5,15.0,60.0,150.0,0.35
2026-05-25,Google Search - Competitors,Google Search,385,35,80.44,1,42.44,,,,1,0.747,0.061,0.051,2.49,0.822,0.523,Desktop,Germany,100.0,3040.0,50.0,0.8,20.0,40.0,100.0,0.2
2026-05-25,Google Search - Competitors,Google Search,40,1,33.65,0,0.0,semrush forecasting tool alternative,semrush,phrase,0,0.747,0.061,0.051,1.81,0.822,0.523,Desktop,Canada,100.0,3040.0,50.0,0.8,20.0,40.0,100.0,0.2
2026-05-25,Google Search - Competitors,Google Search,48,2,46.14,0,0.0,ahrefs traffic forecaster,ahrefs,broad,0,0.747,0.061,0.051,3.58,0.822,0.523,Tablet,Germany,100.0,3040.0,50.0,0.8,20.0,40.0,100.0,0.2
2026-05-25,Google Search - Competitors,Google Search,52,1,24.1,0,0.0,spyfu competitor ads budget planner,competitor template,broad,0,0.747,0.061,0.051,2.97,0.822,0.523,Tablet,United Kingdom,100.0,3040.0,50.0,0.8,20.0,40.0,100.0,0.2
2026-05-25,Meta Ads - Prospecting,Meta,2622,138,140.69,4,315.77,,,,4,0.819,0.12,0.12,1.76,0.901,0.573,Tablet,Canada,200.0,6080.0,35.0,1.8,12.0,80.0,200.0,0.4
2026-05-25,Meta Ads - Retargeting,Meta,1720,40,66.29,2,245.45,,,,2,0.4,0.55,0.05,1.83,0.44,0.28,Tablet,United Kingdom,50.0,1520.0,25.0,3.5,8.0,120.0,400.0,0.6
2026-05-25,YouTube - Brand Awareness,YouTube,3648,57,116.74,0,0.0,,,,0,0.693,0.074,0.097,1.38,0.762,0.485,Mobile,United States,150.0,4560.0,60.0,0.5,25.0,30.0,80.0,0.15
2026-05-25,YouTube - Brand Awareness,YouTube,452,23,20.45,0,0.0,free advertising tutorial youtube,marketing tutorial,broad,0,0.693,0.074,0.097,1.65,0.762,0.485,Mobile,United States,150.0,4560.0,60.0,0.5,25.0,30.0,80.0,0.15
2026-05-25,YouTube - Brand Awareness,YouTube,422,27,17.28,0,0.0,cheap keyword planner software download,keyword planner,broad,0,0.693,0.074,0.097,3.24,0.762,0.485,Mobile,Germany,150.0,4560.0,60.0,0.5,25.0,30.0,80.0,0.15
2026-05-25,YouTube - Brand Awareness,YouTube,436,16,29.14,0,0.0,marketing jobs salary definition,jobs,broad,0,0.693,0.074,0.097,1.68,0.762,0.485,Tablet,Canada,150.0,4560.0,60.0,0.5,25.0,30.0,80.0,0.15
2026-05-25,YouTube - Brand Awareness,YouTube,426,20,11.07,0,0.0,how to reset google ads password,support,broad,0,0.693,0.074,0.097,1.9,0.762,0.485,Desktop,Germany,150.0,4560.0,60.0,0.5,25.0,30.0,80.0,0.15
2026-05-26,Google Search - Brand,Google Search,4480,70,198.86,8,841.69,,,,9,0.7,0.02,0.28,1.15,0.77,0.49,Tablet,Canada,150.0,4560.0,30.0,2.5,10.0,100.0,300.0,0.5
2026-05-26,Google Search - Brand,Google Search,588,45,83.91,2,195.9,forecastiq,forecastiq,exact,2,0.7,0.02,0.28,2.44,0.77,0.49,Tablet,United States,150.0,4560.0,30.0,2.5,10.0,100.0,300.0,0.5
2026-05-26,Google Search - Brand,Google Search,488,32,56.88,2,195.32,forecastiq pricing,forecastiq,phrase,2,0.7,0.02,0.28,3.22,0.77,0.49,Tablet,United Kingdom,150.0,4560.0,30.0,2.5,10.0,100.0,300.0,0.5
2026-05-26,Google Search - Brand,Google Search,547,15,29.23,2,214.49,forecastiq software reviews,forecastiq,broad,2,0.7,0.02,0.28,2.93,0.77,0.49,Desktop,United States,150.0,4560.0,30.0,2.5,10.0,100.0,300.0,0.5
2026-05-26,Google Search - Brand,Google Search,638,23,36.51,0,0.0,forecastiq login portal,forecastiq,phrase,0,0.7,0.02,0.28,3.03,0.77,0.49,Mobile,Germany,150.0,4560.0,30.0,2.5,10.0,100.0,300.0,0.5
2026-05-26,Google Search - NonBrand,Google Search,12136,296,645.29,9,507.18,,,,10,0.703,0.175,0.107,2.07,0.773,0.492,Mobile,Canada,300.0,9120.0,40.0,1.5,15.0,60.0,150.0,0.35
2026-05-26,Google Search - NonBrand,Google Search,1711,108,141.58,14,799.08,paid ads forecasting tool,forecasting tool,phrase,15,0.703,0.175,0.107,2.45,0.773,0.492,Mobile,Canada,300.0,9120.0,40.0,1.5,15.0,60.0,150.0,0.35
2026-05-26,Google Search - NonBrand,Google Search,1614,110,103.14,25,1488.12,marketing forecasting software,forecasting tool,exact,25,0.703,0.175,0.107,2.49,0.773,0.492,Tablet,Canada,300.0,9120.0,40.0,1.5,15.0,60.0,150.0,0.35
2026-05-26,Google Search - NonBrand,Google Search,1106,35,67.98,10,654.86,ppc budget optimization planner,budget optimization,broad,11,0.703,0.175,0.107,2.41,0.773,0.492,Mobile,United Kingdom,300.0,9120.0,40.0,1.5,15.0,60.0,150.0,0.35
2026-05-26,Google Search - NonBrand,Google Search,1076,84,19.98,0,0.0,ads forecasting template excel,forecasting tool,broad,0,0.703,0.175,0.107,2.36,0.773,0.492,Mobile,United States,300.0,9120.0,40.0,1.5,15.0,60.0,150.0,0.35
2026-05-26,Google Search - Competitors,Google Search,1258,37,79.06,1,38.51,,,,1,0.563,0.082,0.14,1.54,0.619,0.394,Mobile,United Kingdom,100.0,3040.0,50.0,0.8,20.0,40.0,100.0,0.2
2026-05-26,Google Search - Competitors,Google Search,155,4,35.1,0,0.0,semrush forecasting tool alternative,semrush,phrase,0,0.563,0.082,0.14,3.65,0.619,0.394,Desktop,United States,100.0,3040.0,50.0,0.8,20.0,40.0,100.0,0.2
2026-05-26,Google Search - Competitors,Google Search,122,8,41.26,0,0.0,ahrefs traffic forecaster,ahrefs,broad,0,0.563,0.082,0.14,3.05,0.619,0.394,Desktop,Germany,100.0,3040.0,50.0,0.8,20.0,40.0,100.0,0.2
2026-05-26,Google Search - Competitors,Google Search,152,8,27.18,0,0.0,spyfu competitor ads budget planner,competitor template,broad,0,0.563,0.082,0.14,3.5,0.619,0.394,Tablet,United States,100.0,3040.0,50.0,0.8,20.0,40.0,100.0,0.2
2026-05-26,Meta Ads - Prospecting,Meta,6450,129,383.46,12,1032.86,,,,15,0.634,0.18,0.114,2.61,0.698,0.444,Mobile,United Kingdom,200.0,6080.0,35.0,1.8,12.0,80.0,200.0,0.4
2026-05-26,Meta Ads - Retargeting,Meta,486,18,34.99,1,121.69,,,,1,0.4,0.55,0.05,3.1,0.44,0.28,Mobile,Canada,50.0,1520.0,25.0,3.5,8.0,120.0,400.0,0.6
2026-05-26,YouTube - Brand Awareness,YouTube,3840,64,170.08,0,0.0,,,,0,0.8,0.216,0.157,2.9,0.88,0.56,Mobile,United States,150.0,4560.0,60.0,0.5,25.0,30.0,80.0,0.15
2026-05-26,YouTube - Brand Awareness,YouTube,487,18,19.82,0,0.0,free advertising tutorial youtube,marketing tutorial,broad,0,0.8,0.216,0.157,2.61,0.88,0.56,Tablet,United Kingdom,150.0,4560.0,60.0,0.5,25.0,30.0,80.0,0.15
2026-05-26,YouTube - Brand Awareness,YouTube,372,8,15.24,0,0.0,cheap keyword planner software download,keyword planner,broad,0,0.8,0.216,0.157,1.57,0.88,0.56,Tablet,United States,150.0,4560.0,60.0,0.5,25.0,30.0,80.0,0.15
2026-05-26,YouTube - Brand Awareness,YouTube,393,16,30.32,0,0.0,marketing jobs salary definition,jobs,broad,0,0.8,0.216,0.157,1.86,0.88,0.56,Tablet,Canada,150.0,4560.0,60.0,0.5,25.0,30.0,80.0,0.15
2026-05-26,YouTube - Brand Awareness,YouTube,448,27,12.91,0,0.0,how to reset google ads password,support,broad,0,0.8,0.216,0.157,3.58,0.88,0.56,Tablet,Germany,150.0,4560.0,60.0,0.5,25.0,30.0,80.0,0.15
2026-05-27,Google Search - Brand,Google Search,2635,85,149.35,5,473.83,,,,5,0.7,0.02,0.28,2.0,0.77,0.49,Desktop,Germany,150.0,4560.0,30.0,2.5,10.0,100.0,300.0,0.5
2026-05-27,Google Search - Brand,Google Search,325,11,9.02,0,0.0,forecastiq,forecastiq,exact,0,0.7,0.02,0.28,1.21,0.77,0.49,Desktop,Germany,150.0,4560.0,30.0,2.5,10.0,100.0,300.0,0.5
2026-05-27,Google Search - Brand,Google Search,306,7,10.97,0,0.0,forecastiq pricing,forecastiq,phrase,0,0.7,0.02,0.28,2.22,0.77,0.49,Desktop,Germany,150.0,4560.0,30.0,2.5,10.0,100.0,300.0,0.5
2026-05-27,Google Search - Brand,Google Search,246,5,8.82,0,0.0,forecastiq software reviews,forecastiq,broad,0,0.7,0.02,0.28,1.75,0.77,0.49,Mobile,United States,150.0,4560.0,30.0,2.5,10.0,100.0,300.0,0.5
2026-05-27,Google Search - Brand,Google Search,333,12,21.91,0,0.0,forecastiq login portal,forecastiq,phrase,0,0.7,0.02,0.28,3.4,0.77,0.49,Tablet,Germany,150.0,4560.0,30.0,2.5,10.0,100.0,300.0,0.5
2026-05-27,Google Search - NonBrand,Google Search,18910,305,711.44,10,587.26,,,,12,0.772,0.212,0.181,2.19,0.849,0.541,Mobile,United Kingdom,300.0,9120.0,40.0,1.5,15.0,60.0,150.0,0.35
2026-05-27,Google Search - NonBrand,Google Search,2553,59,87.66,10,654.63,paid ads forecasting tool,forecasting tool,phrase,11,0.772,0.212,0.181,1.21,0.849,0.541,Mobile,Canada,300.0,9120.0,40.0,1.5,15.0,60.0,150.0,0.35
2026-05-27,Google Search - NonBrand,Google Search,2161,163,228.81,31,1914.84,marketing forecasting software,forecasting tool,exact,32,0.772,0.212,0.181,1.61,0.849,0.541,Desktop,United Kingdom,300.0,9120.0,40.0,1.5,15.0,60.0,150.0,0.35
2026-05-27,Google Search - NonBrand,Google Search,2002,144,168.81,37,2358.6,ppc budget optimization planner,budget optimization,broad,43,0.772,0.212,0.181,3.39,0.849,0.541,Desktop,United Kingdom,300.0,9120.0,40.0,1.5,15.0,60.0,150.0,0.35
2026-05-27,Google Search - NonBrand,Google Search,1716,48,19.23,0,0.0,ads forecasting template excel,forecasting tool,broad,0,0.772,0.212,0.181,3.04,0.849,0.541,Desktop,Germany,300.0,9120.0,40.0,1.5,15.0,60.0,150.0,0.35
2026-05-27,Google Search - Competitors,Google Search,5254,71,130.46,2,76.24,,,,2,0.683,0.244,0.074,1.97,0.752,0.478,Desktop,Canada,100.0,3040.0,50.0,0.8,20.0,40.0,100.0,0.2
2026-05-27,Google Search - Competitors,Google Search,531,11,34.69,0,0.0,semrush forecasting tool alternative,semrush,phrase,0,0.683,0.244,0.074,3.06,0.752,0.478,Desktop,Germany,100.0,3040.0,50.0,0.8,20.0,40.0,100.0,0.2
2026-05-27,Google Search - Competitors,Google Search,709,35,42.36,0,0.0,ahrefs traffic forecaster,ahrefs,broad,0,0.683,0.244,0.074,1.68,0.752,0.478,Tablet,United Kingdom,100.0,3040.0,50.0,0.8,20.0,40.0,100.0,0.2
2026-05-27,Google Search - Competitors,Google Search,738,28,26.6,0,0.0,spyfu competitor ads budget planner,competitor template,broad,0,0.683,0.244,0.074,3.04,0.752,0.478,Desktop,United Kingdom,100.0,3040.0,50.0,0.8,20.0,40.0,100.0,0.2
2026-05-27,Meta Ads - Prospecting,Meta,3655,85,122.24,4,301.84,,,,5,0.877,0.196,0.069,1.11,0.965,0.614,Mobile,Canada,200.0,6080.0,35.0,1.8,12.0,80.0,200.0,0.4
2026-05-27,Meta Ads - Retargeting,Meta,1512,36,40.03,1,122.51,,,,1,0.4,0.55,0.05,2.57,0.44,0.28,Desktop,Canada,50.0,1520.0,25.0,3.5,8.0,120.0,400.0,0.6
2026-05-27,YouTube - Brand Awareness,YouTube,3762,66,92.26,0,0.0,,,,0,0.724,0.161,0.176,3.07,0.796,0.507,Mobile,United States,150.0,4560.0,60.0,0.5,25.0,30.0,80.0,0.15
2026-05-27,YouTube - Brand Awareness,YouTube,326,17,19.83,0,0.0,free advertising tutorial youtube,marketing tutorial,broad,0,0.724,0.161,0.176,1.41,0.796,0.507,Tablet,Canada,150.0,4560.0,60.0,0.5,25.0,30.0,80.0,0.15
2026-05-27,YouTube - Brand Awareness,YouTube,346,15,16.46,0,0.0,cheap keyword planner software download,keyword planner,broad,0,0.724,0.161,0.176,3.54,0.796,0.507,Desktop,Germany,150.0,4560.0,60.0,0.5,25.0,30.0,80.0,0.15
2026-05-27,YouTube - Brand Awareness,YouTube,450,28,27.06,0,0.0,marketing jobs salary definition,jobs,broad,0,0.724,0.161,0.176,3.8,0.796,0.507,Tablet,United States,150.0,4560.0,60.0,0.5,25.0,30.0,80.0,0.15
2026-05-27,YouTube - Brand Awareness,YouTube,454,33,11.36,0,0.0,how to reset google ads password,support,broad,0,0.724,0.161,0.176,2.83,0.796,0.507,Desktop,United States,150.0,4560.0,60.0,0.5,25.0,30.0,80.0,0.15
2026-05-28,Google Search - Brand,Google Search,648,54,104.53,3,286.1,,,,3,0.7,0.02,0.28,1.88,0.77,0.49,Tablet,Germany,150.0,4560.0,30.0,2.5,10.0,100.0,300.0,0.5
2026-05-28,Google Search - Brand,Google Search,86,4,5.83,0,0.0,forecastiq,forecastiq,exact,0,0.7,0.02,0.28,3.68,0.77,0.49,Desktop,Germany,150.0,4560.0,30.0,2.5,10.0,100.0,300.0,0.5
2026-05-28,Google Search - Brand,Google Search,94,2,2.28,0,0.0,forecastiq pricing,forecastiq,phrase,0,0.7,0.02,0.28,3.72,0.77,0.49,Desktop,Germany,150.0,4560.0,30.0,2.5,10.0,100.0,300.0,0.5
2026-05-28,Google Search - Brand,Google Search,79,5,4.95,0,0.0,forecastiq software reviews,forecastiq,broad,0,0.7,0.02,0.28,3.37,0.77,0.49,Desktop,Germany,150.0,4560.0,30.0,2.5,10.0,100.0,300.0,0.5
2026-05-28,Google Search - Brand,Google Search,84,3,5.15,0,0.0,forecastiq login portal,forecastiq,phrase,0,0.7,0.02,0.28,2.93,0.77,0.49,Desktop,United States,150.0,4560.0,30.0,2.5,10.0,100.0,300.0,0.5
2026-05-28,Google Search - NonBrand,Google Search,10208,232,399.14,5,320.58,,,,5,0.816,0.193,0.089,2.24,0.898,0.571,Tablet,United States,300.0,9120.0,40.0,1.5,15.0,60.0,150.0,0.35
2026-05-28,Google Search - NonBrand,Google Search,957,61,110.54,7,390.52,paid ads forecasting tool,forecasting tool,phrase,7,0.816,0.193,0.089,2.57,0.898,0.571,Tablet,Germany,300.0,9120.0,40.0,1.5,15.0,60.0,150.0,0.35
2026-05-28,Google Search - NonBrand,Google Search,855,27,32.54,4,257.36,marketing forecasting software,forecasting tool,exact,4,0.816,0.193,0.089,1.25,0.898,0.571,Tablet,United Kingdom,300.0,9120.0,40.0,1.5,15.0,60.0,150.0,0.35
2026-05-28,Google Search - NonBrand,Google Search,1167,64,116.32,14,791.48,ppc budget optimization planner,budget optimization,broad,15,0.816,0.193,0.089,1.41,0.898,0.571,Mobile,Canada,300.0,9120.0,40.0,1.5,15.0,60.0,150.0,0.35
2026-05-28,Google Search - NonBrand,Google Search,1329,100,19.16,0,0.0,ads forecasting template excel,forecasting tool,broad,0,0.816,0.193,0.089,3.44,0.898,0.571,Mobile,United States,300.0,9120.0,40.0,1.5,15.0,60.0,150.0,0.35
2026-05-28,Google Search - Competitors,Google Search,2911,41,76.13,1,40.42,,,,1,0.686,0.235,0.188,3.08,0.755,0.48,Mobile,United Kingdom,100.0,3040.0,50.0,0.8,20.0,40.0,100.0,0.2
2026-05-28,Google Search - Competitors,Google Search,396,31,31.77,0,0.0,semrush forecasting tool alternative,semrush,phrase,0,0.686,0.235,0.188,2.57,0.755,0.48,Tablet,United States,100.0,3040.0,50.0,0.8,20.0,40.0,100.0,0.2
2026-05-28,Google Search - Competitors,Google Search,431,29,40.59,0,0.0,ahrefs traffic forecaster,ahrefs,broad,0,0.686,0.235,0.188,2.34,0.755,0.48,Desktop,Canada,100.0,3040.0,50.0,0.8,20.0,40.0,100.0,0.2
2026-05-28,Google Search - Competitors,Google Search,317,20,25.87,0,0.0,spyfu competitor ads budget planner,competitor template,broad,0,0.686,0.235,0.188,3.41,0.755,0.48,Desktop,Germany,100.0,3040.0,50.0,0.8,20.0,40.0,100.0,0.2
2026-05-28,Meta Ads - Prospecting,Meta,3612,84,138.72,3,259.11,,,,3,0.838,0.206,0.192,1.23,0.922,0.587,Tablet,United Kingdom,200.0,6080.0,35.0,1.8,12.0,80.0,200.0,0.4
2026-05-28,Meta Ads - Retargeting,Meta,960,15,30.32,1,118.46,,,,1,0.4,0.55,0.05,3.17,0.44,0.28,Mobile,Canada,50.0,1520.0,25.0,3.5,8.0,120.0,400.0,0.6
2026-05-28,YouTube - Brand Awareness,YouTube,11248,152,453.06,0,0.0,,,,0,0.602,0.056,0.17,2.41,0.662,0.421,Desktop,Germany,150.0,4560.0,60.0,0.5,25.0,30.0,80.0,0.15
2026-05-28,YouTube - Brand Awareness,YouTube,1456,66,21.47,0,0.0,free advertising tutorial youtube,marketing tutorial,broad,0,0.602,0.056,0.17,2.42,0.662,0.421,Desktop,United States,150.0,4560.0,60.0,0.5,25.0,30.0,80.0,0.15
2026-05-28,YouTube - Brand Awareness,YouTube,1090,48,14.9,0,0.0,cheap keyword planner software download,keyword planner,broad,0,0.602,0.056,0.17,1.29,0.662,0.421,Mobile,United States,150.0,4560.0,60.0,0.5,25.0,30.0,80.0,0.15
2026-05-28,YouTube - Brand Awareness,YouTube,1424,108,30.87,0,0.0,marketing jobs salary definition,jobs,broad,0,0.602,0.056,0.17,3.79,0.662,0.421,Desktop,United States,150.0,4560.0,60.0,0.5,25.0,30.0,80.0,0.15
2026-05-28,YouTube - Brand Awareness,YouTube,1627,68,12.9,0,0.0,how to reset google ads password,support,broad,0,0.602,0.056,0.17,2.02,0.662,0.421,Tablet,United States,150.0,4560.0,60.0,0.5,25.0,30.0,80.0,0.15
2026-05-29,Google Search - Brand,Google Search,689,53,115.23,4,395.48,,,,5,0.7,0.02,0.28,2.16,0.77,0.49,Desktop,United States,150.0,4560.0,30.0,2.5,10.0,100.0,300.0,0.5
2026-05-29,Google Search - Brand,Google Search,58,2,2.73,0,0.0,forecastiq,forecastiq,exact,0,0.7,0.02,0.28,2.6,0.77,0.49,Tablet,Germany,150.0,4560.0,30.0,2.5,10.0,100.0,300.0,0.5
2026-05-29,Google Search - Brand,Google Search,63,2,3.38,0,0.0,forecastiq pricing,forecastiq,phrase,0,0.7,0.02,0.28,3.27,0.77,0.49,Desktop,Germany,150.0,4560.0,30.0,2.5,10.0,100.0,300.0,0.5
2026-05-29,Google Search - Brand,Google Search,92,2,1.72,0,0.0,forecastiq software reviews,forecastiq,broad,0,0.7,0.02,0.28,3.35,0.77,0.49,Desktop,Germany,150.0,4560.0,30.0,2.5,10.0,100.0,300.0,0.5
2026-05-29,Google Search - Brand,Google Search,97,7,11.85,0,0.0,forecastiq login portal,forecastiq,phrase,0,0.7,0.02,0.28,2.84,0.77,0.49,Desktop,United States,150.0,4560.0,30.0,2.5,10.0,100.0,300.0,0.5
2026-05-29,Google Search - NonBrand,Google Search,30668,451,1241.0,14,922.94,,,,17,0.803,0.115,0.171,1.28,0.883,0.562,Mobile,United States,300.0,9120.0,40.0,1.5,15.0,60.0,150.0,0.35
2026-05-29,Google Search - NonBrand,Google Search,3786,239,226.86,34,2139.25,paid ads forecasting tool,forecasting tool,phrase,35,0.803,0.115,0.171,3.47,0.883,0.562,Tablet,United Kingdom,300.0,9120.0,40.0,1.5,15.0,60.0,150.0,0.35
2026-05-29,Google Search - NonBrand,Google Search,2947,153,147.79,25,1475.8,marketing forecasting software,forecasting tool,exact,28,0.803,0.115,0.171,2.03,0.883,0.562,Mobile,United States,300.0,9120.0,40.0,1.5,15.0,60.0,150.0,0.35
2026-05-29,Google Search - NonBrand,Google Search,3684,156,234.41,45,2503.74,ppc budget optimization planner,budget optimization,broad,50,0.803,0.115,0.171,2.23,0.883,0.562,Tablet,United States,300.0,9120.0,40.0,1.5,15.0,60.0,150.0,0.35
2026-05-29,Google Search - NonBrand,Google Search,2951,235,19.24,0,0.0,ads forecasting template excel,forecasting tool,broad,0,0.803,0.115,0.171,2.62,0.883,0.562,Desktop,United States,300.0,9120.0,40.0,1.5,15.0,60.0,150.0,0.35
2026-05-29,Google Search - Competitors,Google Search,5664,96,105.39,2,74.73,,,,2,0.862,0.24,0.072,3.04,0.948,0.603,Tablet,Germany,100.0,3040.0,50.0,0.8,20.0,40.0,100.0,0.2
2026-05-29,Google Search - Competitors,Google Search,681,35,34.57,0,0.0,semrush forecasting tool alternative,semrush,phrase,0,0.862,0.24,0.072,2.0,0.948,0.603,Mobile,United States,100.0,3040.0,50.0,0.8,20.0,40.0,100.0,0.2
2026-05-29,Google Search - Competitors,Google Search,456,14,45.11,0,0.0,ahrefs traffic forecaster,ahrefs,broad,0,0.862,0.24,0.072,2.88,0.948,0.603,Desktop,Canada,100.0,3040.0,50.0,0.8,20.0,40.0,100.0,0.2
2026-05-29,Google Search - Competitors,Google Search,692,32,22.96,0,0.0,spyfu competitor ads budget planner,competitor template,broad,0,0.862,0.24,0.072,2.0,0.948,0.603,Tablet,United Kingdom,100.0,3040.0,50.0,0.8,20.0,40.0,100.0,0.2
2026-05-29,Meta Ads - Prospecting,Meta,4221,67,166.21,5,416.39,,,,6,0.576,0.164,0.15,2.85,0.633,0.403,Mobile,United States,200.0,6080.0,35.0,1.8,12.0,80.0,200.0,0.4
2026-05-29,Meta Ads - Retargeting,Meta,1420,20,56.51,2,226.24,,,,2,0.4,0.55,0.05,1.39,0.44,0.28,Mobile,United Kingdom,50.0,1520.0,25.0,3.5,8.0,120.0,400.0,0.6
2026-05-29,YouTube - Brand Awareness,YouTube,7526,142,265.74,0,0.0,,,,0,0.841,0.202,0.098,2.38,0.925,0.588,Mobile,Germany,150.0,4560.0,60.0,0.5,25.0,30.0,80.0,0.15
2026-05-29,YouTube - Brand Awareness,YouTube,712,17,23.27,0,0.0,free advertising tutorial youtube,marketing tutorial,broad,0,0.841,0.202,0.098,3.63,0.925,0.588,Desktop,Germany,150.0,4560.0,60.0,0.5,25.0,30.0,80.0,0.15
2026-05-29,YouTube - Brand Awareness,YouTube,1053,67,17.59,0,0.0,cheap keyword planner software download,keyword planner,broad,0,0.841,0.202,0.098,1.28,0.925,0.588,Tablet,United Kingdom,150.0,4560.0,60.0,0.5,25.0,30.0,80.0,0.15
2026-05-29,YouTube - Brand Awareness,YouTube,1068,76,29.26,0,0.0,marketing jobs salary definition,jobs,broad,0,0.841,0.202,0.098,3.03,0.925,0.588,Mobile,United States,150.0,4560.0,60.0,0.5,25.0,30.0,80.0,0.15
2026-05-29,YouTube - Brand Awareness,YouTube,787,24,11.81,0,0.0,how to reset google ads password,support,broad,0,0.841,0.202,0.098,2.11,0.925,0.588,Tablet,Germany,150.0,4560.0,60.0,0.5,25.0,30.0,80.0,0.15
2026-05-30,Google Search - Brand,Google Search,2664,36,38.73,1,94.85,,,,1,0.7,0.02,0.28,1.99,0.77,0.49,Desktop,United States,150.0,4560.0,30.0,2.5,10.0,100.0,300.0,0.5
2026-05-30,Google Search - Brand,Google Search,309,9,10.2,0,0.0,forecastiq,forecastiq,exact,0,0.7,0.02,0.28,2.45,0.77,0.49,Desktop,Canada,150.0,4560.0,30.0,2.5,10.0,100.0,300.0,0.5
2026-05-30,Google Search - Brand,Google Search,322,14,26.0,0,0.0,forecastiq pricing,forecastiq,phrase,0,0.7,0.02,0.28,3.21,0.77,0.49,Tablet,United States,150.0,4560.0,30.0,2.5,10.0,100.0,300.0,0.5
2026-05-30,Google Search - Brand,Google Search,351,19,15.34,2,216.02,forecastiq software reviews,forecastiq,broad,2,0.7,0.02,0.28,2.5,0.77,0.49,Mobile,Canada,150.0,4560.0,30.0,2.5,10.0,100.0,300.0,0.5
2026-05-30,Google Search - Brand,Google Search,224,10,15.51,0,0.0,forecastiq login portal,forecastiq,phrase,0,0.7,0.02,0.28,2.64,0.77,0.49,Tablet,United States,150.0,4560.0,30.0,2.5,10.0,100.0,300.0,0.5
2026-05-30,Google Search - NonBrand,Google Search,15408,214,376.92,5,276.01,,,,6,0.609,0.202,0.193,2.62,0.67,0.426,Tablet,Canada,300.0,9120.0,40.0,1.5,15.0,60.0,150.0,0.35
2026-05-30,Google Search - NonBrand,Google Search,2139,69,75.34,11,703.74,paid ads forecasting tool,forecasting tool,phrase,11,0.609,0.202,0.193,2.19,0.67,0.426,Mobile,United Kingdom,300.0,9120.0,40.0,1.5,15.0,60.0,150.0,0.35
2026-05-30,Google Search - NonBrand,Google Search,2160,141,245.89,29,1842.21,marketing forecasting software,forecasting tool,exact,33,0.609,0.202,0.193,3.22,0.67,0.426,Mobile,United Kingdom,300.0,9120.0,40.0,1.5,15.0,60.0,150.0,0.35
2026-05-30,Google Search - NonBrand,Google Search,1979,68,134.24,15,962.46,ppc budget optimization planner,budget optimization,broad,17,0.609,0.202,0.193,2.32,0.67,0.426,Mobile,Canada,300.0,9120.0,40.0,1.5,15.0,60.0,150.0,0.35
2026-05-30,Google Search - NonBrand,Google Search,1513,77,16.92,0,0.0,ads forecasting template excel,forecasting tool,broad,0,0.609,0.202,0.193,3.54,0.67,0.426,Tablet,Canada,300.0,9120.0,40.0,1.5,15.0,60.0,150.0,0.35
2026-05-30,Google Search - Competitors,Google Search,2100,28,69.02,1,41.48,,,,1,0.558,0.139,0.065,2.26,0.614,0.39,Tablet,Germany,100.0,3040.0,50.0,0.8,20.0,40.0,100.0,0.2
2026-05-30,Google Search - Competitors,Google Search,217,10,32.67,0,0.0,semrush forecasting tool alternative,semrush,phrase,0,0.558,0.139,0.065,3.18,0.614,0.39,Mobile,United States,100.0,3040.0,50.0,0.8,20.0,40.0,100.0,0.2
2026-05-30,Google Search - Competitors,Google Search,196,6,44.38,0,0.0,ahrefs traffic forecaster,ahrefs,broad,0,0.558,0.139,0.065,2.23,0.614,0.39,Tablet,United Kingdom,100.0,3040.0,50.0,0.8,20.0,40.0,100.0,0.2
2026-05-30,Google Search - Competitors,Google Search,267,15,26.31,0,0.0,spyfu competitor ads budget planner,competitor template,broad,0,0.558,0.139,0.065,2.92,0.614,0.39,Tablet,United States,100.0,3040.0,50.0,0.8,20.0,40.0,100.0,0.2
2026-05-30,Meta Ads - Prospecting,Meta,1173,51,148.08,4,311.9,,,,4,0.633,0.08,0.069,1.99,0.696,0.443,Mobile,Canada,200.0,6080.0,35.0,1.8,12.0,80.0,200.0,0.4
2026-05-30,Meta Ads - Retargeting,Meta,275,11,14.44,0,0.0,,,,0,0.4,0.55,0.05,1.15,0.44,0.28,Tablet,United States,50.0,1520.0,25.0,3.5,8.0,120.0,400.0,0.6
2026-05-30,YouTube - Brand Awareness,YouTube,2040,40,97.47,0,0.0,,,,0,0.714,0.248,0.058,1.52,0.785,0.5,Mobile,United Kingdom,150.0,4560.0,60.0,0.5,25.0,30.0,80.0,0.15
2026-05-30,YouTube - Brand Awareness,YouTube,274,12,22.47,0,0.0,free advertising tutorial youtube,marketing tutorial,broad,0,0.714,0.248,0.058,2.04,0.785,0.5,Tablet,Germany,150.0,4560.0,60.0,0.5,25.0,30.0,80.0,0.15
2026-05-30,YouTube - Brand Awareness,YouTube,294,20,17.07,0,0.0,cheap keyword planner software download,keyword planner,broad,0,0.714,0.248,0.058,3.44,0.785,0.5,Mobile,United Kingdom,150.0,4560.0,60.0,0.5,25.0,30.0,80.0,0.15
2026-05-30,YouTube - Brand Awareness,YouTube,259,9,31.16,0,0.0,marketing jobs salary definition,jobs,broad,0,0.714,0.248,0.058,3.62,0.785,0.5,Mobile,Canada,150.0,4560.0,60.0,0.5,25.0,30.0,80.0,0.15
2026-05-30,YouTube - Brand Awareness,YouTube,233,11,12.37,0,0.0,how to reset google ads password,support,broad,0,0.714,0.248,0.058,2.33,0.785,0.5,Mobile,Canada,150.0,4560.0,60.0,0.5,25.0,30.0,80.0,0.15
2026-05-31,Google Search - Brand,Google Search,2700,36,84.42,2,183.29,,,,2,0.7,0.02,0.28,3.15,0.77,0.49,Desktop,United States,150.0,4560.0,30.0,2.5,10.0,100.0,300.0,0.5
2026-05-31,Google Search - Brand,Google Search,300,8,13.34,0,0.0,forecastiq,forecastiq,exact,0,0.7,0.02,0.28,1.5,0.77,0.49,Desktop,Canada,150.0,4560.0,30.0,2.5,10.0,100.0,300.0,0.5
2026-05-31,Google Search - Brand,Google Search,289,20,31.84,1,105.97,forecastiq pricing,forecastiq,phrase,1,0.7,0.02,0.28,2.09,0.77,0.49,Tablet,United Kingdom,150.0,4560.0,30.0,2.5,10.0,100.0,300.0,0.5
2026-05-31,Google Search - Brand,Google Search,335,17,33.69,2,192.73,forecastiq software reviews,forecastiq,broad,2,0.7,0.02,0.28,1.73,0.77,0.49,Desktop,Germany,150.0,4560.0,30.0,2.5,10.0,100.0,300.0,0.5
2026-05-31,Google Search - Brand,Google Search,244,7,10.98,0,0.0,forecastiq login portal,forecastiq,phrase,0,0.7,0.02,0.28,2.18,0.77,0.49,Desktop,Canada,150.0,4560.0,30.0,2.5,10.0,100.0,300.0,0.5
2026-05-31,Google Search - NonBrand,Google Search,2394,126,256.1,2,129.54,,,,2,0.751,0.15,0.134,2.84,0.826,0.526,Desktop,United States,300.0,9120.0,40.0,1.5,15.0,60.0,150.0,0.35
2026-05-31,Google Search - NonBrand,Google Search,238,11,19.8,1,65.79,paid ads forecasting tool,forecasting tool,phrase,1,0.751,0.15,0.134,1.39,0.826,0.526,Desktop,United Kingdom,300.0,9120.0,40.0,1.5,15.0,60.0,150.0,0.35
2026-05-31,Google Search - NonBrand,Google Search,192,5,7.71,0,0.0,marketing forecasting software,forecasting tool,exact,0,0.751,0.15,0.134,2.15,0.826,0.526,Desktop,United Kingdom,300.0,9120.0,40.0,1.5,15.0,60.0,150.0,0.35
2026-05-31,Google Search - NonBrand,Google Search,277,18,35.21,3,184.45,ppc budget optimization planner,budget optimization,broad,3,0.751,0.15,0.134,2.27,0.826,0.526,Mobile,Canada,300.0,9120.0,40.0,1.5,15.0,60.0,150.0,0.35
2026-05-31,Google Search - NonBrand,Google Search,218,13,16.88,0,0.0,ads forecasting template excel,forecasting tool,broad,0,0.751,0.15,0.134,3.15,0.826,0.526,Tablet,Canada,300.0,9120.0,40.0,1.5,15.0,60.0,150.0,0.35
2026-05-31,Google Search - Competitors,Google Search,1518,23,24.12,0,0.0,,,,0,0.572,0.216,0.075,1.86,0.63,0.401,Mobile,United States,100.0,3040.0,50.0,0.8,20.0,40.0,100.0,0.2
2026-05-31,Google Search - Competitors,Google Search,131,9,32.26,0,0.0,semrush forecasting tool alternative,semrush,phrase,0,0.572,0.216,0.075,1.44,0.63,0.401,Tablet,United Kingdom,100.0,3040.0,50.0,0.8,20.0,40.0,100.0,0.2
2026-05-31,Google Search - Competitors,Google Search,196,7,47.03,0,0.0,ahrefs traffic forecaster,ahrefs,broad,0,0.572,0.216,0.075,1.62,0.63,0.401,Mobile,United Kingdom,100.0,3040.0,50.0,0.8,20.0,40.0,100.0,0.2
2026-05-31,Google Search - Competitors,Google Search,164,7,23.83,0,0.0,spyfu competitor ads budget planner,competitor template,broad,0,0.572,0.216,0.075,1.81,0.63,0.401,Tablet,Germany,100.0,3040.0,50.0,0.8,20.0,40.0,100.0,0.2
2026-05-31,Meta Ads - Prospecting,Meta,1134,63,125.01,3,249.41,,,,3,0.653,0.222,0.128,1.53,0.719,0.457,Desktop,Canada,200.0,6080.0,35.0,1.8,12.0,80.0,200.0,0.4
2026-05-31,Meta Ads - Retargeting,Meta,1000,25,67.93,2,261.14,,,,2,0.4,0.55,0.05,3.11,0.44,0.28,Mobile,United Kingdom,50.0,1520.0,25.0,3.5,8.0,120.0,400.0,0.6
2026-05-31,YouTube - Brand Awareness,YouTube,1414,101,283.59,0,0.0,,,,0,0.743,0.199,0.145,2.57,0.818,0.52,Tablet,United States,150.0,4560.0,60.0,0.5,25.0,30.0,80.0,0.15
2026-05-31,YouTube - Brand Awareness,YouTube,178,9,21.36,0,0.0,free advertising tutorial youtube,marketing tutorial,broad,0,0.743,0.199,0.145,2.91,0.818,0.52,Tablet,United Kingdom,150.0,4560.0,60.0,0.5,25.0,30.0,80.0,0.15
2026-05-31,YouTube - Brand Awareness,YouTube,179,13,17.37,0,0.0,cheap keyword planner software download,keyword planner,broad,0,0.743,0.199,0.145,1.4,0.818,0.52,Desktop,United Kingdom,150.0,4560.0,60.0,0.5,25.0,30.0,80.0,0.15
2026-05-31,YouTube - Brand Awareness,YouTube,177,11,32.57,0,0.0,marketing jobs salary definition,jobs,broad,0,0.743,0.199,0.145,1.56,0.818,0.52,Mobile,Germany,150.0,4560.0,60.0,0.5,25.0,30.0,80.0,0.15
2026-05-31,YouTube - Brand Awareness,YouTube,203,13,12.91,0,0.0,how to reset google ads password,support,broad,0,0.743,0.199,0.145,1.8,0.818,0.52,Tablet,United States,150.0,4560.0,60.0,0.5,25.0,30.0,80.0,0.15
2026-06-01,Google Search - Brand,Google Search,1485,99,242.85,8,750.93,,,,9,0.7,0.02,0.28,2.44,0.77,0.49,Mobile,United States,150.0,4560.0,30.0,2.5,10.0,100.0,300.0,0.5
2026-06-01,Google Search - Brand,Google Search,142,10,9.69,0,0.0,forecastiq,forecastiq,exact,0,0.7,0.02,0.28,2.87,0.77,0.49,Tablet,United Kingdom,150.0,4560.0,30.0,2.5,10.0,100.0,300.0,0.5
2026-06-01,Google Search - Brand,Google Search,184,14,24.09,1,97.53,forecastiq pricing,forecastiq,phrase,1,0.7,0.02,0.28,3.76,0.77,0.49,Mobile,United States,150.0,4560.0,30.0,2.5,10.0,100.0,300.0,0.5
2026-06-01,Google Search - Brand,Google Search,148,11,13.29,1,95.57,forecastiq software reviews,forecastiq,broad,1,0.7,0.02,0.28,3.14,0.77,0.49,Tablet,United States,150.0,4560.0,30.0,2.5,10.0,100.0,300.0,0.5
2026-06-01,Google Search - Brand,Google Search,204,10,11.38,0,0.0,forecastiq login portal,forecastiq,phrase,0,0.7,0.02,0.28,3.41,0.77,0.49,Desktop,Canada,150.0,4560.0,30.0,2.5,10.0,100.0,300.0,0.5
2026-06-01,Google Search - NonBrand,Google Search,13298,218,528.54,5,291.04,,,,5,0.852,0.148,0.081,1.64,0.937,0.596,Mobile,Germany,300.0,9120.0,40.0,1.5,15.0,60.0,150.0,0.35
2026-06-01,Google Search - NonBrand,Google Search,1510,106,190.46,13,814.29,paid ads forecasting tool,forecasting tool,phrase,14,0.852,0.148,0.081,1.26,0.937,0.596,Mobile,Canada,300.0,9120.0,40.0,1.5,15.0,60.0,150.0,0.35
2026-06-01,Google Search - NonBrand,Google Search,1332,40,52.79,9,578.04,marketing forecasting software,forecasting tool,exact,10,0.852,0.148,0.081,3.39,0.937,0.596,Desktop,Germany,300.0,9120.0,40.0,1.5,15.0,60.0,150.0,0.35
2026-06-01,Google Search - NonBrand,Google Search,1291,90,138.91,23,1415.73,ppc budget optimization planner,budget optimization,broad,24,0.852,0.148,0.081,2.54,0.937,0.596,Desktop,United Kingdom,300.0,9120.0,40.0,1.5,15.0,60.0,150.0,0.35
2026-06-01,Google Search - NonBrand,Google Search,1214,55,18.79,0,0.0,ads forecasting template excel,forecasting tool,broad,0,0.852,0.148,0.081,3.73,0.937,0.596,Mobile,Canada,300.0,9120.0,40.0,1.5,15.0,60.0,150.0,0.35
2026-06-01,Google Search - Competitors,Google Search,2184,39,86.3,1,43.19,,,,1,0.845,0.112,0.172,1.41,0.93,0.592,Tablet,Canada,100.0,3040.0,50.0,0.8,20.0,40.0,100.0,0.2
2026-06-01,Google Search - Competitors,Google Search,256,14,37.02,0,0.0,semrush forecasting tool alternative,semrush,phrase,0,0.845,0.112,0.172,3.27,0.93,0.592,Mobile,Canada,100.0,3040.0,50.0,0.8,20.0,40.0,100.0,0.2
2026-06-01,Google Search - Competitors,Google Search,277,17,42.84,0,0.0,ahrefs traffic forecaster,ahrefs,broad,0,0.845,0.112,0.172,3.41,0.93,0.592,Desktop,United States,100.0,3040.0,50.0,0.8,20.0,40.0,100.0,0.2
2026-06-01,Google Search - Competitors,Google Search,323,23,23.33,0,0.0,spyfu competitor ads budget planner,competitor template,broad,0,0.845,0.112,0.172,3.67,0.93,0.592,Desktop,Germany,100.0,3040.0,50.0,0.8,20.0,40.0,100.0,0.2
2026-06-01,Meta Ads - Prospecting,Meta,2146,74,206.38,5,423.49,,,,6,0.697,0.177,0.053,2.17,0.767,0.488,Desktop,Canada,200.0,6080.0,35.0,1.8,12.0,80.0,200.0,0.4
2026-06-01,Meta Ads - Retargeting,Meta,810,30,35.85,1,125.07,,,,1,0.4,0.55,0.05,2.15,0.44,0.28,Desktop,Canada,50.0,1520.0,25.0,3.5,8.0,120.0,400.0,0.6
2026-06-01,YouTube - Brand Awareness,YouTube,3672,51,103.53,0,0.0,,,,0,0.621,0.22,0.143,3.27,0.683,0.434,Desktop,United States,150.0,4560.0,60.0,0.5,25.0,30.0,80.0,0.15
2026-06-01,YouTube - Brand Awareness,YouTube,393,13,23.01,0,0.0,free advertising tutorial youtube,marketing tutorial,broad,0,0.621,0.22,0.143,3.14,0.683,0.434,Tablet,Canada,150.0,4560.0,60.0,0.5,25.0,30.0,80.0,0.15
2026-06-01,YouTube - Brand Awareness,YouTube,487,24,14.98,0,0.0,cheap keyword planner software download,keyword planner,broad,0,0.621,0.22,0.143,2.6,0.683,0.434,Tablet,Germany,150.0,4560.0,60.0,0.5,25.0,30.0,80.0,0.15
2026-06-01,YouTube - Brand Awareness,YouTube,311,20,32.33,0,0.0,marketing jobs salary definition,jobs,broad,0,0.621,0.22,0.143,2.61,0.683,0.434,Desktop,Canada,150.0,4560.0,60.0,0.5,25.0,30.0,80.0,0.15
2026-06-01,YouTube - Brand Awareness,YouTube,548,28,12.81,0,0.0,how to reset google ads password,support,broad,0,0.621,0.22,0.143,1.38,0.683,0.434,Desktop,United States,150.0,4560.0,60.0,0.5,25.0,30.0,80.0,0.15
2026-06-02,Google Search - Brand,Google Search,2419,59,131.76,4,389.58,,,,4,0.7,0.02,0.28,1.81,0.77,0.49,Desktop,Canada,150.0,4560.0,30.0,2.5,10.0,100.0,300.0,0.5
2026-06-02,Google Search - Brand,Google Search,282,14,20.13,0,0.0,forecastiq,forecastiq,exact,0,0.7,0.02,0.28,3.32,0.77,0.49,Tablet,Canada,150.0,4560.0,30.0,2.5,10.0,100.0,300.0,0.5
2026-06-02,Google Search - Brand,Google Search,226,8,9.22,0,0.0,forecastiq pricing,forecastiq,phrase,0,0.7,0.02,0.28,1.66,0.77,0.49,Mobile,Canada,150.0,4560.0,30.0,2.5,10.0,100.0,300.0,0.5
2026-06-02,Google Search - Brand,Google Search,300,11,11.38,1,105.08,forecastiq software reviews,forecastiq,broad,1,0.7,0.02,0.28,3.28,0.77,0.49,Tablet,United Kingdom,150.0,4560.0,30.0,2.5,10.0,100.0,300.0,0.5
2026-06-02,Google Search - Brand,Google Search,273,7,6.52,0,0.0,forecastiq login portal,forecastiq,phrase,0,0.7,0.02,0.28,3.49,0.77,0.49,Mobile,Germany,150.0,4560.0,30.0,2.5,10.0,100.0,300.0,0.5
2026-06-02,Google Search - NonBrand,Google Search,3480,174,421.41,5,283.3,,,,5,0.572,0.097,0.182,2.06,0.63,0.401,Mobile,United Kingdom,300.0,9120.0,40.0,1.5,15.0,60.0,150.0,0.35
2026-06-02,Google Search - NonBrand,Google Search,283,15,24.16,2,111.6,paid ads forecasting tool,forecasting tool,phrase,2,0.572,0.097,0.182,3.13,0.63,0.401,Mobile,Germany,300.0,9120.0,40.0,1.5,15.0,60.0,150.0,0.35
2026-06-02,Google Search - NonBrand,Google Search,482,12,17.3,2,119.59,marketing forecasting software,forecasting tool,exact,2,0.572,0.097,0.182,3.47,0.63,0.401,Desktop,United Kingdom,300.0,9120.0,40.0,1.5,15.0,60.0,150.0,0.35
2026-06-02,Google Search - NonBrand,Google Search,427,24,46.32,5,325.9,ppc budget optimization planner,budget optimization,broad,5,0.572,0.097,0.182,3.49,0.63,0.401,Mobile,Germany,300.0,9120.0,40.0,1.5,15.0,60.0,150.0,0.35
2026-06-02,Google Search - NonBrand,Google Search,493,13,18.83,0,0.0,ads forecasting template excel,forecasting tool,broad,0,0.572,0.097,0.182,3.46,0.63,0.401,Desktop,Canada,300.0,9120.0,40.0,1.5,15.0,60.0,150.0,0.35
2026-06-02,Google Search - Competitors,Google Search,2808,39,99.11,2,80.53,,,,2,0.683,0.086,0.088,1.76,0.752,0.478,Tablet,United States,100.0,3040.0,50.0,0.8,20.0,40.0,100.0,0.2
2026-06-02,Google Search - Competitors,Google Search,264,20,35.31,0,0.0,semrush forecasting tool alternative,semrush,phrase,0,0.683,0.086,0.088,2.56,0.752,0.478,Tablet,Canada,100.0,3040.0,50.0,0.8,20.0,40.0,100.0,0.2
2026-06-02,Google Search - Competitors,Google Search,372,28,41.05,0,0.0,ahrefs traffic forecaster,ahrefs,broad,0,0.683,0.086,0.088,2.11,0.752,0.478,Tablet,United States,100.0,3040.0,50.0,0.8,20.0,40.0,100.0,0.2
2026-06-02,Google Search - Competitors,Google Search,344,21,25.49,0,0.0,spyfu competitor ads budget planner,competitor template,broad,0,0.683,0.086,0.088,2.33,0.752,0.478,Mobile,United Kingdom,100.0,3040.0,50.0,0.8,20.0,40.0,100.0,0.2
2026-06-02,Meta Ads - Prospecting,Meta,3444,123,247.63,7,536.76,,,,7,0.761,0.136,0.191,3.33,0.837,0.532,Mobile,United Kingdom,200.0,6080.0,35.0,1.8,12.0,80.0,200.0,0.4
2026-06-02,Meta Ads - Retargeting,Meta,1092,26,66.4,2,235.27,,,,2,0.4,0.55,0.05,2.51,0.44,0.28,Tablet,United States,50.0,1520.0,25.0,3.5,8.0,120.0,400.0,0.6
2026-06-02,YouTube - Brand Awareness,YouTube,1001,77,155.81,0,0.0,,,,0,0.853,0.067,0.166,1.63,0.938,0.597,Tablet,Germany,150.0,4560.0,60.0,0.5,25.0,30.0,80.0,0.15
2026-06-02,YouTube - Brand Awareness,YouTube,132,9,21.85,0,0.0,free advertising tutorial youtube,marketing tutorial,broad,0,0.853,0.067,0.166,2.02,0.938,0.597,Desktop,United Kingdom,150.0,4560.0,60.0,0.5,25.0,30.0,80.0,0.15
2026-06-02,YouTube - Brand Awareness,YouTube,97,5,15.35,0,0.0,cheap keyword planner software download,keyword planner,broad,0,0.853,0.067,0.166,1.6,0.938,0.597,Tablet,Germany,150.0,4560.0,60.0,0.5,25.0,30.0,80.0,0.15
2026-06-02,YouTube - Brand Awareness,YouTube,146,8,31.97,0,0.0,marketing jobs salary definition,jobs,broad,0,0.853,0.067,0.166,3.31,0.938,0.597,Desktop,Canada,150.0,4560.0,60.0,0.5,25.0,30.0,80.0,0.15
2026-06-02,YouTube - Brand Awareness,YouTube,147,7,11.94,0,0.0,how to reset google ads password,support,broad,0,0.853,0.067,0.166,3.41,0.938,0.597,Mobile,Canada,150.0,4560.0,60.0,0.5,25.0,30.0,80.0,0.15
2026-06-03,Google Search - Brand,Google Search,1656,92,169.66,5,548.32,,,,5,0.7,0.02,0.28,2.5,0.77,0.49,Desktop,Germany,150.0,4560.0,30.0,2.5,10.0,100.0,300.0,0.5
2026-06-03,Google Search - Brand,Google Search,222,6,5.68,0,0.0,forecastiq,forecastiq,exact,0,0.7,0.02,0.28,3.69,0.77,0.49,Desktop,Germany,150.0,4560.0,30.0,2.5,10.0,100.0,300.0,0.5
2026-06-03,Google Search - Brand,Google Search,157,7,10.23,0,0.0,forecastiq pricing,forecastiq,phrase,0,0.7,0.02,0.28,3.69,0.77,0.49,Tablet,Germany,150.0,4560.0,30.0,2.5,10.0,100.0,300.0,0.5
2026-06-03,Google Search - Brand,Google Search,215,6,6.86,1,96.27,forecastiq software reviews,forecastiq,broad,1,0.7,0.02,0.28,1.73,0.77,0.49,Desktop,Canada,150.0,4560.0,30.0,2.5,10.0,100.0,300.0,0.5
2026-06-03,Google Search - Brand,Google Search,233,14,17.75,0,0.0,forecastiq login portal,forecastiq,phrase,0,0.7,0.02,0.28,3.21,0.77,0.49,Tablet,United States,150.0,4560.0,30.0,2.5,10.0,100.0,300.0,0.5
2026-06-03,Google Search - NonBrand,Google Search,8808,367,596.86,8,437.55,,,,8,0.637,0.056,0.122,2.67,0.701,0.446,Tablet,Canada,300.0,9120.0,40.0,1.5,15.0,60.0,150.0,0.35
2026-06-03,Google Search - NonBrand,Google Search,1189,55,67.39,7,404.42,paid ads forecasting tool,forecasting tool,phrase,7,0.637,0.056,0.122,1.41,0.701,0.446,Mobile,Germany,300.0,9120.0,40.0,1.5,15.0,60.0,150.0,0.35
2026-06-03,Google Search - NonBrand,Google Search,1230,48,44.97,11,664.56,marketing forecasting software,forecasting tool,exact,13,0.637,0.056,0.122,1.35,0.701,0.446,Mobile,Canada,300.0,9120.0,40.0,1.5,15.0,60.0,150.0,0.35
2026-06-03,Google Search - NonBrand,Google Search,743,28,40.76,7,437.84,ppc budget optimization planner,budget optimization,broad,8,0.637,0.056,0.122,3.16,0.701,0.446,Tablet,Canada,300.0,9120.0,40.0,1.5,15.0,60.0,150.0,0.35
2026-06-03,Google Search - NonBrand,Google Search,1287,43,17.35,0,0.0,ads forecasting template excel,forecasting tool,broad,0,0.637,0.056,0.122,2.49,0.701,0.446,Tablet,Germany,300.0,9120.0,40.0,1.5,15.0,60.0,150.0,0.35
2026-06-03,Google Search - Competitors,Google Search,3654,58,133.72,2,74.07,,,,2,0.601,0.187,0.151,2.15,0.661,0.421,Desktop,Canada,100.0,3040.0,50.0,0.8,20.0,40.0,100.0,0.2
2026-06-03,Google Search - Competitors,Google Search,418,15,34.8,0,0.0,semrush forecasting tool alternative,semrush,phrase,0,0.601,0.187,0.151,1.5,0.661,0.421,Desktop,Germany,100.0,3040.0,50.0,0.8,20.0,40.0,100.0,0.2
2026-06-03,Google Search - Competitors,Google Search,461,29,44.65,0,0.0,ahrefs traffic forecaster,ahrefs,broad,0,0.601,0.187,0.151,1.2,0.661,0.421,Desktop,United States,100.0,3040.0,50.0,0.8,20.0,40.0,100.0,0.2
2026-06-03,Google Search - Competitors,Google Search,477,11,25.82,0,0.0,spyfu competitor ads budget planner,competitor template,broad,0,0.601,0.187,0.151,2.52,0.661,0.421,Tablet,United Kingdom,100.0,3040.0,50.0,0.8,20.0,40.0,100.0,0.2
2026-06-03,Meta Ads - Prospecting,Meta,9825,131,265.02,7,504.11,,,,8,0.855,0.106,0.127,2.6,0.94,0.598,Mobile,United States,200.0,6080.0,35.0,1.8,12.0,80.0,200.0,0.4
2026-06-03,Meta Ads - Retargeting,Meta,2440,40,71.34,2,239.33,,,,2,0.4,0.55,0.05,2.19,0.44,0.28,Mobile,Canada,50.0,1520.0,25.0,3.5,8.0,120.0,400.0,0.6
2026-06-03,YouTube - Brand Awareness,YouTube,1173,51,95.27,0,0.0,,,,0,0.864,0.108,0.111,1.29,0.95,0.605,Desktop,United States,150.0,4560.0,60.0,0.5,25.0,30.0,80.0,0.15
2026-06-03,YouTube - Brand Awareness,YouTube,123,4,19.88,0,0.0,free advertising tutorial youtube,marketing tutorial,broad,0,0.864,0.108,0.111,1.93,0.95,0.605,Desktop,Canada,150.0,4560.0,60.0,0.5,25.0,30.0,80.0,0.15
2026-06-03,YouTube - Brand Awareness,YouTube,165,11,16.03,0,0.0,cheap keyword planner software download,keyword planner,broad,0,0.864,0.108,0.111,2.76,0.95,0.605,Mobile,Canada,150.0,4560.0,60.0,0.5,25.0,30.0,80.0,0.15
2026-06-03,YouTube - Brand Awareness,YouTube,159,3,27.07,0,0.0,marketing jobs salary definition,jobs,broad,0,0.864,0.108,0.111,3.67,0.95,0.605,Desktop,United Kingdom,150.0,4560.0,60.0,0.5,25.0,30.0,80.0,0.15
2026-06-03,YouTube - Brand Awareness,YouTube,122,6,12.89,0,0.0,how to reset google ads password,support,broad,0,0.864,0.108,0.111,3.28,0.95,0.605,Mobile,Canada,150.0,4560.0,60.0,0.5,25.0,30.0,80.0,0.15
2026-06-04,Google Search - Brand,Google Search,7597,107,308.72,8,864.3,,,,10,0.7,0.02,0.28,1.4,0.77,0.49,Tablet,Canada,150.0,4560.0,30.0,2.5,10.0,100.0,300.0,0.5
2026-06-04,Google Search - Brand,Google Search,730,42,69.28,2,193.63,forecastiq,forecastiq,exact,2,0.7,0.02,0.28,3.52,0.77,0.49,Tablet,United States,150.0,4560.0,30.0,2.5,10.0,100.0,300.0,0.5
2026-06-04,Google Search - Brand,Google Search,923,49,48.24,4,369.38,forecastiq pricing,forecastiq,phrase,4,0.7,0.02,0.28,1.33,0.77,0.49,Desktop,Canada,150.0,4560.0,30.0,2.5,10.0,100.0,300.0,0.5
2026-06-04,Google Search - Brand,Google Search,1067,75,134.81,9,865.93,forecastiq software reviews,forecastiq,broad,9,0.7,0.02,0.28,2.32,0.77,0.49,Mobile,Canada,150.0,4560.0,30.0,2.5,10.0,100.0,300.0,0.5
2026-06-04,Google Search - Brand,Google Search,612,47,73.48,0,0.0,forecastiq login portal,forecastiq,phrase,0,0.7,0.02,0.28,1.6,0.77,0.49,Tablet,Canada,150.0,4560.0,30.0,2.5,10.0,100.0,300.0,0.5
2026-06-04,Google Search - NonBrand,Google Search,17625,235,679.59,8,435.29,,,,9,0.884,0.061,0.186,2.76,0.973,0.619,Tablet,Canada,300.0,9120.0,40.0,1.5,15.0,60.0,150.0,0.35
2026-06-04,Google Search - NonBrand,Google Search,1744,109,198.62,15,836.78,paid ads forecasting tool,forecasting tool,phrase,16,0.884,0.061,0.186,2.25,0.973,0.619,Mobile,United States,300.0,9120.0,40.0,1.5,15.0,60.0,150.0,0.35
2026-06-04,Google Search - NonBrand,Google Search,2070,116,197.24,21,1256.04,marketing forecasting software,forecasting tool,exact,23,0.884,0.061,0.186,2.94,0.973,0.619,Tablet,Canada,300.0,9120.0,40.0,1.5,15.0,60.0,150.0,0.35
2026-06-04,Google Search - NonBrand,Google Search,2222,80,106.63,16,1013.03,ppc budget optimization planner,budget optimization,broad,18,0.884,0.061,0.186,3.63,0.973,0.619,Desktop,Canada,300.0,9120.0,40.0,1.5,15.0,60.0,150.0,0.35
2026-06-04,Google Search - NonBrand,Google Search,1964,152,16.74,0,0.0,ads forecasting template excel,forecasting tool,broad,0,0.884,0.061,0.186,1.86,0.973,0.619,Tablet,United Kingdom,300.0,9120.0,40.0,1.5,15.0,60.0,150.0,0.35
2026-06-04,Google Search - Competitors,Google Search,4898,62,118.37,2,77.33,,,,2,0.87,0.176,0.116,2.39,0.958,0.609,Mobile,Germany,100.0,3040.0,50.0,0.8,20.0,40.0,100.0,0.2
2026-06-04,Google Search - Competitors,Google Search,473,35,36.39,0,0.0,semrush forecasting tool alternative,semrush,phrase,0,0.87,0.176,0.116,3.41,0.958,0.609,Desktop,United Kingdom,100.0,3040.0,50.0,0.8,20.0,40.0,100.0,0.2
2026-06-04,Google Search - Competitors,Google Search,496,17,43.07,0,0.0,ahrefs traffic forecaster,ahrefs,broad,0,0.87,0.176,0.116,2.74,0.958,0.609,Tablet,United Kingdom,100.0,3040.0,50.0,0.8,20.0,40.0,100.0,0.2
2026-06-04,Google Search - Competitors,Google Search,645,40,27.23,0,0.0,spyfu competitor ads budget planner,competitor template,broad,0,0.87,0.176,0.116,3.58,0.958,0.609,Tablet,United Kingdom,100.0,3040.0,50.0,0.8,20.0,40.0,100.0,0.2
2026-06-04,Meta Ads - Prospecting,Meta,4445,127,379.85,9,684.23,,,,10,0.653,0.143,0.199,1.81,0.718,0.457,Mobile,Canada,200.0,6080.0,35.0,1.8,12.0,80.0,200.0,0.4
2026-06-04,Meta Ads - Retargeting,Meta,510,17,19.69,0,0.0,,,,0,0.4,0.55,0.05,2.88,0.44,0.28,Mobile,Canada,50.0,1520.0,25.0,3.5,8.0,120.0,400.0,0.6
2026-06-04,YouTube - Brand Awareness,YouTube,6360,120,318.68,0,0.0,,,,0,0.584,0.223,0.061,3.27,0.642,0.408,Mobile,Canada,150.0,4560.0,60.0,0.5,25.0,30.0,80.0,0.15
2026-06-04,YouTube - Brand Awareness,YouTube,869,66,20.02,0,0.0,free advertising tutorial youtube,marketing tutorial,broad,0,0.584,0.223,0.061,1.92,0.642,0.408,Mobile,United Kingdom,150.0,4560.0,60.0,0.5,25.0,30.0,80.0,0.15
2026-06-04,YouTube - Brand Awareness,YouTube,615,15,14.42,0,0.0,cheap keyword planner software download,keyword planner,broad,0,0.584,0.223,0.061,1.98,0.642,0.408,Mobile,United States,150.0,4560.0,60.0,0.5,25.0,30.0,80.0,0.15
2026-06-04,YouTube - Brand Awareness,YouTube,764,40,31.81,0,0.0,marketing jobs salary definition,jobs,broad,0,0.584,0.223,0.061,3.37,0.642,0.408,Mobile,Germany,150.0,4560.0,60.0,0.5,25.0,30.0,80.0,0.15
2026-06-04,YouTube - Brand Awareness,YouTube,805,20,12.87,0,0.0,how to reset google ads password,support,broad,0,0.584,0.223,0.061,3.62,0.642,0.408,Tablet,Germany,150.0,4560.0,60.0,0.5,25.0,30.0,80.0,0.15
2026-06-05,Google Search - Brand,Google Search,1215,45,122.31,4,361.94,,,,4,0.7,0.02,0.28,1.92,0.77,0.49,Desktop,Germany,150.0,4560.0,30.0,2.5,10.0,100.0,300.0,0.5
2026-06-05,Google Search - Brand,Google Search,152,6,10.57,0,0.0,forecastiq,forecastiq,exact,0,0.7,0.02,0.28,1.47,0.77,0.49,Mobile,United Kingdom,150.0,4560.0,30.0,2.5,10.0,100.0,300.0,0.5
2026-06-05,Google Search - Brand,Google Search,134,10,15.32,0,0.0,forecastiq pricing,forecastiq,phrase,0,0.7,0.02,0.28,2.37,0.77,0.49,Tablet,United States,150.0,4560.0,30.0,2.5,10.0,100.0,300.0,0.5
2026-06-05,Google Search - Brand,Google Search,126,9,10.07,1,92.68,forecastiq software reviews,forecastiq,broad,1,0.7,0.02,0.28,3.01,0.77,0.49,Tablet,Germany,150.0,4560.0,30.0,2.5,10.0,100.0,300.0,0.5
2026-06-05,Google Search - Brand,Google Search,159,7,12.27,0,0.0,forecastiq login portal,forecastiq,phrase,0,0.7,0.02,0.28,2.44,0.77,0.49,Desktop,Canada,150.0,4560.0,30.0,2.5,10.0,100.0,300.0,0.5
2026-06-05,Google Search - NonBrand,Google Search,24768,516,623.01,7,441.39,,,,7,0.838,0.174,0.068,2.25,0.922,0.587,Tablet,Canada,300.0,9120.0,40.0,1.5,15.0,60.0,150.0,0.35
2026-06-05,Google Search - NonBrand,Google Search,2586,156,162.44,26,1637.27,paid ads forecasting tool,forecasting tool,phrase,27,0.838,0.174,0.068,2.42,0.922,0.587,Desktop,Germany,300.0,9120.0,40.0,1.5,15.0,60.0,150.0,0.35
2026-06-05,Google Search - NonBrand,Google Search,3242,156,147.29,28,1653.4,marketing forecasting software,forecasting tool,exact,31,0.838,0.174,0.068,1.66,0.922,0.587,Desktop,Germany,300.0,9120.0,40.0,1.5,15.0,60.0,150.0,0.35
2026-06-05,Google Search - NonBrand,Google Search,2048,42,44.76,11,607.09,ppc budget optimization planner,budget optimization,broad,12,0.838,0.174,0.068,1.96,0.922,0.587,Tablet,Germany,300.0,9120.0,40.0,1.5,15.0,60.0,150.0,0.35
2026-06-05,Google Search - NonBrand,Google Search,3706,241,16.73,0,0.0,ads forecasting template excel,forecasting tool,broad,0,0.838,0.174,0.068,2.68,0.922,0.587,Tablet,United States,300.0,9120.0,40.0,1.5,15.0,60.0,150.0,0.35
2026-06-05,Google Search - Competitors,Google Search,912,48,85.27,1,39.24,,,,1,0.696,0.233,0.131,3.25,0.766,0.487,Tablet,Germany,100.0,3040.0,50.0,0.8,20.0,40.0,100.0,0.2
2026-06-05,Google Search - Competitors,Google Search,101,2,34.0,0,0.0,semrush forecasting tool alternative,semrush,phrase,0,0.696,0.233,0.131,1.82,0.766,0.487,Desktop,Germany,100.0,3040.0,50.0,0.8,20.0,40.0,100.0,0.2
2026-06-05,Google Search - Competitors,Google Search,136,9,46.28,0,0.0,ahrefs traffic forecaster,ahrefs,broad,0,0.696,0.233,0.131,3.46,0.766,0.487,Desktop,United States,100.0,3040.0,50.0,0.8,20.0,40.0,100.0,0.2
2026-06-05,Google Search - Competitors,Google Search,80,5,25.11,0,0.0,spyfu competitor ads budget planner,competitor template,broad,0,0.696,0.233,0.131,2.78,0.766,0.487,Tablet,United Kingdom,100.0,3040.0,50.0,0.8,20.0,40.0,100.0,0.2
2026-06-05,Meta Ads - Prospecting,Meta,5800,116,263.92,6,508.99,,,,7,0.878,0.091,0.113,2.65,0.966,0.615,Desktop,Germany,200.0,6080.0,35.0,1.8,12.0,80.0,200.0,0.4
2026-06-05,Meta Ads - Retargeting,Meta,493,29,77.68,2,251.25,,,,2,0.4,0.55,0.05,1.85,0.44,0.28,Mobile,United States,50.0,1520.0,25.0,3.5,8.0,120.0,400.0,0.6
2026-06-05,YouTube - Brand Awareness,YouTube,3330,111,301.55,0,0.0,,,,0,0.783,0.112,0.185,1.4,0.861,0.548,Mobile,United States,150.0,4560.0,60.0,0.5,25.0,30.0,80.0,0.15
2026-06-05,YouTube - Brand Awareness,YouTube,413,16,22.8,0,0.0,free advertising tutorial youtube,marketing tutorial,broad,0,0.783,0.112,0.185,3.03,0.861,0.548,Desktop,Canada,150.0,4560.0,60.0,0.5,25.0,30.0,80.0,0.15
2026-06-05,YouTube - Brand Awareness,YouTube,495,31,16.23,0,0.0,cheap keyword planner software download,keyword planner,broad,0,0.783,0.112,0.185,3.26,0.861,0.548,Tablet,United States,150.0,4560.0,60.0,0.5,25.0,30.0,80.0,0.15
2026-06-05,YouTube - Brand Awareness,YouTube,372,20,32.69,0,0.0,marketing jobs salary definition,jobs,broad,0,0.783,0.112,0.185,2.8,0.861,0.548,Mobile,United Kingdom,150.0,4560.0,60.0,0.5,25.0,30.0,80.0,0.15
2026-06-05,YouTube - Brand Awareness,YouTube,424,24,11.59,0,0.0,how to reset google ads password,support,broad,0,0.783,0.112,0.185,1.61,0.861,0.548,Desktop,Canada,150.0,4560.0,60.0,0.5,25.0,30.0,80.0,0.15
2026-06-06,Google Search - Brand,Google Search,2294,31,70.47,2,214.1,,,,2,0.7,0.02,0.28,2.5,0.77,0.49,Tablet,United States,150.0,4560.0,30.0,2.5,10.0,100.0,300.0,0.5
2026-06-06,Google Search - Brand,Google Search,336,15,19.43,0,0.0,forecastiq,forecastiq,exact,0,0.7,0.02,0.28,2.41,0.77,0.49,Tablet,Canada,150.0,4560.0,30.0,2.5,10.0,100.0,300.0,0.5
2026-06-06,Google Search - Brand,Google Search,236,13,21.53,1,101.45,forecastiq pricing,forecastiq,phrase,1,0.7,0.02,0.28,2.75,0.77,0.49,Desktop,Germany,150.0,4560.0,30.0,2.5,10.0,100.0,300.0,0.5
2026-06-06,Google Search - Brand,Google Search,294,14,15.42,2,215.3,forecastiq software reviews,forecastiq,broad,2,0.7,0.02,0.28,3.25,0.77,0.49,Mobile,Germany,150.0,4560.0,30.0,2.5,10.0,100.0,300.0,0.5
2026-06-06,Google Search - Brand,Google Search,286,9,12.8,0,0.0,forecastiq login portal,forecastiq,phrase,0,0.7,0.02,0.28,1.84,0.77,0.49,Tablet,United States,150.0,4560.0,30.0,2.5,10.0,100.0,300.0,0.5
2026-06-06,Google Search - NonBrand,Google Search,6048,168,179.13,2,128.98,,,,2,0.616,0.225,0.091,1.21,0.677,0.431,Tablet,United Kingdom,300.0,9120.0,40.0,1.5,15.0,60.0,150.0,0.35
2026-06-06,Google Search - NonBrand,Google Search,615,40,66.9,6,363.19,paid ads forecasting tool,forecasting tool,phrase,6,0.616,0.225,0.091,3.34,0.677,0.431,Tablet,Canada,300.0,9120.0,40.0,1.5,15.0,60.0,150.0,0.35
2026-06-06,Google Search - NonBrand,Google Search,818,39,72.84,8,459.14,marketing forecasting software,forecasting tool,exact,9,0.616,0.225,0.091,1.53,0.677,0.431,Tablet,United States,300.0,9120.0,40.0,1.5,15.0,60.0,150.0,0.35
2026-06-06,Google Search - NonBrand,Google Search,711,23,30.45,6,327.32,ppc budget optimization planner,budget optimization,broad,6,0.616,0.225,0.091,1.86,0.677,0.431,Desktop,Canada,300.0,9120.0,40.0,1.5,15.0,60.0,150.0,0.35
2026-06-06,Google Search - NonBrand,Google Search,739,30,17.43,0,0.0,ads forecasting template excel,forecasting tool,broad,0,0.616,0.225,0.091,2.79,0.677,0.431,Mobile,United Kingdom,300.0,9120.0,40.0,1.5,15.0,60.0,150.0,0.35
2026-06-06,Google Search - Competitors,Google Search,1736,28,67.11,1,43.22,,,,1,0.635,0.15,0.126,1.56,0.698,0.444,Mobile,United Kingdom,100.0,3040.0,50.0,0.8,20.0,40.0,100.0,0.2
2026-06-06,Google Search - Competitors,Google Search,140,5,37.11,0,0.0,semrush forecasting tool alternative,semrush,phrase,0,0.635,0.15,0.126,2.53,0.698,0.444,Mobile,United States,100.0,3040.0,50.0,0.8,20.0,40.0,100.0,0.2
2026-06-06,Google Search - Competitors,Google Search,181,7,47.67,0,0.0,ahrefs traffic forecaster,ahrefs,broad,0,0.635,0.15,0.126,1.89,0.698,0.444,Tablet,Germany,100.0,3040.0,50.0,0.8,20.0,40.0,100.0,0.2
2026-06-06,Google Search - Competitors,Google Search,256,7,26.16,0,0.0,spyfu competitor ads budget planner,competitor template,broad,0,0.635,0.15,0.126,3.44,0.698,0.444,Desktop,Germany,100.0,3040.0,50.0,0.8,20.0,40.0,100.0,0.2
2026-06-06,Meta Ads - Prospecting,Meta,2898,46,58.97,1,77.8,,,,1,0.55,0.105,0.142,2.83,0.606,0.385,Tablet,Canada,200.0,6080.0,35.0,1.8,12.0,80.0,200.0,0.4
2026-06-06,Meta Ads - Retargeting,Meta,650,13,35.46,1,109.9,,,,1,0.4,0.55,0.05,1.3,0.44,0.28,Desktop,Germany,50.0,1520.0,25.0,3.5,8.0,120.0,400.0,0.6
2026-06-06,YouTube - Brand Awareness,YouTube,1568,98,139.63,0,0.0,,,,0,0.551,0.249,0.163,2.54,0.606,0.386,Desktop,Germany,150.0,4560.0,60.0,0.5,25.0,30.0,80.0,0.15
2026-06-06,YouTube - Brand Awareness,YouTube,163,12,23.1,0,0.0,free advertising tutorial youtube,marketing tutorial,broad,0,0.551,0.249,0.163,3.76,0.606,0.386,Desktop,United Kingdom,150.0,4560.0,60.0,0.5,25.0,30.0,80.0,0.15
2026-06-06,YouTube - Brand Awareness,YouTube,144,9,17.41,0,0.0,cheap keyword planner software download,keyword planner,broad,0,0.551,0.249,0.163,1.47,0.606,0.386,Desktop,Germany,150.0,4560.0,60.0,0.5,25.0,30.0,80.0,0.15
2026-06-06,YouTube - Brand Awareness,YouTube,198,4,27.06,0,0.0,marketing jobs salary definition,jobs,broad,0,0.551,0.249,0.163,2.64,0.606,0.386,Mobile,Canada,150.0,4560.0,60.0,0.5,25.0,30.0,80.0,0.15
2026-06-06,YouTube - Brand Awareness,YouTube,148,7,11.07,0,0.0,how to reset google ads password,support,broad,0,0.551,0.249,0.163,2.94,0.606,0.386,Desktop,United Kingdom,150.0,4560.0,60.0,0.5,25.0,30.0,80.0,0.15
2026-06-07,Google Search - Brand,Google Search,3000,75,103.46,3,306.61,,,,3,0.7,0.02,0.28,1.53,0.77,0.49,Mobile,Canada,150.0,4560.0,30.0,2.5,10.0,100.0,300.0,0.5
2026-06-07,Google Search - Brand,Google Search,303,21,29.41,1,94.82,forecastiq,forecastiq,exact,1,0.7,0.02,0.28,3.34,0.77,0.49,Tablet,United States,150.0,4560.0,30.0,2.5,10.0,100.0,300.0,0.5
2026-06-07,Google Search - Brand,Google Search,327,9,10.59,0,0.0,forecastiq pricing,forecastiq,phrase,0,0.7,0.02,0.28,3.35,0.77,0.49,Mobile,United Kingdom,150.0,4560.0,30.0,2.5,10.0,100.0,300.0,0.5
2026-06-07,Google Search - Brand,Google Search,359,23,35.65,3,279.99,forecastiq software reviews,forecastiq,broad,3,0.7,0.02,0.28,2.81,0.77,0.49,Tablet,United Kingdom,150.0,4560.0,30.0,2.5,10.0,100.0,300.0,0.5
2026-06-07,Google Search - Brand,Google Search,313,18,32.82,0,0.0,forecastiq login portal,forecastiq,phrase,0,0.7,0.02,0.28,3.51,0.77,0.49,Desktop,United States,150.0,4560.0,30.0,2.5,10.0,100.0,300.0,0.5
2026-06-07,Google Search - NonBrand,Google Search,1529,139,355.32,3,175.9,,,,3,0.63,0.19,0.051,3.02,0.693,0.441,Desktop,United States,300.0,9120.0,40.0,1.5,15.0,60.0,150.0,0.35
2026-06-07,Google Search - NonBrand,Google Search,122,9,12.96,1,65.83,paid ads forecasting tool,forecasting tool,phrase,1,0.63,0.19,0.051,1.33,0.693,0.441,Mobile,Canada,300.0,9120.0,40.0,1.5,15.0,60.0,150.0,0.35
2026-06-07,Google Search - NonBrand,Google Search,144,10,15.34,2,123.01,marketing forecasting software,forecasting tool,exact,2,0.63,0.19,0.051,2.69,0.693,0.441,Desktop,Canada,300.0,9120.0,40.0,1.5,15.0,60.0,150.0,0.35
2026-06-07,Google Search - NonBrand,Google Search,225,12,23.76,2,130.8,ppc budget optimization planner,budget optimization,broad,2,0.63,0.19,0.051,1.9,0.693,0.441,Mobile,Germany,300.0,9120.0,40.0,1.5,15.0,60.0,150.0,0.35
2026-06-07,Google Search - NonBrand,Google Search,181,13,17.04,0,0.0,ads forecasting template excel,forecasting tool,broad,0,0.63,0.19,0.051,2.73,0.693,0.441,Tablet,United Kingdom,300.0,9120.0,40.0,1.5,15.0,60.0,150.0,0.35
2026-06-07,Google Search - Competitors,Google Search,378,21,49.84,1,37.57,,,,1,0.801,0.247,0.182,1.27,0.881,0.561,Desktop,Canada,100.0,3040.0,50.0,0.8,20.0,40.0,100.0,0.2
2026-06-07,Google Search - Competitors,Google Search,40,1,33.34,0,0.0,semrush forecasting tool alternative,semrush,phrase,0,0.801,0.247,0.182,2.61,0.881,0.561,Desktop,United States,100.0,3040.0,50.0,0.8,20.0,40.0,100.0,0.2
2026-06-07,Google Search - Competitors,Google Search,56,1,47.81,0,0.0,ahrefs traffic forecaster,ahrefs,broad,0,0.801,0.247,0.182,2.68,0.881,0.561,Desktop,Canada,100.0,3040.0,50.0,0.8,20.0,40.0,100.0,0.2
2026-06-07,Google Search - Competitors,Google Search,35,1,24.96,0,0.0,spyfu competitor ads budget planner,competitor template,broad,0,0.801,0.247,0.182,2.37,0.881,0.561,Tablet,United Kingdom,100.0,3040.0,50.0,0.8,20.0,40.0,100.0,0.2
2026-06-07,Meta Ads - Prospecting,Meta,2349,81,127.81,3,253.6,,,,3,0.561,0.212,0.131,1.75,0.618,0.393,Mobile,United Kingdom,200.0,6080.0,35.0,1.8,12.0,80.0,200.0,0.4
2026-06-07,Meta Ads - Retargeting,Meta,1480,20,28.07,0,0.0,,,,0,0.4,0.55,0.05,1.19,0.44,0.28,Tablet,Canada,50.0,1520.0,25.0,3.5,8.0,120.0,400.0,0.6
2026-06-07,YouTube - Brand Awareness,YouTube,5032,68,134.49,0,0.0,,,,0,0.85,0.106,0.197,1.83,0.935,0.595,Tablet,United States,150.0,4560.0,60.0,0.5,25.0,30.0,80.0,0.15
2026-06-07,YouTube - Brand Awareness,YouTube,526,14,20.0,0,0.0,free advertising tutorial youtube,marketing tutorial,broad,0,0.85,0.106,0.197,1.73,0.935,0.595,Tablet,Germany,150.0,4560.0,60.0,0.5,25.0,30.0,80.0,0.15
2026-06-07,YouTube - Brand Awareness,YouTube,574,39,14.83,0,0.0,cheap keyword planner software download,keyword planner,broad,0,0.85,0.106,0.197,1.45,0.935,0.595,Desktop,Germany,150.0,4560.0,60.0,0.5,25.0,30.0,80.0,0.15
2026-06-07,YouTube - Brand Awareness,YouTube,466,29,31.69,0,0.0,marketing jobs salary definition,jobs,broad,0,0.85,0.106,0.197,2.79,0.935,0.595,Mobile,Canada,150.0,4560.0,60.0,0.5,25.0,30.0,80.0,0.15
2026-06-07,YouTube - Brand Awareness,YouTube,677,33,11.69,0,0.0,how to reset google ads password,support,broad,0,0.85,0.106,0.197,3.19,0.935,0.595,Mobile,United States,150.0,4560.0,60.0,0.5,25.0,30.0,80.0,0.15
2026-06-08,Google Search - Brand,Google Search,6365,95,254.17,7,756.16,,,,8,0.7,0.02,0.28,1.82,0.77,0.49,Mobile,Germany,150.0,4560.0,30.0,2.5,10.0,100.0,300.0,0.5
2026-06-08,Google Search - Brand,Google Search,553,29,41.36,1,92.29,forecastiq,forecastiq,exact,1,0.7,0.02,0.28,3.55,0.77,0.49,Tablet,Canada,150.0,4560.0,30.0,2.5,10.0,100.0,300.0,0.5
2026-06-08,Google Search - Brand,Google Search,767,25,33.14,1,102.53,forecastiq pricing,forecastiq,phrase,1,0.7,0.02,0.28,3.07,0.77,0.49,Desktop,Canada,150.0,4560.0,30.0,2.5,10.0,100.0,300.0,0.5
2026-06-08,Google Search - Brand,Google Search,636,17,33.18,2,185.05,forecastiq software reviews,forecastiq,broad,2,0.7,0.02,0.28,3.72,0.77,0.49,Mobile,Canada,150.0,4560.0,30.0,2.5,10.0,100.0,300.0,0.5
2026-06-08,Google Search - Brand,Google Search,711,33,49.22,0,0.0,forecastiq login portal,forecastiq,phrase,0,0.7,0.02,0.28,1.29,0.77,0.49,Tablet,United Kingdom,150.0,4560.0,30.0,2.5,10.0,100.0,300.0,0.5
2026-06-08,Google Search - NonBrand,Google Search,29920,440,1090.17,12,675.63,,,,13,0.822,0.104,0.152,2.97,0.904,0.576,Tablet,Canada,300.0,9120.0,40.0,1.5,15.0,60.0,150.0,0.35
2026-06-08,Google Search - NonBrand,Google Search,3592,261,234.69,42,2751.09,paid ads forecasting tool,forecasting tool,phrase,49,0.822,0.104,0.152,1.51,0.904,0.576,Mobile,United States,300.0,9120.0,40.0,1.5,15.0,60.0,150.0,0.35
2026-06-08,Google Search - NonBrand,Google Search,3812,298,526.73,55,3239.21,marketing forecasting software,forecasting tool,exact,59,0.822,0.104,0.152,1.8,0.904,0.576,Tablet,United States,300.0,9120.0,40.0,1.5,15.0,60.0,150.0,0.35
2026-06-08,Google Search - NonBrand,Google Search,2457,97,113.25,20,1130.26,ppc budget optimization planner,budget optimization,broad,21,0.822,0.104,0.152,3.19,0.904,0.576,Tablet,United States,300.0,9120.0,40.0,1.5,15.0,60.0,150.0,0.35
2026-06-08,Google Search - NonBrand,Google Search,2898,205,19.27,0,0.0,ads forecasting template excel,forecasting tool,broad,0,0.822,0.104,0.152,3.35,0.904,0.576,Mobile,United States,300.0,9120.0,40.0,1.5,15.0,60.0,150.0,0.35
2026-06-08,Google Search - Competitors,Google Search,2988,83,98.59,2,81.51,,,,2,0.69,0.206,0.088,3.18,0.759,0.483,Desktop,Germany,100.0,3040.0,50.0,0.8,20.0,40.0,100.0,0.2
2026-06-08,Google Search - Competitors,Google Search,329,24,32.62,0,0.0,semrush forecasting tool alternative,semrush,phrase,0,0.69,0.206,0.088,2.98,0.759,0.483,Tablet,United Kingdom,100.0,3040.0,50.0,0.8,20.0,40.0,100.0,0.2
2026-06-08,Google Search - Competitors,Google Search,259,16,46.41,0,0.0,ahrefs traffic forecaster,ahrefs,broad,0,0.69,0.206,0.088,2.58,0.759,0.483,Tablet,United Kingdom,100.0,3040.0,50.0,0.8,20.0,40.0,100.0,0.2
2026-06-08,Google Search - Competitors,Google Search,397,9,27.17,0,0.0,spyfu competitor ads budget planner,competitor template,broad,0,0.69,0.206,0.088,3.21,0.759,0.483,Mobile,Canada,100.0,3040.0,50.0,0.8,20.0,40.0,100.0,0.2
2026-06-08,Meta Ads - Prospecting,Meta,14413,203,527.68,14,1059.81,,,,17,0.764,0.087,0.101,2.09,0.84,0.535,Tablet,Canada,200.0,6080.0,35.0,1.8,12.0,80.0,200.0,0.4
2026-06-08,Meta Ads - Retargeting,Meta,646,19,35.56,1,131.78,,,,1,0.4,0.55,0.05,2.77,0.44,0.28,Mobile,United States,50.0,1520.0,25.0,3.5,8.0,120.0,400.0,0.6
2026-06-08,YouTube - Brand Awareness,YouTube,5330,130,188.68,0,0.0,,,,0,0.649,0.225,0.068,2.89,0.713,0.454,Mobile,United Kingdom,150.0,4560.0,60.0,0.5,25.0,30.0,80.0,0.15
2026-06-08,YouTube - Brand Awareness,YouTube,467,23,23.26,0,0.0,free advertising tutorial youtube,marketing tutorial,broad,0,0.649,0.225,0.068,3.75,0.713,0.454,Mobile,Canada,150.0,4560.0,60.0,0.5,25.0,30.0,80.0,0.15
2026-06-08,YouTube - Brand Awareness,YouTube,648,31,15.29,0,0.0,cheap keyword planner software download,keyword planner,broad,0,0.649,0.225,0.068,2.98,0.713,0.454,Desktop,United Kingdom,150.0,4560.0,60.0,0.5,25.0,30.0,80.0,0.15
2026-06-08,YouTube - Brand Awareness,YouTube,655,39,31.67,0,0.0,marketing jobs salary definition,jobs,broad,0,0.649,0.225,0.068,3.14,0.713,0.454,Tablet,United States,150.0,4560.0,60.0,0.5,25.0,30.0,80.0,0.15
2026-06-08,YouTube - Brand Awareness,YouTube,624,38,10.88,0,0.0,how to reset google ads password,support,broad,0,0.649,0.225,0.068,3.68,0.713,0.454,Mobile,Germany,150.0,4560.0,60.0,0.5,25.0,30.0,80.0,0.15
2026-06-09,Google Search - Brand,Google Search,7505,95,216.23,7,718.87,,,,7,0.7,0.02,0.28,2.47,0.77,0.49,Mobile,United States,150.0,4560.0,30.0,2.5,10.0,100.0,300.0,0.5
2026-06-09,Google Search - Brand,Google Search,664,22,20.78,1,103.63,forecastiq,forecastiq,exact,1,0.7,0.02,0.28,2.53,0.77,0.49,Tablet,United Kingdom,150.0,4560.0,30.0,2.5,10.0,100.0,300.0,0.5
2026-06-09,Google Search - Brand,Google Search,642,27,44.13,2,208.07,forecastiq pricing,forecastiq,phrase,2,0.7,0.02,0.28,1.21,0.77,0.49,Tablet,Canada,150.0,4560.0,30.0,2.5,10.0,100.0,300.0,0.5
2026-06-09,Google Search - Brand,Google Search,841,25,38.46,3,314.43,forecastiq software reviews,forecastiq,broad,3,0.7,0.02,0.28,2.88,0.77,0.49,Tablet,Germany,150.0,4560.0,30.0,2.5,10.0,100.0,300.0,0.5
2026-06-09,Google Search - Brand,Google Search,776,15,24.79,0,0.0,forecastiq login portal,forecastiq,phrase,0,0.7,0.02,0.28,1.91,0.77,0.49,Tablet,Canada,150.0,4560.0,30.0,2.5,10.0,100.0,300.0,0.5
2026-06-09,Google Search - NonBrand,Google Search,14328,199,392.03,4,249.56,,,,4,0.592,0.231,0.056,1.7,0.651,0.415,Tablet,United Kingdom,300.0,9120.0,40.0,1.5,15.0,60.0,150.0,0.35
2026-06-09,Google Search - NonBrand,Google Search,1498,61,72.02,10,549.76,paid ads forecasting tool,forecasting tool,phrase,10,0.592,0.231,0.056,1.94,0.651,0.415,Desktop,United Kingdom,300.0,9120.0,40.0,1.5,15.0,60.0,150.0,0.35
2026-06-09,Google Search - NonBrand,Google Search,1160,36,45.93,8,481.71,marketing forecasting software,forecasting tool,exact,8,0.592,0.231,0.056,3.66,0.651,0.415,Tablet,United States,300.0,9120.0,40.0,1.5,15.0,60.0,150.0,0.35
2026-06-09,Google Search - NonBrand,Google Search,1670,130,172.29,27,1517.31,ppc budget optimization planner,budget optimization,broad,27,0.592,0.231,0.056,2.64,0.651,0.415,Desktop,Germany,300.0,9120.0,40.0,1.5,15.0,60.0,150.0,0.35
2026-06-09,Google Search - NonBrand,Google Search,1520,76,19.09,0,0.0,ads forecasting template excel,forecasting tool,broad,0,0.592,0.231,0.056,1.71,0.651,0.415,Tablet,United Kingdom,300.0,9120.0,40.0,1.5,15.0,60.0,150.0,0.35
2026-06-09,Google Search - Competitors,Google Search,2769,39,99.02,1,39.65,,,,1,0.635,0.229,0.158,2.29,0.699,0.445,Mobile,United Kingdom,100.0,3040.0,50.0,0.8,20.0,40.0,100.0,0.2
2026-06-09,Google Search - Competitors,Google Search,238,17,37.85,0,0.0,semrush forecasting tool alternative,semrush,phrase,0,0.635,0.229,0.158,2.29,0.699,0.445,Mobile,Germany,100.0,3040.0,50.0,0.8,20.0,40.0,100.0,0.2
2026-06-09,Google Search - Competitors,Google Search,341,8,41.23,0,0.0,ahrefs traffic forecaster,ahrefs,broad,0,0.635,0.229,0.158,1.87,0.699,0.445,Desktop,United States,100.0,3040.0,50.0,0.8,20.0,40.0,100.0,0.2
2026-06-09,Google Search - Competitors,Google Search,401,12,26.7,0,0.0,spyfu competitor ads budget planner,competitor template,broad,0,0.635,0.229,0.158,3.25,0.699,0.445,Desktop,United Kingdom,100.0,3040.0,50.0,0.8,20.0,40.0,100.0,0.2
2026-06-09,Meta Ads - Prospecting,Meta,5192,88,102.43,3,246.84,,,,3,0.816,0.17,0.055,1.88,0.898,0.571,Desktop,Germany,200.0,6080.0,35.0,1.8,12.0,80.0,200.0,0.4
2026-06-09,Meta Ads - Retargeting,Meta,2024,46,71.98,3,386.26,,,,3,0.4,0.55,0.05,2.96,0.44,0.28,Desktop,Canada,50.0,1520.0,25.0,3.5,8.0,120.0,400.0,0.6
2026-06-09,YouTube - Brand Awareness,YouTube,7194,109,109.07,0,0.0,,,,0,0.88,0.159,0.189,3.22,0.968,0.616,Tablet,Germany,150.0,4560.0,60.0,0.5,25.0,30.0,80.0,0.15
2026-06-09,YouTube - Brand Awareness,YouTube,640,24,23.3,0,0.0,free advertising tutorial youtube,marketing tutorial,broad,0,0.88,0.159,0.189,3.24,0.968,0.616,Desktop,Germany,150.0,4560.0,60.0,0.5,25.0,30.0,80.0,0.15
2026-06-09,YouTube - Brand Awareness,YouTube,609,13,17.57,0,0.0,cheap keyword planner software download,keyword planner,broad,0,0.88,0.159,0.189,1.61,0.968,0.616,Desktop,Canada,150.0,4560.0,60.0,0.5,25.0,30.0,80.0,0.15
2026-06-09,YouTube - Brand Awareness,YouTube,958,69,30.62,0,0.0,marketing jobs salary definition,jobs,broad,0,0.88,0.159,0.189,1.39,0.968,0.616,Tablet,United Kingdom,150.0,4560.0,60.0,0.5,25.0,30.0,80.0,0.15
2026-06-09,YouTube - Brand Awareness,YouTube,909,34,11.74,0,0.0,how to reset google ads password,support,broad,0,0.88,0.159,0.189,3.27,0.968,0.616,Desktop,Canada,150.0,4560.0,60.0,0.5,25.0,30.0,80.0,0.15
2026-06-10,Google Search - Brand,Google Search,1551,47,81.58,2,213.32,,,,2,0.7,0.02,0.28,1.12,0.77,0.49,Mobile,Canada,150.0,4560.0,30.0,2.5,10.0,100.0,300.0,0.5
2026-06-10,Google Search - Brand,Google Search,151,10,12.22,0,0.0,forecastiq,forecastiq,exact,0,0.7,0.02,0.28,1.47,0.77,0.49,Tablet,United States,150.0,4560.0,30.0,2.5,10.0,100.0,300.0,0.5
2026-06-10,Google Search - Brand,Google Search,205,6,6.08,0,0.0,forecastiq pricing,forecastiq,phrase,0,0.7,0.02,0.28,3.6,0.77,0.49,Desktop,United Kingdom,150.0,4560.0,30.0,2.5,10.0,100.0,300.0,0.5
2026-06-10,Google Search - Brand,Google Search,181,6,6.63,0,0.0,forecastiq software reviews,forecastiq,broad,0,0.7,0.02,0.28,1.45,0.77,0.49,Tablet,Germany,150.0,4560.0,30.0,2.5,10.0,100.0,300.0,0.5
2026-06-10,Google Search - Brand,Google Search,164,3,2.64,0,0.0,forecastiq login portal,forecastiq,phrase,0,0.7,0.02,0.28,2.73,0.77,0.49,Mobile,Canada,150.0,4560.0,30.0,2.5,10.0,100.0,300.0,0.5
2026-06-10,Google Search - NonBrand,Google Search,4994,227,330.39,3,195.09,,,,3,0.648,0.192,0.097,2.2,0.713,0.454,Tablet,Germany,300.0,9120.0,40.0,1.5,15.0,60.0,150.0,0.35
2026-06-10,Google Search - NonBrand,Google Search,702,29,31.29,4,224.83,paid ads forecasting tool,forecasting tool,phrase,4,0.648,0.192,0.097,2.43,0.713,0.454,Desktop,United States,300.0,9120.0,40.0,1.5,15.0,60.0,150.0,0.35
2026-06-10,Google Search - NonBrand,Google Search,478,18,30.68,3,196.61,marketing forecasting software,forecasting tool,exact,3,0.648,0.192,0.097,3.57,0.713,0.454,Mobile,Germany,300.0,9120.0,40.0,1.5,15.0,60.0,150.0,0.35
2026-06-10,Google Search - NonBrand,Google Search,632,13,23.79,2,110.58,ppc budget optimization planner,budget optimization,broad,2,0.648,0.192,0.097,3.2,0.713,0.454,Mobile,Germany,300.0,9120.0,40.0,1.5,15.0,60.0,150.0,0.35
2026-06-10,Google Search - NonBrand,Google Search,644,34,19.61,0,0.0,ads forecasting template excel,forecasting tool,broad,0,0.648,0.192,0.097,1.39,0.713,0.454,Tablet,United Kingdom,300.0,9120.0,40.0,1.5,15.0,60.0,150.0,0.35
2026-06-10,Google Search - Competitors,Google Search,1710,95,102.01,2,79.88,,,,2,0.857,0.231,0.179,1.23,0.943,0.6,Mobile,Canada,100.0,3040.0,50.0,0.8,20.0,40.0,100.0,0.2
2026-06-10,Google Search - Competitors,Google Search,174,8,37.47,0,0.0,semrush forecasting tool alternative,semrush,phrase,0,0.857,0.231,0.179,3.04,0.943,0.6,Mobile,United States,100.0,3040.0,50.0,0.8,20.0,40.0,100.0,0.2
2026-06-10,Google Search - Competitors,Google Search,141,3,43.77,0,0.0,ahrefs traffic forecaster,ahrefs,broad,0,0.857,0.231,0.179,2.01,0.943,0.6,Tablet,Germany,100.0,3040.0,50.0,0.8,20.0,40.0,100.0,0.2
2026-06-10,Google Search - Competitors,Google Search,146,6,22.83,0,0.0,spyfu competitor ads budget planner,competitor template,broad,0,0.857,0.231,0.179,3.23,0.943,0.6,Mobile,Canada,100.0,3040.0,50.0,0.8,20.0,40.0,100.0,0.2
2026-06-10,Meta Ads - Prospecting,Meta,3360,112,197.14,5,412.24,,,,5,0.702,0.199,0.175,2.65,0.772,0.491,Tablet,Germany,200.0,6080.0,35.0,1.8,12.0,80.0,200.0,0.4
2026-06-10,Meta Ads - Retargeting,Meta,924,28,79.13,3,383.0,,,,3,0.4,0.55,0.05,1.54,0.44,0.28,Tablet,United Kingdom,50.0,1520.0,25.0,3.5,8.0,120.0,400.0,0.6
2026-06-10,YouTube - Brand Awareness,YouTube,2160,144,228.43,0,0.0,,,,0,0.761,0.201,0.1,1.42,0.838,0.533,Tablet,United Kingdom,150.0,4560.0,60.0,0.5,25.0,30.0,80.0,0.15
2026-06-10,YouTube - Brand Awareness,YouTube,209,6,20.62,0,0.0,free advertising tutorial youtube,marketing tutorial,broad,0,0.761,0.201,0.1,2.49,0.838,0.533,Mobile,Germany,150.0,4560.0,60.0,0.5,25.0,30.0,80.0,0.15
2026-06-10,YouTube - Brand Awareness,YouTube,303,7,17.15,0,0.0,cheap keyword planner software download,keyword planner,broad,0,0.761,0.201,0.1,2.88,0.838,0.533,Tablet,United States,150.0,4560.0,60.0,0.5,25.0,30.0,80.0,0.15
2026-06-10,YouTube - Brand Awareness,YouTube,209,4,32.91,0,0.0,marketing jobs salary definition,jobs,broad,0,0.761,0.201,0.1,2.07,0.838,0.533,Tablet,Canada,150.0,4560.0,60.0,0.5,25.0,30.0,80.0,0.15
2026-06-10,YouTube - Brand Awareness,YouTube,187,8,11.84,0,0.0,how to reset google ads password,support,broad,0,0.761,0.201,0.1,2.97,0.838,0.533,Desktop,Germany,150.0,4560.0,60.0,0.5,25.0,30.0,80.0,0.15
2026-06-11,Google Search - Brand,Google Search,9300,155,404.25,14,1501.16,,,,15,0.7,0.02,0.28,2.77,0.77,0.49,Desktop,Germany,150.0,4560.0,30.0,2.5,10.0,100.0,300.0,0.5
2026-06-11,Google Search - Brand,Google Search,1390,35,41.16,1,95.52,forecastiq,forecastiq,exact,1,0.7,0.02,0.28,1.94,0.77,0.49,Desktop,United Kingdom,150.0,4560.0,30.0,2.5,10.0,100.0,300.0,0.5
2026-06-11,Google Search - Brand,Google Search,1359,99,82.24,7,640.02,forecastiq pricing,forecastiq,phrase,7,0.7,0.02,0.28,2.57,0.77,0.49,Mobile,United Kingdom,150.0,4560.0,30.0,2.5,10.0,100.0,300.0,0.5
2026-06-11,Google Search - Brand,Google Search,945,29,28.29,4,426.98,forecastiq software reviews,forecastiq,broad,4,0.7,0.02,0.28,2.49,0.77,0.49,Desktop,United Kingdom,150.0,4560.0,30.0,2.5,10.0,100.0,300.0,0.5
2026-06-11,Google Search - Brand,Google Search,952,50,50.71,0,0.0,forecastiq login portal,forecastiq,phrase,0,0.7,0.02,0.28,1.96,0.77,0.49,Mobile,Germany,150.0,4560.0,30.0,2.5,10.0,100.0,300.0,0.5
2026-06-11,Google Search - NonBrand,Google Search,19240,481,1418.32,18,1012.72,,,,21,0.894,0.195,0.119,3.3,0.983,0.626,Tablet,Germany,300.0,9120.0,40.0,1.5,15.0,60.0,150.0,0.35
2026-06-11,Google Search - NonBrand,Google Search,2135,61,111.7,9,511.38,paid ads forecasting tool,forecasting tool,phrase,9,0.894,0.195,0.119,2.49,0.983,0.626,Mobile,United Kingdom,300.0,9120.0,40.0,1.5,15.0,60.0,150.0,0.35
2026-06-11,Google Search - NonBrand,Google Search,2068,102,98.75,23,1279.32,marketing forecasting software,forecasting tool,exact,24,0.894,0.195,0.119,3.55,0.983,0.626,Mobile,Germany,300.0,9120.0,40.0,1.5,15.0,60.0,150.0,0.35
2026-06-11,Google Search - NonBrand,Google Search,1590,74,91.47,15,823.34,ppc budget optimization planner,budget optimization,broad,15,0.894,0.195,0.119,1.59,0.983,0.626,Desktop,Germany,300.0,9120.0,40.0,1.5,15.0,60.0,150.0,0.35
2026-06-11,Google Search - NonBrand,Google Search,1601,127,17.94,0,0.0,ads forecasting template excel,forecasting tool,broad,0,0.894,0.195,0.119,2.93,0.983,0.626,Tablet,Canada,300.0,9120.0,40.0,1.5,15.0,60.0,150.0,0.35
2026-06-11,Google Search - Competitors,Google Search,1204,86,218.92,5,216.92,,,,5,0.551,0.096,0.195,3.36,0.606,0.386,Tablet,United States,100.0,3040.0,50.0,0.8,20.0,40.0,100.0,0.2
2026-06-11,Google Search - Competitors,Google Search,176,4,33.77,0,0.0,semrush forecasting tool alternative,semrush,phrase,0,0.551,0.096,0.195,1.63,0.606,0.386,Desktop,United Kingdom,100.0,3040.0,50.0,0.8,20.0,40.0,100.0,0.2
2026-06-11,Google Search - Competitors,Google Search,177,6,42.79,0,0.0,ahrefs traffic forecaster,ahrefs,broad,0,0.551,0.096,0.195,3.35,0.606,0.386,Desktop,United Kingdom,100.0,3040.0,50.0,0.8,20.0,40.0,100.0,0.2
2026-06-11,Google Search - Competitors,Google Search,122,3,26.84,0,0.0,spyfu competitor ads budget planner,competitor template,broad,0,0.551,0.096,0.195,2.56,0.606,0.386,Tablet,United Kingdom,100.0,3040.0,50.0,0.8,20.0,40.0,100.0,0.2
2026-06-11,Meta Ads - Prospecting,Meta,12213,177,279.54,7,507.16,,,,8,0.703,0.145,0.073,3.14,0.773,0.492,Desktop,Canada,200.0,6080.0,35.0,1.8,12.0,80.0,200.0,0.4
2026-06-11,Meta Ads - Retargeting,Meta,748,34,96.93,3,352.52,,,,3,0.4,0.55,0.05,2.24,0.44,0.28,Tablet,Germany,50.0,1520.0,25.0,3.5,8.0,120.0,400.0,0.6
2026-06-11,YouTube - Brand Awareness,YouTube,2067,53,117.89,0,0.0,,,,0,0.589,0.236,0.128,1.16,0.648,0.412,Desktop,Canada,150.0,4560.0,60.0,0.5,25.0,30.0,80.0,0.15
2026-06-11,YouTube - Brand Awareness,YouTube,181,7,21.17,0,0.0,free advertising tutorial youtube,marketing tutorial,broad,0,0.589,0.236,0.128,1.64,0.648,0.412,Desktop,United States,150.0,4560.0,60.0,0.5,25.0,30.0,80.0,0.15
2026-06-11,YouTube - Brand Awareness,YouTube,243,12,15.2,0,0.0,cheap keyword planner software download,keyword planner,broad,0,0.589,0.236,0.128,3.45,0.648,0.412,Tablet,Germany,150.0,4560.0,60.0,0.5,25.0,30.0,80.0,0.15
2026-06-11,YouTube - Brand Awareness,YouTube,301,7,29.03,0,0.0,marketing jobs salary definition,jobs,broad,0,0.589,0.236,0.128,3.12,0.648,0.412,Desktop,United States,150.0,4560.0,60.0,0.5,25.0,30.0,80.0,0.15
2026-06-11,YouTube - Brand Awareness,YouTube,185,11,12.75,0,0.0,how to reset google ads password,support,broad,0,0.589,0.236,0.128,3.06,0.648,0.412,Tablet,Canada,150.0,4560.0,60.0,0.5,25.0,30.0,80.0,0.15
2026-06-12,Google Search - Brand,Google Search,6360,106,130.65,5,509.03,,,,6,0.7,0.02,0.28,2.8,0.77,0.49,Tablet,Canada,150.0,4560.0,30.0,2.5,10.0,100.0,300.0,0.5
2026-06-12,Google Search - Brand,Google Search,601,21,36.24,0,0.0,forecastiq,forecastiq,exact,0,0.7,0.02,0.28,1.7,0.77,0.49,Desktop,Canada,150.0,4560.0,30.0,2.5,10.0,100.0,300.0,0.5
2026-06-12,Google Search - Brand,Google Search,789,20,21.91,1,99.32,forecastiq pricing,forecastiq,phrase,1,0.7,0.02,0.28,1.88,0.77,0.49,Mobile,Germany,150.0,4560.0,30.0,2.5,10.0,100.0,300.0,0.5
2026-06-12,Google Search - Brand,Google Search,662,25,45.86,4,437.91,forecastiq software reviews,forecastiq,broad,4,0.7,0.02,0.28,1.9,0.77,0.49,Mobile,United States,150.0,4560.0,30.0,2.5,10.0,100.0,300.0,0.5
2026-06-12,Google Search - Brand,Google Search,665,46,78.08,1,99.51,forecastiq login portal,forecastiq,phrase,1,0.7,0.02,0.28,1.67,0.77,0.49,Desktop,United Kingdom,150.0,4560.0,30.0,2.5,10.0,100.0,300.0,0.5
2026-06-12,Google Search - NonBrand,Google Search,6552,252,707.66,7,416.97,,,,7,0.861,0.119,0.176,1.15,0.947,0.603,Mobile,Germany,300.0,9120.0,40.0,1.5,15.0,60.0,150.0,0.35
2026-06-12,Google Search - NonBrand,Google Search,665,44,62.0,5,303.68,paid ads forecasting tool,forecasting tool,phrase,5,0.861,0.119,0.176,3.21,0.947,0.603,Mobile,Germany,300.0,9120.0,40.0,1.5,15.0,60.0,150.0,0.35
2026-06-12,Google Search - NonBrand,Google Search,602,20,29.21,4,241.43,marketing forecasting software,forecasting tool,exact,4,0.861,0.119,0.176,3.12,0.947,0.603,Mobile,United States,300.0,9120.0,40.0,1.5,15.0,60.0,150.0,0.35
2026-06-12,Google Search - NonBrand,Google Search,528,16,26.82,3,186.36,ppc budget optimization planner,budget optimization,broad,3,0.861,0.119,0.176,2.7,0.947,0.603,Tablet,Germany,300.0,9120.0,40.0,1.5,15.0,60.0,150.0,0.35
2026-06-12,Google Search - NonBrand,Google Search,693,24,19.45,0,0.0,ads forecasting template excel,forecasting tool,broad,0,0.861,0.119,0.176,1.96,0.947,0.603,Mobile,Germany,300.0,9120.0,40.0,1.5,15.0,60.0,150.0,0.35
2026-06-12,Google Search - Competitors,Google Search,1681,41,55.86,1,42.03,,,,1,0.551,0.16,0.152,2.34,0.606,0.386,Tablet,United Kingdom,100.0,3040.0,50.0,0.8,20.0,40.0,100.0,0.2
2026-06-12,Google Search - Competitors,Google Search,156,5,36.64,0,0.0,semrush forecasting tool alternative,semrush,phrase,0,0.551,0.16,0.152,1.97,0.606,0.386,Mobile,United States,100.0,3040.0,50.0,0.8,20.0,40.0,100.0,0.2
2026-06-12,Google Search - Competitors,Google Search,145,8,47.2,0,0.0,ahrefs traffic forecaster,ahrefs,broad,0,0.551,0.16,0.152,2.84,0.606,0.386,Mobile,Canada,100.0,3040.0,50.0,0.8,20.0,40.0,100.0,0.2
2026-06-12,Google Search - Competitors,Google Search,143,9,25.47,0,0.0,spyfu competitor ads budget planner,competitor template,broad,0,0.551,0.16,0.152,2.18,0.606,0.386,Mobile,United Kingdom,100.0,3040.0,50.0,0.8,20.0,40.0,100.0,0.2
2026-06-12,Meta Ads - Prospecting,Meta,10266,174,218.6,7,518.91,,,,7,0.844,0.181,0.165,2.92,0.928,0.591,Tablet,United Kingdom,200.0,6080.0,35.0,1.8,12.0,80.0,200.0,0.4
2026-06-12,Meta Ads - Retargeting,Meta,722,38,98.82,4,444.18,,,,4,0.4,0.55,0.05,1.62,0.44,0.28,Tablet,United States,50.0,1520.0,25.0,3.5,8.0,120.0,400.0,0.6
2026-06-12,YouTube - Brand Awareness,YouTube,3825,51,109.67,0,0.0,,,,0,0.811,0.113,0.111,2.09,0.892,0.568,Mobile,Canada,150.0,4560.0,60.0,0.5,25.0,30.0,80.0,0.15
2026-06-12,YouTube - Brand Awareness,YouTube,444,16,20.41,0,0.0,free advertising tutorial youtube,marketing tutorial,broad,0,0.811,0.113,0.111,3.23,0.892,0.568,Desktop,United Kingdom,150.0,4560.0,60.0,0.5,25.0,30.0,80.0,0.15
2026-06-12,YouTube - Brand Awareness,YouTube,539,25,16.98,0,0.0,cheap keyword planner software download,keyword planner,broad,0,0.811,0.113,0.111,1.22,0.892,0.568,Tablet,United Kingdom,150.0,4560.0,60.0,0.5,25.0,30.0,80.0,0.15
2026-06-12,YouTube - Brand Awareness,YouTube,545,14,27.02,0,0.0,marketing jobs salary definition,jobs,broad,0,0.811,0.113,0.111,2.31,0.892,0.568,Tablet,United Kingdom,150.0,4560.0,60.0,0.5,25.0,30.0,80.0,0.15
2026-06-12,YouTube - Brand Awareness,YouTube,485,36,12.88,0,0.0,how to reset google ads password,support,broad,0,0.811,0.113,0.111,1.49,0.892,0.568,Tablet,United Kingdom,150.0,4560.0,60.0,0.5,25.0,30.0,80.0,0.15
2026-06-13,Google Search - Brand,Google Search,2394,42,119.16,3,308.54,,,,3,0.7,0.02,0.28,2.06,0.77,0.49,Mobile,Canada,150.0,4560.0,30.0,2.5,10.0,100.0,300.0,0.5
2026-06-13,Google Search - Brand,Google Search,198,13,13.9,0,0.0,forecastiq,forecastiq,exact,0,0.7,0.02,0.28,2.44,0.77,0.49,Tablet,Germany,150.0,4560.0,30.0,2.5,10.0,100.0,300.0,0.5
2026-06-13,Google Search - Brand,Google Search,275,13,15.34,1,99.52,forecastiq pricing,forecastiq,phrase,1,0.7,0.02,0.28,2.88,0.77,0.49,Mobile,United States,150.0,4560.0,30.0,2.5,10.0,100.0,300.0,0.5
2026-06-13,Google Search - Brand,Google Search,209,9,17.18,1,105.48,forecastiq software reviews,forecastiq,broad,1,0.7,0.02,0.28,3.24,0.77,0.49,Mobile,United States,150.0,4560.0,30.0,2.5,10.0,100.0,300.0,0.5
2026-06-13,Google Search - Brand,Google Search,352,16,28.14,0,0.0,forecastiq login portal,forecastiq,phrase,0,0.7,0.02,0.28,3.77,0.77,0.49,Mobile,United Kingdom,150.0,4560.0,30.0,2.5,10.0,100.0,300.0,0.5
2026-06-13,Google Search - NonBrand,Google Search,6210,135,148.08,1,54.36,,,,1,0.732,0.177,0.109,3.09,0.805,0.512,Tablet,United Kingdom,300.0,9120.0,40.0,1.5,15.0,60.0,150.0,0.35
2026-06-13,Google Search - NonBrand,Google Search,505,25,31.19,4,216.51,paid ads forecasting tool,forecasting tool,phrase,4,0.732,0.177,0.109,2.05,0.805,0.512,Tablet,Canada,300.0,9120.0,40.0,1.5,15.0,60.0,150.0,0.35
2026-06-13,Google Search - NonBrand,Google Search,565,12,14.91,2,128.52,marketing forecasting software,forecasting tool,exact,2,0.732,0.177,0.109,3.55,0.805,0.512,Tablet,Canada,300.0,9120.0,40.0,1.5,15.0,60.0,150.0,0.35
2026-06-13,Google Search - NonBrand,Google Search,553,36,42.96,8,484.3,ppc budget optimization planner,budget optimization,broad,9,0.732,0.177,0.109,1.26,0.805,0.512,Desktop,United Kingdom,300.0,9120.0,40.0,1.5,15.0,60.0,150.0,0.35
2026-06-13,Google Search - NonBrand,Google Search,706,31,18.13,0,0.0,ads forecasting template excel,forecasting tool,broad,0,0.732,0.177,0.109,1.63,0.805,0.512,Desktop,United States,300.0,9120.0,40.0,1.5,15.0,60.0,150.0,0.35
2026-06-13,Google Search - Competitors,Google Search,2360,59,172.04,3,110.25,,,,3,0.584,0.098,0.12,1.46,0.643,0.409,Tablet,Canada,100.0,3040.0,50.0,0.8,20.0,40.0,100.0,0.2
2026-06-13,Google Search - Competitors,Google Search,195,10,36.55,0,0.0,semrush forecasting tool alternative,semrush,phrase,0,0.584,0.098,0.12,1.48,0.643,0.409,Mobile,United States,100.0,3040.0,50.0,0.8,20.0,40.0,100.0,0.2
2026-06-13,Google Search - Competitors,Google Search,334,11,41.91,0,0.0,ahrefs traffic forecaster,ahrefs,broad,0,0.584,0.098,0.12,1.2,0.643,0.409,Mobile,Germany,100.0,3040.0,50.0,0.8,20.0,40.0,100.0,0.2
2026-06-13,Google Search - Competitors,Google Search,259,11,25.29,0,0.0,spyfu competitor ads budget planner,competitor template,broad,0,0.584,0.098,0.12,2.4,0.643,0.409,Mobile,United States,100.0,3040.0,50.0,0.8,20.0,40.0,100.0,0.2
2026-06-13,Meta Ads - Prospecting,Meta,1078,49,85.23,2,159.31,,,,2,0.837,0.166,0.164,3.39,0.921,0.586,Mobile,United Kingdom,200.0,6080.0,35.0,1.8,12.0,80.0,200.0,0.4
2026-06-13,Meta Ads - Retargeting,Meta,2000,25,53.13,1,117.91,,,,1,0.4,0.55,0.05,3.17,0.44,0.28,Mobile,United States,50.0,1520.0,25.0,3.5,8.0,120.0,400.0,0.6
2026-06-13,YouTube - Brand Awareness,YouTube,2475,45,103.87,0,0.0,,,,0,0.766,0.169,0.172,1.13,0.843,0.536,Desktop,Germany,150.0,4560.0,60.0,0.5,25.0,30.0,80.0,0.15
2026-06-13,YouTube - Brand Awareness,YouTube,275,15,21.79,0,0.0,free advertising tutorial youtube,marketing tutorial,broad,0,0.766,0.169,0.172,1.5,0.843,0.536,Mobile,United States,150.0,4560.0,60.0,0.5,25.0,30.0,80.0,0.15
2026-06-13,YouTube - Brand Awareness,YouTube,307,14,14.57,0,0.0,cheap keyword planner software download,keyword planner,broad,0,0.766,0.169,0.172,1.83,0.843,0.536,Desktop,United States,150.0,4560.0,60.0,0.5,25.0,30.0,80.0,0.15
2026-06-13,YouTube - Brand Awareness,YouTube,201,10,28.67,0,0.0,marketing jobs salary definition,jobs,broad,0,0.766,0.169,0.172,3.55,0.843,0.536,Desktop,Canada,150.0,4560.0,60.0,0.5,25.0,30.0,80.0,0.15
2026-06-13,YouTube - Brand Awareness,YouTube,284,15,11.88,0,0.0,how to reset google ads password,support,broad,0,0.766,0.169,0.172,1.94,0.843,0.536,Mobile,Germany,150.0,4560.0,60.0,0.5,25.0,30.0,80.0,0.15
2026-06-14,Google Search - Brand,Google Search,1600,40,118.17,3,299.21,,,,3,0.7,0.02,0.28,1.83,0.77,0.49,Desktop,Germany,150.0,4560.0,30.0,2.5,10.0,100.0,300.0,0.5
2026-06-14,Google Search - Brand,Google Search,217,15,16.16,0,0.0,forecastiq,forecastiq,exact,0,0.7,0.02,0.28,1.87,0.77,0.49,Mobile,Germany,150.0,4560.0,30.0,2.5,10.0,100.0,300.0,0.5
2026-06-14,Google Search - Brand,Google Search,128,3,3.67,0,0.0,forecastiq pricing,forecastiq,phrase,0,0.7,0.02,0.28,3.42,0.77,0.49,Desktop,United Kingdom,150.0,4560.0,30.0,2.5,10.0,100.0,300.0,0.5
2026-06-14,Google Search - Brand,Google Search,183,4,5.95,0,0.0,forecastiq software reviews,forecastiq,broad,0,0.7,0.02,0.28,2.88,0.77,0.49,Mobile,Germany,150.0,4560.0,30.0,2.5,10.0,100.0,300.0,0.5
2026-06-14,Google Search - Brand,Google Search,229,16,15.94,0,0.0,forecastiq login portal,forecastiq,phrase,0,0.7,0.02,0.28,3.29,0.77,0.49,Tablet,United States,150.0,4560.0,30.0,2.5,10.0,100.0,300.0,0.5
2026-06-14,Google Search - NonBrand,Google Search,7656,132,337.12,4,218.37,,,,4,0.899,0.105,0.168,1.5,0.989,0.629,Desktop,United States,300.0,9120.0,40.0,1.5,15.0,60.0,150.0,0.35
2026-06-14,Google Search - NonBrand,Google Search,933,61,87.46,8,472.99,paid ads forecasting tool,forecasting tool,phrase,8,0.899,0.105,0.168,1.76,0.989,0.629,Mobile,Canada,300.0,9120.0,40.0,1.5,15.0,60.0,150.0,0.35
2026-06-14,Google Search - NonBrand,Google Search,987,77,124.16,12,700.78,marketing forecasting software,forecasting tool,exact,14,0.899,0.105,0.168,3.26,0.989,0.629,Mobile,United Kingdom,300.0,9120.0,40.0,1.5,15.0,60.0,150.0,0.35
2026-06-14,Google Search - NonBrand,Google Search,820,30,39.98,6,333.44,ppc budget optimization planner,budget optimization,broad,7,0.899,0.105,0.168,3.07,0.989,0.629,Desktop,Germany,300.0,9120.0,40.0,1.5,15.0,60.0,150.0,0.35
2026-06-14,Google Search - NonBrand,Google Search,1083,54,19.25,0,0.0,ads forecasting template excel,forecasting tool,broad,0,0.899,0.105,0.168,3.66,0.989,0.629,Mobile,United Kingdom,300.0,9120.0,40.0,1.5,15.0,60.0,150.0,0.35
2026-06-14,Google Search - Competitors,Google Search,1504,32,42.24,0,0.0,,,,0,0.849,0.226,0.183,2.56,0.934,0.594,Mobile,Canada,100.0,3040.0,50.0,0.8,20.0,40.0,100.0,0.2
2026-06-14,Google Search - Competitors,Google Search,143,2,35.57,0,0.0,semrush forecasting tool alternative,semrush,phrase,0,0.849,0.226,0.183,2.03,0.934,0.594,Desktop,United Kingdom,100.0,3040.0,50.0,0.8,20.0,40.0,100.0,0.2
2026-06-14,Google Search - Competitors,Google Search,141,9,46.64,0,0.0,ahrefs traffic forecaster,ahrefs,broad,0,0.849,0.226,0.183,1.58,0.934,0.594,Mobile,United States,100.0,3040.0,50.0,0.8,20.0,40.0,100.0,0.2
2026-06-14,Google Search - Competitors,Google Search,192,9,23.02,0,0.0,spyfu competitor ads budget planner,competitor template,broad,0,0.849,0.226,0.183,1.24,0.934,0.594,Desktop,Germany,100.0,3040.0,50.0,0.8,20.0,40.0,100.0,0.2
2026-06-14,Meta Ads - Prospecting,Meta,854,61,128.18,3,255.1,,,,3,0.853,0.195,0.054,2.5,0.939,0.597,Desktop,United Kingdom,200.0,6080.0,35.0,1.8,12.0,80.0,200.0,0.4
2026-06-14,Meta Ads - Retargeting,Meta,1088,16,47.68,1,126.03,,,,1,0.4,0.55,0.05,3.33,0.44,0.28,Desktop,United Kingdom,50.0,1520.0,25.0,3.5,8.0,120.0,400.0,0.6
2026-06-14,YouTube - Brand Awareness,YouTube,4136,94,223.68,0,0.0,,,,0,0.61,0.106,0.138,2.05,0.671,0.427,Mobile,United States,150.0,4560.0,60.0,0.5,25.0,30.0,80.0,0.15
2026-06-14,YouTube - Brand Awareness,YouTube,338,20,20.31,0,0.0,free advertising tutorial youtube,marketing tutorial,broad,0,0.61,0.106,0.138,2.09,0.671,0.427,Tablet,Canada,150.0,4560.0,60.0,0.5,25.0,30.0,80.0,0.15
2026-06-14,YouTube - Brand Awareness,YouTube,558,34,16.43,0,0.0,cheap keyword planner software download,keyword planner,broad,0,0.61,0.106,0.138,1.68,0.671,0.427,Mobile,Canada,150.0,4560.0,60.0,0.5,25.0,30.0,80.0,0.15
2026-06-14,YouTube - Brand Awareness,YouTube,465,34,29.06,0,0.0,marketing jobs salary definition,jobs,broad,0,0.61,0.106,0.138,3.55,0.671,0.427,Tablet,Germany,150.0,4560.0,60.0,0.5,25.0,30.0,80.0,0.15
2026-06-14,YouTube - Brand Awareness,YouTube,463,24,11.88,0,0.0,how to reset google ads password,support,broad,0,0.61,0.106,0.138,2.96,0.671,0.427,Tablet,United Kingdom,150.0,4560.0,60.0,0.5,25.0,30.0,80.0,0.15
2026-06-15,Google Search - Brand,Google Search,3096,72,192.35,6,542.19,,,,6,0.7,0.02,0.28,2.46,0.77,0.49,Desktop,Germany,150.0,4560.0,30.0,2.5,10.0,100.0,300.0,0.5
2026-06-15,Google Search - Brand,Google Search,263,5,7.88,0,0.0,forecastiq,forecastiq,exact,0,0.7,0.02,0.28,3.4,0.77,0.49,Desktop,Canada,150.0,4560.0,30.0,2.5,10.0,100.0,300.0,0.5
2026-06-15,Google Search - Brand,Google Search,440,29,36.88,2,188.2,forecastiq pricing,forecastiq,phrase,2,0.7,0.02,0.28,3.68,0.77,0.49,Tablet,United States,150.0,4560.0,30.0,2.5,10.0,100.0,300.0,0.5
2026-06-15,Google Search - Brand,Google Search,355,13,25.97,1,107.51,forecastiq software reviews,forecastiq,broad,1,0.7,0.02,0.28,1.54,0.77,0.49,Mobile,United Kingdom,150.0,4560.0,30.0,2.5,10.0,100.0,300.0,0.5
2026-06-15,Google Search - Brand,Google Search,377,19,17.22,0,0.0,forecastiq login portal,forecastiq,phrase,0,0.7,0.02,0.28,3.41,0.77,0.49,Mobile,Canada,150.0,4560.0,30.0,2.5,10.0,100.0,300.0,0.5
2026-06-15,Google Search - NonBrand,Google Search,28458,558,1472.07,21,1281.5,,,,25,0.897,0.249,0.114,2.36,0.987,0.628,Tablet,United Kingdom,300.0,9120.0,40.0,1.5,15.0,60.0,150.0,0.35
2026-06-15,Google Search - NonBrand,Google Search,3566,92,118.32,15,815.99,paid ads forecasting tool,forecasting tool,phrase,17,0.897,0.249,0.114,1.72,0.987,0.628,Tablet,Germany,300.0,9120.0,40.0,1.5,15.0,60.0,150.0,0.35
2026-06-15,Google Search - NonBrand,Google Search,2660,101,133.79,19,1203.41,marketing forecasting software,forecasting tool,exact,19,0.897,0.249,0.114,2.75,0.987,0.628,Desktop,United States,300.0,9120.0,40.0,1.5,15.0,60.0,150.0,0.35
2026-06-15,Google Search - NonBrand,Google Search,2291,50,65.44,12,683.49,ppc budget optimization planner,budget optimization,broad,13,0.897,0.249,0.114,3.77,0.987,0.628,Mobile,United States,300.0,9120.0,40.0,1.5,15.0,60.0,150.0,0.35
2026-06-15,Google Search - NonBrand,Google Search,2825,68,19.35,0,0.0,ads forecasting template excel,forecasting tool,broad,0,0.897,0.249,0.114,2.85,0.987,0.628,Desktop,Germany,300.0,9120.0,40.0,1.5,15.0,60.0,150.0,0.35
2026-06-15,Google Search - Competitors,Google Search,3721,61,174.98,4,144.44,,,,5,0.836,0.089,0.179,1.87,0.92,0.585,Desktop,Germany,100.0,3040.0,50.0,0.8,20.0,40.0,100.0,0.2
2026-06-15,Google Search - Competitors,Google Search,312,12,37.7,0,0.0,semrush forecasting tool alternative,semrush,phrase,0,0.836,0.089,0.179,2.85,0.92,0.585,Mobile,United Kingdom,100.0,3040.0,50.0,0.8,20.0,40.0,100.0,0.2
2026-06-15,Google Search - Competitors,Google Search,456,13,43.46,0,0.0,ahrefs traffic forecaster,ahrefs,broad,0,0.836,0.089,0.179,1.87,0.92,0.585,Tablet,Canada,100.0,3040.0,50.0,0.8,20.0,40.0,100.0,0.2
2026-06-15,Google Search - Competitors,Google Search,384,8,24.91,0,0.0,spyfu competitor ads budget planner,competitor template,broad,0,0.836,0.089,0.179,2.55,0.92,0.585,Tablet,Germany,100.0,3040.0,50.0,0.8,20.0,40.0,100.0,0.2
2026-06-15,Meta Ads - Prospecting,Meta,3124,71,185.26,6,448.42,,,,6,0.767,0.19,0.181,2.14,0.844,0.537,Tablet,Canada,200.0,6080.0,35.0,1.8,12.0,80.0,200.0,0.4
2026-06-15,Meta Ads - Retargeting,Meta,1408,22,24.8,1,114.54,,,,1,0.4,0.55,0.05,3.26,0.44,0.28,Desktop,Germany,50.0,1520.0,25.0,3.5,8.0,120.0,400.0,0.6
2026-06-15,YouTube - Brand Awareness,YouTube,1890,63,77.43,0,0.0,,,,0,0.755,0.126,0.059,1.14,0.831,0.529,Mobile,Canada,150.0,4560.0,60.0,0.5,25.0,30.0,80.0,0.15
2026-06-15,YouTube - Brand Awareness,YouTube,172,8,21.02,0,0.0,free advertising tutorial youtube,marketing tutorial,broad,0,0.755,0.126,0.059,2.98,0.831,0.529,Mobile,United States,150.0,4560.0,60.0,0.5,25.0,30.0,80.0,0.15
2026-06-15,YouTube - Brand Awareness,YouTube,160,9,15.36,0,0.0,cheap keyword planner software download,keyword planner,broad,0,0.755,0.126,0.059,1.35,0.831,0.529,Tablet,United Kingdom,150.0,4560.0,60.0,0.5,25.0,30.0,80.0,0.15
2026-06-15,YouTube - Brand Awareness,YouTube,255,12,30.41,0,0.0,marketing jobs salary definition,jobs,broad,0,0.755,0.126,0.059,2.03,0.831,0.529,Desktop,Canada,150.0,4560.0,60.0,0.5,25.0,30.0,80.0,0.15
2026-06-15,YouTube - Brand Awareness,YouTube,162,5,11.18,0,0.0,how to reset google ads password,support,broad,0,0.755,0.126,0.059,1.42,0.831,0.529,Desktop,Canada,150.0,4560.0,60.0,0.5,25.0,30.0,80.0,0.15
2026-06-16,Google Search - Brand,Google Search,4880,61,141.37,5,453.79,,,,5,0.7,0.02,0.28,1.63,0.77,0.49,Desktop,Canada,150.0,4560.0,30.0,2.5,10.0,100.0,300.0,0.5
2026-06-16,Google Search - Brand,Google Search,696,52,62.38,3,291.28,forecastiq,forecastiq,exact,3,0.7,0.02,0.28,3.42,0.77,0.49,Desktop,Germany,150.0,4560.0,30.0,2.5,10.0,100.0,300.0,0.5
2026-06-16,Google Search - Brand,Google Search,461,15,13.3,1,99.42,forecastiq pricing,forecastiq,phrase,1,0.7,0.02,0.28,2.92,0.77,0.49,Tablet,Germany,150.0,4560.0,30.0,2.5,10.0,100.0,300.0,0.5
2026-06-16,Google Search - Brand,Google Search,698,20,17.13,2,211.55,forecastiq software reviews,forecastiq,broad,2,0.7,0.02,0.28,3.37,0.77,0.49,Mobile,Canada,150.0,4560.0,30.0,2.5,10.0,100.0,300.0,0.5
2026-06-16,Google Search - Brand,Google Search,662,16,17.92,0,0.0,forecastiq login portal,forecastiq,phrase,0,0.7,0.02,0.28,2.06,0.77,0.49,Tablet,United Kingdom,150.0,4560.0,30.0,2.5,10.0,100.0,300.0,0.5
2026-06-16,Google Search - NonBrand,Google Search,20538,326,906.75,12,736.24,,,,13,0.69,0.141,0.09,2.69,0.759,0.483,Desktop,Canada,300.0,9120.0,40.0,1.5,15.0,60.0,150.0,0.35
2026-06-16,Google Search - NonBrand,Google Search,2418,175,328.22,25,1540.94,paid ads forecasting tool,forecasting tool,phrase,27,0.69,0.141,0.09,2.1,0.759,0.483,Tablet,United Kingdom,300.0,9120.0,40.0,1.5,15.0,60.0,150.0,0.35
2026-06-16,Google Search - NonBrand,Google Search,2303,62,86.14,10,571.56,marketing forecasting software,forecasting tool,exact,11,0.69,0.141,0.09,2.91,0.759,0.483,Mobile,United States,300.0,9120.0,40.0,1.5,15.0,60.0,150.0,0.35
2026-06-16,Google Search - NonBrand,Google Search,2735,76,146.45,21,1174.71,ppc budget optimization planner,budget optimization,broad,23,0.69,0.141,0.09,1.85,0.759,0.483,Tablet,Canada,300.0,9120.0,40.0,1.5,15.0,60.0,150.0,0.35
2026-06-16,Google Search - NonBrand,Google Search,2373,100,20.11,0,0.0,ads forecasting template excel,forecasting tool,broad,0,0.69,0.141,0.09,3.59,0.759,0.483,Tablet,Germany,300.0,9120.0,40.0,1.5,15.0,60.0,150.0,0.35
2026-06-16,Google Search - Competitors,Google Search,1984,62,147.76,3,116.42,,,,3,0.578,0.166,0.134,2.0,0.636,0.404,Tablet,United Kingdom,100.0,3040.0,50.0,0.8,20.0,40.0,100.0,0.2
2026-06-16,Google Search - Competitors,Google Search,172,8,35.41,0,0.0,semrush forecasting tool alternative,semrush,phrase,0,0.578,0.166,0.134,1.29,0.636,0.404,Tablet,Germany,100.0,3040.0,50.0,0.8,20.0,40.0,100.0,0.2
2026-06-16,Google Search - Competitors,Google Search,235,7,44.23,0,0.0,ahrefs traffic forecaster,ahrefs,broad,0,0.578,0.166,0.134,1.83,0.636,0.404,Tablet,United States,100.0,3040.0,50.0,0.8,20.0,40.0,100.0,0.2
2026-06-16,Google Search - Competitors,Google Search,242,17,26.85,0,0.0,spyfu competitor ads budget planner,competitor template,broad,0,0.578,0.166,0.134,2.03,0.636,0.404,Tablet,United Kingdom,100.0,3040.0,50.0,0.8,20.0,40.0,100.0,0.2
2026-06-16,Meta Ads - Prospecting,Meta,11476,151,299.76,7,601.74,,,,7,0.745,0.238,0.1,2.67,0.82,0.522,Tablet,Canada,200.0,6080.0,35.0,1.8,12.0,80.0,200.0,0.4
2026-06-16,Meta Ads - Retargeting,Meta,1400,20,41.79,1,109.62,,,,1,0.4,0.55,0.05,2.6,0.44,0.28,Tablet,United Kingdom,50.0,1520.0,25.0,3.5,8.0,120.0,400.0,0.6
2026-06-16,YouTube - Brand Awareness,YouTube,1995,95,239.41,0,0.0,,,,0,0.894,0.07,0.17,2.71,0.983,0.625,Tablet,United Kingdom,150.0,4560.0,60.0,0.5,25.0,30.0,80.0,0.15
2026-06-16,YouTube - Brand Awareness,YouTube,186,6,19.98,0,0.0,free advertising tutorial youtube,marketing tutorial,broad,0,0.894,0.07,0.17,1.47,0.983,0.625,Desktop,United Kingdom,150.0,4560.0,60.0,0.5,25.0,30.0,80.0,0.15
2026-06-16,YouTube - Brand Awareness,YouTube,190,11,16.43,0,0.0,cheap keyword planner software download,keyword planner,broad,0,0.894,0.07,0.17,3.74,0.983,0.625,Tablet,Germany,150.0,4560.0,60.0,0.5,25.0,30.0,80.0,0.15
2026-06-16,YouTube - Brand Awareness,YouTube,263,9,29.13,0,0.0,marketing jobs salary definition,jobs,broad,0,0.894,0.07,0.17,2.21,0.983,0.625,Tablet,United States,150.0,4560.0,60.0,0.5,25.0,30.0,80.0,0.15
2026-06-16,YouTube - Brand Awareness,YouTube,287,12,11.84,0,0.0,how to reset google ads password,support,broad,0,0.894,0.07,0.17,3.1,0.983,0.625,Desktop,Canada,150.0,4560.0,60.0,0.5,25.0,30.0,80.0,0.15
2026-06-17,Google Search - Brand,Google Search,1029,49,99.89,3,308.77,,,,3,0.7,0.02,0.28,2.46,0.77,0.49,Desktop,United Kingdom,150.0,4560.0,30.0,2.5,10.0,100.0,300.0,0.5
2026-06-17,Google Search - Brand,Google Search,107,6,11.3,0,0.0,forecastiq,forecastiq,exact,0,0.7,0.02,0.28,2.79,0.77,0.49,Desktop,United States,150.0,4560.0,30.0,2.5,10.0,100.0,300.0,0.5
2026-06-17,Google Search - Brand,Google Search,140,5,8.46,0,0.0,forecastiq pricing,forecastiq,phrase,0,0.7,0.02,0.28,3.78,0.77,0.49,Tablet,Germany,150.0,4560.0,30.0,2.5,10.0,100.0,300.0,0.5
2026-06-17,Google Search - Brand,Google Search,123,2,2.06,0,0.0,forecastiq software reviews,forecastiq,broad,0,0.7,0.02,0.28,3.18,0.77,0.49,Tablet,Germany,150.0,4560.0,30.0,2.5,10.0,100.0,300.0,0.5
2026-06-17,Google Search - Brand,Google Search,117,6,8.42,0,0.0,forecastiq login portal,forecastiq,phrase,0,0.7,0.02,0.28,3.68,0.77,0.49,Tablet,United States,150.0,4560.0,30.0,2.5,10.0,100.0,300.0,0.5
2026-06-17,Google Search - NonBrand,Google Search,15912,234,477.96,5,309.06,,,,5,0.786,0.241,0.098,2.07,0.865,0.55,Mobile,United Kingdom,300.0,9120.0,40.0,1.5,15.0,60.0,150.0,0.35
2026-06-17,Google Search - NonBrand,Google Search,1312,52,81.99,7,389.71,paid ads forecasting tool,forecasting tool,phrase,7,0.786,0.241,0.098,3.48,0.865,0.55,Mobile,Germany,300.0,9120.0,40.0,1.5,15.0,60.0,150.0,0.35
2026-06-17,Google Search - NonBrand,Google Search,1290,96,144.68,22,1300.62,marketing forecasting software,forecasting tool,exact,25,0.786,0.241,0.098,1.82,0.865,0.55,Desktop,Canada,300.0,9120.0,40.0,1.5,15.0,60.0,150.0,0.35
2026-06-17,Google Search - NonBrand,Google Search,1723,122,199.15,28,1768.55,ppc budget optimization planner,budget optimization,broad,32,0.786,0.241,0.098,2.81,0.865,0.55,Tablet,Germany,300.0,9120.0,40.0,1.5,15.0,60.0,150.0,0.35
2026-06-17,Google Search - NonBrand,Google Search,1535,115,17.42,0,0.0,ads forecasting template excel,forecasting tool,broad,0,0.786,0.241,0.098,2.52,0.865,0.55,Desktop,Germany,300.0,9120.0,40.0,1.5,15.0,60.0,150.0,0.35
2026-06-17,Google Search - Competitors,Google Search,3078,54,66.78,1,42.93,,,,1,0.753,0.052,0.116,3.4,0.828,0.527,Mobile,United Kingdom,100.0,3040.0,50.0,0.8,20.0,40.0,100.0,0.2
2026-06-17,Google Search - Competitors,Google Search,313,7,37.09,0,0.0,semrush forecasting tool alternative,semrush,phrase,0,0.753,0.052,0.116,2.54,0.828,0.527,Desktop,Canada,100.0,3040.0,50.0,0.8,20.0,40.0,100.0,0.2
2026-06-17,Google Search - Competitors,Google Search,388,24,42.42,0,0.0,ahrefs traffic forecaster,ahrefs,broad,0,0.753,0.052,0.116,1.78,0.828,0.527,Tablet,Germany,100.0,3040.0,50.0,0.8,20.0,40.0,100.0,0.2
2026-06-17,Google Search - Competitors,Google Search,251,16,25.58,0,0.0,spyfu competitor ads budget planner,competitor template,broad,0,0.753,0.052,0.116,1.88,0.828,0.527,Tablet,Germany,100.0,3040.0,50.0,0.8,20.0,40.0,100.0,0.2
2026-06-17,Meta Ads - Prospecting,Meta,9089,149,205.94,6,486.82,,,,6,0.569,0.212,0.16,2.01,0.626,0.398,Desktop,Canada,200.0,6080.0,35.0,1.8,12.0,80.0,200.0,0.4
2026-06-17,Meta Ads - Retargeting,Meta,1974,42,59.27,2,227.42,,,,2,0.4,0.55,0.05,1.11,0.44,0.28,Mobile,Germany,50.0,1520.0,25.0,3.5,8.0,120.0,400.0,0.6
2026-06-17,YouTube - Brand Awareness,YouTube,4256,56,93.17,0,0.0,,,,0,0.654,0.224,0.091,1.68,0.72,0.458,Mobile,Canada,150.0,4560.0,60.0,0.5,25.0,30.0,80.0,0.15
2026-06-17,YouTube - Brand Awareness,YouTube,626,22,23.1,0,0.0,free advertising tutorial youtube,marketing tutorial,broad,0,0.654,0.224,0.091,1.76,0.72,0.458,Desktop,Canada,150.0,4560.0,60.0,0.5,25.0,30.0,80.0,0.15
2026-06-17,YouTube - Brand Awareness,YouTube,427,28,16.54,0,0.0,cheap keyword planner software download,keyword planner,broad,0,0.654,0.224,0.091,1.54,0.72,0.458,Mobile,Canada,150.0,4560.0,60.0,0.5,25.0,30.0,80.0,0.15
2026-06-17,YouTube - Brand Awareness,YouTube,597,14,29.07,0,0.0,marketing jobs salary definition,jobs,broad,0,0.654,0.224,0.091,3.47,0.72,0.458,Tablet,Germany,150.0,4560.0,60.0,0.5,25.0,30.0,80.0,0.15
2026-06-17,YouTube - Brand Awareness,YouTube,600,13,12.62,0,0.0,how to reset google ads password,support,broad,0,0.654,0.224,0.091,2.6,0.72,0.458,Desktop,United Kingdom,150.0,4560.0,60.0,0.5,25.0,30.0,80.0,0.15
2026-06-18,Google Search - Brand,Google Search,3864,69,201.95,6,612.97,,,,6,0.7,0.02,0.28,3.11,0.77,0.49,Mobile,Canada,150.0,4560.0,30.0,2.5,10.0,100.0,300.0,0.5
2026-06-18,Google Search - Brand,Google Search,373,27,48.36,1,91.54,forecastiq,forecastiq,exact,1,0.7,0.02,0.28,3.66,0.77,0.49,Desktop,Canada,150.0,4560.0,30.0,2.5,10.0,100.0,300.0,0.5
2026-06-18,Google Search - Brand,Google Search,566,42,45.02,3,309.03,forecastiq pricing,forecastiq,phrase,3,0.7,0.02,0.28,2.74,0.77,0.49,Tablet,Germany,150.0,4560.0,30.0,2.5,10.0,100.0,300.0,0.5
2026-06-18,Google Search - Brand,Google Search,348,11,9.42,1,95.08,forecastiq software reviews,forecastiq,broad,1,0.7,0.02,0.28,1.29,0.77,0.49,Desktop,United Kingdom,150.0,4560.0,30.0,2.5,10.0,100.0,300.0,0.5
2026-06-18,Google Search - Brand,Google Search,333,25,39.09,0,0.0,forecastiq login portal,forecastiq,phrase,0,0.7,0.02,0.28,2.51,0.77,0.49,Mobile,United States,150.0,4560.0,30.0,2.5,10.0,100.0,300.0,0.5
2026-06-18,Google Search - NonBrand,Google Search,22010,355,597.6,6,343.51,,,,7,0.584,0.073,0.092,2.04,0.643,0.409,Desktop,United Kingdom,300.0,9120.0,40.0,1.5,15.0,60.0,150.0,0.35
2026-06-18,Google Search - NonBrand,Google Search,3008,91,171.4,15,823.99,paid ads forecasting tool,forecasting tool,phrase,15,0.584,0.073,0.092,1.38,0.643,0.409,Mobile,United States,300.0,9120.0,40.0,1.5,15.0,60.0,150.0,0.35
2026-06-18,Google Search - NonBrand,Google Search,1827,122,240.83,27,1557.3,marketing forecasting software,forecasting tool,exact,29,0.584,0.073,0.092,2.06,0.643,0.409,Mobile,Canada,300.0,9120.0,40.0,1.5,15.0,60.0,150.0,0.35
2026-06-18,Google Search - NonBrand,Google Search,2178,111,96.45,25,1610.1,ppc budget optimization planner,budget optimization,broad,28,0.584,0.073,0.092,2.4,0.643,0.409,Tablet,Canada,300.0,9120.0,40.0,1.5,15.0,60.0,150.0,0.35
2026-06-18,Google Search - NonBrand,Google Search,2837,147,18.44,0,0.0,ads forecasting template excel,forecasting tool,broad,0,0.584,0.073,0.092,2.57,0.643,0.409,Mobile,Germany,300.0,9120.0,40.0,1.5,15.0,60.0,150.0,0.35
2026-06-18,Google Search - Competitors,Google Search,559,43,106.16,2,83.42,,,,2,0.868,0.058,0.184,2.53,0.955,0.608,Desktop,Canada,100.0,3040.0,50.0,0.8,20.0,40.0,100.0,0.2
2026-06-18,Google Search - Competitors,Google Search,63,2,34.23,0,0.0,semrush forecasting tool alternative,semrush,phrase,0,0.868,0.058,0.184,1.77,0.955,0.608,Tablet,Germany,100.0,3040.0,50.0,0.8,20.0,40.0,100.0,0.2
2026-06-18,Google Search - Competitors,Google Search,61,3,45.12,0,0.0,ahrefs traffic forecaster,ahrefs,broad,0,0.868,0.058,0.184,1.42,0.955,0.608,Tablet,United States,100.0,3040.0,50.0,0.8,20.0,40.0,100.0,0.2
2026-06-18,Google Search - Competitors,Google Search,61,2,25.01,0,0.0,spyfu competitor ads budget planner,competitor template,broad,0,0.868,0.058,0.184,1.49,0.955,0.608,Mobile,United Kingdom,100.0,3040.0,50.0,0.8,20.0,40.0,100.0,0.2
2026-06-18,Meta Ads - Prospecting,Meta,2236,86,216.5,7,552.33,,,,8,0.703,0.132,0.072,2.68,0.773,0.492,Mobile,Germany,200.0,6080.0,35.0,1.8,12.0,80.0,200.0,0.4
2026-06-18,Meta Ads - Retargeting,Meta,340,20,40.21,1,118.74,,,,1,0.4,0.55,0.05,1.65,0.44,0.28,Tablet,United Kingdom,50.0,1520.0,25.0,3.5,8.0,120.0,400.0,0.6
2026-06-18,YouTube - Brand Awareness,YouTube,8588,113,247.96,0,0.0,,,,0,0.801,0.066,0.156,2.98,0.881,0.561,Tablet,Germany,150.0,4560.0,60.0,0.5,25.0,30.0,80.0,0.15
2026-06-18,YouTube - Brand Awareness,YouTube,816,42,23.19,0,0.0,free advertising tutorial youtube,marketing tutorial,broad,0,0.801,0.066,0.156,1.79,0.881,0.561,Desktop,Canada,150.0,4560.0,60.0,0.5,25.0,30.0,80.0,0.15
2026-06-18,YouTube - Brand Awareness,YouTube,964,72,17.28,0,0.0,cheap keyword planner software download,keyword planner,broad,0,0.801,0.066,0.156,1.41,0.881,0.561,Desktop,Canada,150.0,4560.0,60.0,0.5,25.0,30.0,80.0,0.15
2026-06-18,YouTube - Brand Awareness,YouTube,1194,24,29.83,0,0.0,marketing jobs salary definition,jobs,broad,0,0.801,0.066,0.156,1.79,0.881,0.561,Mobile,Canada,150.0,4560.0,60.0,0.5,25.0,30.0,80.0,0.15
2026-06-18,YouTube - Brand Awareness,YouTube,888,50,10.83,0,0.0,how to reset google ads password,support,broad,0,0.801,0.066,0.156,2.0,0.881,0.561,Mobile,United States,150.0,4560.0,60.0,0.5,25.0,30.0,80.0,0.15
2026-06-19,Google Search - Brand,Google Search,4650,62,82.88,3,303.37,,,,3,0.7,0.02,0.28,3.28,0.77,0.49,Mobile,United States,150.0,4560.0,30.0,2.5,10.0,100.0,300.0,0.5
2026-06-19,Google Search - Brand,Google Search,468,35,49.59,1,93.45,forecastiq,forecastiq,exact,1,0.7,0.02,0.28,3.52,0.77,0.49,Mobile,Canada,150.0,4560.0,30.0,2.5,10.0,100.0,300.0,0.5
2026-06-19,Google Search - Brand,Google Search,506,27,47.11,1,97.56,forecastiq pricing,forecastiq,phrase,1,0.7,0.02,0.28,2.67,0.77,0.49,Desktop,Canada,150.0,4560.0,30.0,2.5,10.0,100.0,300.0,0.5
2026-06-19,Google Search - Brand,Google Search,552,11,10.22,1,101.47,forecastiq software reviews,forecastiq,broad,1,0.7,0.02,0.28,3.47,0.77,0.49,Tablet,United States,150.0,4560.0,30.0,2.5,10.0,100.0,300.0,0.5
2026-06-19,Google Search - Brand,Google Search,457,32,49.53,0,0.0,forecastiq login portal,forecastiq,phrase,0,0.7,0.02,0.28,2.87,0.77,0.49,Desktop,United Kingdom,150.0,4560.0,30.0,2.5,10.0,100.0,300.0,0.5
2026-06-19,Google Search - NonBrand,Google Search,17250,250,711.5,11,608.74,,,,13,0.741,0.198,0.101,3.11,0.815,0.519,Tablet,Germany,300.0,9120.0,40.0,1.5,15.0,60.0,150.0,0.35
2026-06-19,Google Search - NonBrand,Google Search,2514,188,229.49,30,1762.99,paid ads forecasting tool,forecasting tool,phrase,31,0.741,0.198,0.101,3.17,0.815,0.519,Tablet,United States,300.0,9120.0,40.0,1.5,15.0,60.0,150.0,0.35
2026-06-19,Google Search - NonBrand,Google Search,2533,159,219.09,31,1678.62,marketing forecasting software,forecasting tool,exact,33,0.741,0.198,0.101,1.21,0.815,0.519,Tablet,United States,300.0,9120.0,40.0,1.5,15.0,60.0,150.0,0.35
2026-06-19,Google Search - NonBrand,Google Search,2414,154,161.68,40,2366.73,ppc budget optimization planner,budget optimization,broad,44,0.741,0.198,0.101,2.71,0.815,0.519,Desktop,Canada,300.0,9120.0,40.0,1.5,15.0,60.0,150.0,0.35
2026-06-19,Google Search - NonBrand,Google Search,2307,48,17.95,0,0.0,ads forecasting template excel,forecasting tool,broad,0,0.741,0.198,0.101,3.78,0.815,0.519,Tablet,Germany,300.0,9120.0,40.0,1.5,15.0,60.0,150.0,0.35
2026-06-19,Google Search - Competitors,Google Search,3564,54,113.25,2,77.04,,,,2,0.765,0.187,0.056,3.3,0.842,0.536,Desktop,Canada,100.0,3040.0,50.0,0.8,20.0,40.0,100.0,0.2
2026-06-19,Google Search - Competitors,Google Search,456,29,37.42,0,0.0,semrush forecasting tool alternative,semrush,phrase,0,0.765,0.187,0.056,3.41,0.842,0.536,Mobile,United Kingdom,100.0,3040.0,50.0,0.8,20.0,40.0,100.0,0.2
2026-06-19,Google Search - Competitors,Google Search,459,26,42.54,0,0.0,ahrefs traffic forecaster,ahrefs,broad,0,0.765,0.187,0.056,3.45,0.842,0.536,Desktop,Germany,100.0,3040.0,50.0,0.8,20.0,40.0,100.0,0.2
2026-06-19,Google Search - Competitors,Google Search,397,30,27.11,0,0.0,spyfu competitor ads budget planner,competitor template,broad,0,0.765,0.187,0.056,1.64,0.842,0.536,Tablet,Canada,100.0,3040.0,50.0,0.8,20.0,40.0,100.0,0.2
2026-06-19,Meta Ads - Prospecting,Meta,7210,103,187.2,6,483.34,,,,6,0.885,0.192,0.054,2.52,0.973,0.619,Mobile,Germany,200.0,6080.0,35.0,1.8,12.0,80.0,200.0,0.4
2026-06-19,Meta Ads - Retargeting,Meta,1178,38,96.87,3,378.41,,,,3,0.4,0.55,0.05,2.65,0.44,0.28,Desktop,Germany,50.0,1520.0,25.0,3.5,8.0,120.0,400.0,0.6
2026-06-19,YouTube - Brand Awareness,YouTube,7920,99,184.5,0,0.0,,,,0,0.851,0.196,0.123,3.08,0.936,0.596,Tablet,Germany,150.0,4560.0,60.0,0.5,25.0,30.0,80.0,0.15
2026-06-19,YouTube - Brand Awareness,YouTube,861,44,20.28,0,0.0,free advertising tutorial youtube,marketing tutorial,broad,0,0.851,0.196,0.123,2.97,0.936,0.596,Desktop,Canada,150.0,4560.0,60.0,0.5,25.0,30.0,80.0,0.15
2026-06-19,YouTube - Brand Awareness,YouTube,1023,55,14.65,0,0.0,cheap keyword planner software download,keyword planner,broad,0,0.851,0.196,0.123,2.83,0.936,0.596,Mobile,United States,150.0,4560.0,60.0,0.5,25.0,30.0,80.0,0.15
2026-06-19,YouTube - Brand Awareness,YouTube,1122,89,29.69,0,0.0,marketing jobs salary definition,jobs,broad,0,0.851,0.196,0.123,3.41,0.936,0.596,Mobile,United Kingdom,150.0,4560.0,60.0,0.5,25.0,30.0,80.0,0.15
2026-06-19,YouTube - Brand Awareness,YouTube,747,48,11.78,0,0.0,how to reset google ads password,support,broad,0,0.851,0.196,0.123,3.44,0.936,0.596,Desktop,Germany,150.0,4560.0,60.0,0.5,25.0,30.0,80.0,0.15
2026-06-20,Google Search - Brand,Google Search,1364,62,160.12,5,457.26,,,,6,0.7,0.02,0.28,2.04,0.77,0.49,Mobile,United States,150.0,4560.0,30.0,2.5,10.0,100.0,300.0,0.5
2026-06-20,Google Search - Brand,Google Search,199,9,16.38,0,0.0,forecastiq,forecastiq,exact,0,0.7,0.02,0.28,2.48,0.77,0.49,Mobile,United States,150.0,4560.0,30.0,2.5,10.0,100.0,300.0,0.5
2026-06-20,Google Search - Brand,Google Search,128,8,8.75,0,0.0,forecastiq pricing,forecastiq,phrase,0,0.7,0.02,0.28,3.67,0.77,0.49,Mobile,United States,150.0,4560.0,30.0,2.5,10.0,100.0,300.0,0.5
2026-06-20,Google Search - Brand,Google Search,124,3,5.57,0,0.0,forecastiq software reviews,forecastiq,broad,0,0.7,0.02,0.28,1.7,0.77,0.49,Tablet,United Kingdom,150.0,4560.0,30.0,2.5,10.0,100.0,300.0,0.5
2026-06-20,Google Search - Brand,Google Search,197,5,9.75,0,0.0,forecastiq login portal,forecastiq,phrase,0,0.7,0.02,0.28,1.48,0.77,0.49,Tablet,United States,150.0,4560.0,30.0,2.5,10.0,100.0,300.0,0.5
2026-06-20,Google Search - NonBrand,Google Search,5640,235,678.34,9,575.38,,,,9,0.601,0.198,0.075,2.59,0.661,0.42,Mobile,United States,300.0,9120.0,40.0,1.5,15.0,60.0,150.0,0.35
2026-06-20,Google Search - NonBrand,Google Search,694,19,22.7,2,113.65,paid ads forecasting tool,forecasting tool,phrase,2,0.601,0.198,0.075,3.69,0.661,0.42,Tablet,Germany,300.0,9120.0,40.0,1.5,15.0,60.0,150.0,0.35
2026-06-20,Google Search - NonBrand,Google Search,677,27,46.52,5,314.42,marketing forecasting software,forecasting tool,exact,5,0.601,0.198,0.075,2.89,0.661,0.42,Tablet,United States,300.0,9120.0,40.0,1.5,15.0,60.0,150.0,0.35
2026-06-20,Google Search - NonBrand,Google Search,722,52,87.74,13,819.33,ppc budget optimization planner,budget optimization,broad,13,0.601,0.198,0.075,2.24,0.661,0.42,Tablet,United States,300.0,9120.0,40.0,1.5,15.0,60.0,150.0,0.35
2026-06-20,Google Search - NonBrand,Google Search,842,53,19.61,0,0.0,ads forecasting template excel,forecasting tool,broad,0,0.601,0.198,0.075,2.06,0.661,0.42,Mobile,United States,300.0,9120.0,40.0,1.5,15.0,60.0,150.0,0.35
2026-06-20,Google Search - Competitors,Google Search,1720,43,83.48,2,77.21,,,,2,0.744,0.104,0.056,3.14,0.818,0.521,Tablet,Germany,100.0,3040.0,50.0,0.8,20.0,40.0,100.0,0.2
2026-06-20,Google Search - Competitors,Google Search,229,8,31.73,0,0.0,semrush forecasting tool alternative,semrush,phrase,0,0.744,0.104,0.056,2.61,0.818,0.521,Desktop,United Kingdom,100.0,3040.0,50.0,0.8,20.0,40.0,100.0,0.2
2026-06-20,Google Search - Competitors,Google Search,216,12,43.89,0,0.0,ahrefs traffic forecaster,ahrefs,broad,0,0.744,0.104,0.056,2.03,0.818,0.521,Desktop,Germany,100.0,3040.0,50.0,0.8,20.0,40.0,100.0,0.2
2026-06-20,Google Search - Competitors,Google Search,163,6,23.57,0,0.0,spyfu competitor ads budget planner,competitor template,broad,0,0.744,0.104,0.056,1.43,0.818,0.521,Mobile,Canada,100.0,3040.0,50.0,0.8,20.0,40.0,100.0,0.2
2026-06-20,Meta Ads - Prospecting,Meta,2976,62,127.99,4,291.07,,,,4,0.719,0.234,0.135,2.7,0.79,0.503,Mobile,United States,200.0,6080.0,35.0,1.8,12.0,80.0,200.0,0.4
2026-06-20,Meta Ads - Retargeting,Meta,1920,30,43.51,1,129.42,,,,1,0.4,0.55,0.05,1.74,0.44,0.28,Mobile,Canada,50.0,1520.0,25.0,3.5,8.0,120.0,400.0,0.6
2026-06-20,YouTube - Brand Awareness,YouTube,1320,44,50.64,0,0.0,,,,0,0.575,0.175,0.181,3.38,0.632,0.402,Desktop,United Kingdom,150.0,4560.0,60.0,0.5,25.0,30.0,80.0,0.15
2026-06-20,YouTube - Brand Awareness,YouTube,149,3,21.36,0,0.0,free advertising tutorial youtube,marketing tutorial,broad,0,0.575,0.175,0.181,1.76,0.632,0.402,Desktop,United Kingdom,150.0,4560.0,60.0,0.5,25.0,30.0,80.0,0.15
2026-06-20,YouTube - Brand Awareness,YouTube,197,6,15.6,0,0.0,cheap keyword planner software download,keyword planner,broad,0,0.575,0.175,0.181,1.29,0.632,0.402,Tablet,Germany,150.0,4560.0,60.0,0.5,25.0,30.0,80.0,0.15
2026-06-20,YouTube - Brand Awareness,YouTube,180,7,30.43,0,0.0,marketing jobs salary definition,jobs,broad,0,0.575,0.175,0.181,3.58,0.632,0.402,Desktop,United States,150.0,4560.0,60.0,0.5,25.0,30.0,80.0,0.15
2026-06-20,YouTube - Brand Awareness,YouTube,180,10,12.94,0,0.0,how to reset google ads password,support,broad,0,0.575,0.175,0.181,3.08,0.632,0.402,Mobile,Germany,150.0,4560.0,60.0,0.5,25.0,30.0,80.0,0.15
2026-06-21,Google Search - Brand,Google Search,1995,35,87.86,3,301.95,,,,3,0.7,0.02,0.28,3.23,0.77,0.49,Desktop,United Kingdom,150.0,4560.0,30.0,2.5,10.0,100.0,300.0,0.5
2026-06-21,Google Search - Brand,Google Search,173,11,16.63,0,0.0,forecastiq,forecastiq,exact,0,0.7,0.02,0.28,3.29,0.77,0.49,Mobile,United States,150.0,4560.0,30.0,2.5,10.0,100.0,300.0,0.5
2026-06-21,Google Search - Brand,Google Search,286,7,5.92,0,0.0,forecastiq pricing,forecastiq,phrase,0,0.7,0.02,0.28,1.33,0.77,0.49,Tablet,Germany,150.0,4560.0,30.0,2.5,10.0,100.0,300.0,0.5
2026-06-21,Google Search - Brand,Google Search,165,4,3.9,0,0.0,forecastiq software reviews,forecastiq,broad,0,0.7,0.02,0.28,2.09,0.77,0.49,Desktop,Canada,150.0,4560.0,30.0,2.5,10.0,100.0,300.0,0.5
2026-06-21,Google Search - Brand,Google Search,297,15,15.65,0,0.0,forecastiq login portal,forecastiq,phrase,0,0.7,0.02,0.28,2.59,0.77,0.49,Tablet,Germany,150.0,4560.0,30.0,2.5,10.0,100.0,300.0,0.5
2026-06-21,Google Search - NonBrand,Google Search,4617,243,382.14,4,219.36,,,,4,0.847,0.191,0.105,1.44,0.932,0.593,Desktop,Germany,300.0,9120.0,40.0,1.5,15.0,60.0,150.0,0.35
2026-06-21,Google Search - NonBrand,Google Search,514,35,67.16,5,299.71,paid ads forecasting tool,forecasting tool,phrase,5,0.847,0.191,0.105,2.37,0.932,0.593,Desktop,Canada,300.0,9120.0,40.0,1.5,15.0,60.0,150.0,0.35
2026-06-21,Google Search - NonBrand,Google Search,422,31,36.61,6,384.43,marketing forecasting software,forecasting tool,exact,6,0.847,0.191,0.105,2.97,0.932,0.593,Desktop,Canada,300.0,9120.0,40.0,1.5,15.0,60.0,150.0,0.35
2026-06-21,Google Search - NonBrand,Google Search,624,24,30.62,6,371.6,ppc budget optimization planner,budget optimization,broad,6,0.847,0.191,0.105,2.57,0.932,0.593,Desktop,Canada,300.0,9120.0,40.0,1.5,15.0,60.0,150.0,0.35
2026-06-21,Google Search - NonBrand,Google Search,530,19,17.97,0,0.0,ads forecasting template excel,forecasting tool,broad,0,0.847,0.191,0.105,2.25,0.932,0.593,Mobile,Germany,300.0,9120.0,40.0,1.5,15.0,60.0,150.0,0.35
2026-06-21,Google Search - Competitors,Google Search,594,27,66.17,1,42.65,,,,1,0.635,0.102,0.068,2.96,0.698,0.444,Tablet,United Kingdom,100.0,3040.0,50.0,0.8,20.0,40.0,100.0,0.2
2026-06-21,Google Search - Competitors,Google Search,80,1,33.87,0,0.0,semrush forecasting tool alternative,semrush,phrase,0,0.635,0.102,0.068,2.79,0.698,0.444,Mobile,Germany,100.0,3040.0,50.0,0.8,20.0,40.0,100.0,0.2
2026-06-21,Google Search - Competitors,Google Search,58,1,44.23,0,0.0,ahrefs traffic forecaster,ahrefs,broad,0,0.635,0.102,0.068,3.65,0.698,0.444,Tablet,Germany,100.0,3040.0,50.0,0.8,20.0,40.0,100.0,0.2
2026-06-21,Google Search - Competitors,Google Search,50,1,27.4,0,0.0,spyfu competitor ads budget planner,competitor template,broad,0,0.635,0.102,0.068,2.16,0.698,0.444,Tablet,United Kingdom,100.0,3040.0,50.0,0.8,20.0,40.0,100.0,0.2
2026-06-21,Meta Ads - Prospecting,Meta,6380,110,255.67,6,439.9,,,,7,0.895,0.139,0.129,1.3,0.984,0.626,Tablet,Canada,200.0,6080.0,35.0,1.8,12.0,80.0,200.0,0.4
2026-06-21,Meta Ads - Retargeting,Meta,1891,31,59.52,2,225.66,,,,2,0.4,0.55,0.05,2.03,0.44,0.28,Mobile,United States,50.0,1520.0,25.0,3.5,8.0,120.0,400.0,0.6
2026-06-21,YouTube - Brand Awareness,YouTube,2592,48,96.22,0,0.0,,,,0,0.659,0.186,0.14,1.53,0.724,0.461,Tablet,Canada,150.0,4560.0,60.0,0.5,25.0,30.0,80.0,0.15
2026-06-21,YouTube - Brand Awareness,YouTube,210,16,24.0,0,0.0,free advertising tutorial youtube,marketing tutorial,broad,0,0.659,0.186,0.14,2.76,0.724,0.461,Desktop,Canada,150.0,4560.0,60.0,0.5,25.0,30.0,80.0,0.15
2026-06-21,YouTube - Brand Awareness,YouTube,215,12,15.77,0,0.0,cheap keyword planner software download,keyword planner,broad,0,0.659,0.186,0.14,2.49,0.724,0.461,Tablet,United States,150.0,4560.0,60.0,0.5,25.0,30.0,80.0,0.15
2026-06-21,YouTube - Brand Awareness,YouTube,377,22,27.17,0,0.0,marketing jobs salary definition,jobs,broad,0,0.659,0.186,0.14,1.69,0.724,0.461,Tablet,United States,150.0,4560.0,60.0,0.5,25.0,30.0,80.0,0.15
2026-06-21,YouTube - Brand Awareness,YouTube,378,27,12.34,0,0.0,how to reset google ads password,support,broad,0,0.659,0.186,0.14,2.04,0.724,0.461,Tablet,United States,150.0,4560.0,60.0,0.5,25.0,30.0,80.0,0.15
2026-06-22,Google Search - Brand,Google Search,3782,61,119.15,4,378.32,,,,4,0.7,0.02,0.28,2.82,0.77,0.49,Tablet,United Kingdom,150.0,4560.0,30.0,2.5,10.0,100.0,300.0,0.5
2026-06-22,Google Search - Brand,Google Search,432,22,24.0,0,0.0,forecastiq,forecastiq,exact,0,0.7,0.02,0.28,1.52,0.77,0.49,Mobile,Canada,150.0,4560.0,30.0,2.5,10.0,100.0,300.0,0.5
2026-06-22,Google Search - Brand,Google Search,436,26,50.72,1,96.69,forecastiq pricing,forecastiq,phrase,1,0.7,0.02,0.28,1.61,0.77,0.49,Mobile,United States,150.0,4560.0,30.0,2.5,10.0,100.0,300.0,0.5
2026-06-22,Google Search - Brand,Google Search,527,30,29.73,4,385.14,forecastiq software reviews,forecastiq,broad,4,0.7,0.02,0.28,1.27,0.77,0.49,Mobile,United Kingdom,150.0,4560.0,30.0,2.5,10.0,100.0,300.0,0.5
2026-06-22,Google Search - Brand,Google Search,478,21,26.93,0,0.0,forecastiq login portal,forecastiq,phrase,0,0.7,0.02,0.28,2.89,0.77,0.49,Desktop,Germany,150.0,4560.0,30.0,2.5,10.0,100.0,300.0,0.5
2026-06-22,Google Search - NonBrand,Google Search,4620,231,662.34,8,456.55,,,,10,0.761,0.074,0.177,1.41,0.837,0.533,Mobile,United States,300.0,9120.0,40.0,1.5,15.0,60.0,150.0,0.35
2026-06-22,Google Search - NonBrand,Google Search,584,31,36.11,3,163.47,paid ads forecasting tool,forecasting tool,phrase,3,0.761,0.074,0.177,2.78,0.837,0.533,Desktop,United Kingdom,300.0,9120.0,40.0,1.5,15.0,60.0,150.0,0.35
2026-06-22,Google Search - NonBrand,Google Search,666,42,49.62,6,357.34,marketing forecasting software,forecasting tool,exact,6,0.761,0.074,0.177,2.06,0.837,0.533,Mobile,Canada,300.0,9120.0,40.0,1.5,15.0,60.0,150.0,0.35
2026-06-22,Google Search - NonBrand,Google Search,476,35,30.4,9,577.53,ppc budget optimization planner,budget optimization,broad,9,0.761,0.074,0.177,2.82,0.837,0.533,Desktop,United Kingdom,300.0,9120.0,40.0,1.5,15.0,60.0,150.0,0.35
2026-06-22,Google Search - NonBrand,Google Search,673,41,17.35,0,0.0,ads forecasting template excel,forecasting tool,broad,0,0.761,0.074,0.177,2.82,0.837,0.533,Desktop,United Kingdom,300.0,9120.0,40.0,1.5,15.0,60.0,150.0,0.35
2026-06-22,Google Search - Competitors,Google Search,2604,42,91.88,1,37.45,,,,1,0.648,0.225,0.119,2.47,0.712,0.453,Tablet,Germany,100.0,3040.0,50.0,0.8,20.0,40.0,100.0,0.2
2026-06-22,Google Search - Competitors,Google Search,334,12,31.91,0,0.0,semrush forecasting tool alternative,semrush,phrase,0,0.648,0.225,0.119,3.24,0.712,0.453,Tablet,Canada,100.0,3040.0,50.0,0.8,20.0,40.0,100.0,0.2
2026-06-22,Google Search - Competitors,Google Search,335,10,48.75,0,0.0,ahrefs traffic forecaster,ahrefs,broad,0,0.648,0.225,0.119,2.04,0.712,0.453,Mobile,United States,100.0,3040.0,50.0,0.8,20.0,40.0,100.0,0.2
2026-06-22,Google Search - Competitors,Google Search,214,5,27.31,0,0.0,spyfu competitor ads budget planner,competitor template,broad,0,0.648,0.225,0.119,3.64,0.712,0.453,Tablet,United Kingdom,100.0,3040.0,50.0,0.8,20.0,40.0,100.0,0.2
2026-06-22,Meta Ads - Prospecting,Meta,5950,119,272.41,9,746.42,,,,10,0.561,0.129,0.189,2.48,0.617,0.393,Mobile,United Kingdom,200.0,6080.0,35.0,1.8,12.0,80.0,200.0,0.4
2026-06-22,Meta Ads - Retargeting,Meta,754,26,44.31,1,126.66,,,,1,0.4,0.55,0.05,1.4,0.44,0.28,Mobile,United States,50.0,1520.0,25.0,3.5,8.0,120.0,400.0,0.6
2026-06-22,YouTube - Brand Awareness,YouTube,3920,70,86.93,0,0.0,,,,0,0.646,0.228,0.066,1.91,0.71,0.452,Tablet,Germany,150.0,4560.0,60.0,0.5,25.0,30.0,80.0,0.15
2026-06-22,YouTube - Brand Awareness,YouTube,423,17,23.5,0,0.0,free advertising tutorial youtube,marketing tutorial,broad,0,0.646,0.228,0.066,3.75,0.71,0.452,Desktop,United States,150.0,4560.0,60.0,0.5,25.0,30.0,80.0,0.15
2026-06-22,YouTube - Brand Awareness,YouTube,409,13,17.59,0,0.0,cheap keyword planner software download,keyword planner,broad,0,0.646,0.228,0.066,1.28,0.71,0.452,Desktop,United Kingdom,150.0,4560.0,60.0,0.5,25.0,30.0,80.0,0.15
2026-06-22,YouTube - Brand Awareness,YouTube,585,15,29.04,0,0.0,marketing jobs salary definition,jobs,broad,0,0.646,0.228,0.066,3.32,0.71,0.452,Mobile,Germany,150.0,4560.0,60.0,0.5,25.0,30.0,80.0,0.15
2026-06-22,YouTube - Brand Awareness,YouTube,317,16,12.48,0,0.0,how to reset google ads password,support,broad,0,0.646,0.228,0.066,3.26,0.71,0.452,Mobile,Germany,150.0,4560.0,60.0,0.5,25.0,30.0,80.0,0.15
2026-06-23,Google Search - Brand,Google Search,4940,95,217.61,8,746.72,,,,9,0.7,0.02,0.28,2.51,0.77,0.49,Tablet,Germany,150.0,4560.0,30.0,2.5,10.0,100.0,300.0,0.5
2026-06-23,Google Search - Brand,Google Search,538,26,32.84,1,102.68,forecastiq,forecastiq,exact,1,0.7,0.02,0.28,3.68,0.77,0.49,Tablet,United States,150.0,4560.0,30.0,2.5,10.0,100.0,300.0,0.5
2026-06-23,Google Search - Brand,Google Search,626,16,14.59,1,98.11,forecastiq pricing,forecastiq,phrase,1,0.7,0.02,0.28,2.73,0.77,0.49,Desktop,United Kingdom,150.0,4560.0,30.0,2.5,10.0,100.0,300.0,0.5
2026-06-23,Google Search - Brand,Google Search,687,36,60.36,4,436.54,forecastiq software reviews,forecastiq,broad,4,0.7,0.02,0.28,1.67,0.77,0.49,Desktop,United States,150.0,4560.0,30.0,2.5,10.0,100.0,300.0,0.5
2026-06-23,Google Search - Brand,Google Search,709,30,29.41,0,0.0,forecastiq login portal,forecastiq,phrase,0,0.7,0.02,0.28,1.79,0.77,0.49,Mobile,United Kingdom,150.0,4560.0,30.0,2.5,10.0,100.0,300.0,0.5
2026-06-23,Google Search - NonBrand,Google Search,18330,390,918.56,10,574.11,,,,11,0.573,0.208,0.121,1.76,0.63,0.401,Desktop,Germany,300.0,9120.0,40.0,1.5,15.0,60.0,150.0,0.35
2026-06-23,Google Search - NonBrand,Google Search,2575,87,148.91,14,769.21,paid ads forecasting tool,forecasting tool,phrase,15,0.573,0.208,0.121,1.35,0.63,0.401,Desktop,United States,300.0,9120.0,40.0,1.5,15.0,60.0,150.0,0.35
2026-06-23,Google Search - NonBrand,Google Search,2142,81,97.5,13,756.26,marketing forecasting software,forecasting tool,exact,14,0.573,0.208,0.121,2.83,0.63,0.401,Desktop,Canada,300.0,9120.0,40.0,1.5,15.0,60.0,150.0,0.35
2026-06-23,Google Search - NonBrand,Google Search,2501,159,236.61,41,2240.16,ppc budget optimization planner,budget optimization,broad,46,0.573,0.208,0.121,2.38,0.63,0.401,Tablet,United Kingdom,300.0,9120.0,40.0,1.5,15.0,60.0,150.0,0.35
2026-06-23,Google Search - NonBrand,Google Search,1718,116,19.09,0,0.0,ads forecasting template excel,forecasting tool,broad,0,0.573,0.208,0.121,1.51,0.63,0.401,Desktop,Germany,300.0,9120.0,40.0,1.5,15.0,60.0,150.0,0.35
2026-06-23,Google Search - Competitors,Google Search,2852,46,109.91,1,43.14,,,,1,0.556,0.182,0.065,3.12,0.612,0.389,Desktop,Canada,100.0,3040.0,50.0,0.8,20.0,40.0,100.0,0.2
2026-06-23,Google Search - Competitors,Google Search,403,17,36.74,0,0.0,semrush forecasting tool alternative,semrush,phrase,0,0.556,0.182,0.065,1.35,0.612,0.389,Mobile,United Kingdom,100.0,3040.0,50.0,0.8,20.0,40.0,100.0,0.2
2026-06-23,Google Search - Competitors,Google Search,356,13,43.23,0,0.0,ahrefs traffic forecaster,ahrefs,broad,0,0.556,0.182,0.065,1.26,0.612,0.389,Mobile,United Kingdom,100.0,3040.0,50.0,0.8,20.0,40.0,100.0,0.2
2026-06-23,Google Search - Competitors,Google Search,303,18,23.6,0,0.0,spyfu competitor ads budget planner,competitor template,broad,0,0.556,0.182,0.065,3.63,0.612,0.389,Mobile,Canada,100.0,3040.0,50.0,0.8,20.0,40.0,100.0,0.2
2026-06-23,Meta Ads - Prospecting,Meta,3392,106,276.67,7,557.76,,,,9,0.806,0.193,0.055,2.26,0.887,0.564,Desktop,United Kingdom,200.0,6080.0,35.0,1.8,12.0,80.0,200.0,0.4
2026-06-23,Meta Ads - Retargeting,Meta,416,16,38.45,1,110.09,,,,1,0.4,0.55,0.05,2.88,0.44,0.28,Tablet,United States,50.0,1520.0,25.0,3.5,8.0,120.0,400.0,0.6
2026-06-23,YouTube - Brand Awareness,YouTube,1836,68,191.27,0,0.0,,,,0,0.67,0.119,0.153,1.53,0.737,0.469,Tablet,United Kingdom,150.0,4560.0,60.0,0.5,25.0,30.0,80.0,0.15
2026-06-23,YouTube - Brand Awareness,YouTube,204,11,20.53,0,0.0,free advertising tutorial youtube,marketing tutorial,broad,0,0.67,0.119,0.153,2.33,0.737,0.469,Tablet,United States,150.0,4560.0,60.0,0.5,25.0,30.0,80.0,0.15
2026-06-23,YouTube - Brand Awareness,YouTube,191,9,15.0,0,0.0,cheap keyword planner software download,keyword planner,broad,0,0.67,0.119,0.153,2.87,0.737,0.469,Desktop,Canada,150.0,4560.0,60.0,0.5,25.0,30.0,80.0,0.15
2026-06-23,YouTube - Brand Awareness,YouTube,169,4,27.39,0,0.0,marketing jobs salary definition,jobs,broad,0,0.67,0.119,0.153,2.35,0.737,0.469,Mobile,United Kingdom,150.0,4560.0,60.0,0.5,25.0,30.0,80.0,0.15
2026-06-23,YouTube - Brand Awareness,YouTube,238,17,12.19,0,0.0,how to reset google ads password,support,broad,0,0.67,0.119,0.153,2.55,0.737,0.469,Mobile,Germany,150.0,4560.0,60.0,0.5,25.0,30.0,80.0,0.15
2026-06-24,Google Search - Brand,Google Search,4042,86,156.51,4,422.12,,,,4,0.7,0.02,0.28,2.6,0.77,0.49,Mobile,Canada,150.0,4560.0,30.0,2.5,10.0,100.0,300.0,0.5
2026-06-24,Google Search - Brand,Google Search,327,14,12.6,0,0.0,forecastiq,forecastiq,exact,0,0.7,0.02,0.28,2.58,0.77,0.49,Tablet,Canada,150.0,4560.0,30.0,2.5,10.0,100.0,300.0,0.5
2026-06-24,Google Search - Brand,Google Search,373,23,20.51,1,105.88,forecastiq pricing,forecastiq,phrase,1,0.7,0.02,0.28,1.58,0.77,0.49,Desktop,United States,150.0,4560.0,30.0,2.5,10.0,100.0,300.0,0.5
2026-06-24,Google Search - Brand,Google Search,499,32,61.96,4,398.5,forecastiq software reviews,forecastiq,broad,4,0.7,0.02,0.28,2.05,0.77,0.49,Mobile,Germany,150.0,4560.0,30.0,2.5,10.0,100.0,300.0,0.5
2026-06-24,Google Search - Brand,Google Search,537,32,43.85,0,0.0,forecastiq login portal,forecastiq,phrase,0,0.7,0.02,0.28,1.94,0.77,0.49,Desktop,United Kingdom,150.0,4560.0,30.0,2.5,10.0,100.0,300.0,0.5
2026-06-24,Google Search - NonBrand,Google Search,31680,480,1385.67,14,757.57,,,,15,0.643,0.141,0.114,1.23,0.707,0.45,Mobile,United States,300.0,9120.0,40.0,1.5,15.0,60.0,150.0,0.35
2026-06-24,Google Search - NonBrand,Google Search,2615,58,97.43,7,383.01,paid ads forecasting tool,forecasting tool,phrase,7,0.643,0.141,0.114,2.49,0.707,0.45,Desktop,Germany,300.0,9120.0,40.0,1.5,15.0,60.0,150.0,0.35
2026-06-24,Google Search - NonBrand,Google Search,3795,176,311.4,35,1892.82,marketing forecasting software,forecasting tool,exact,39,0.643,0.141,0.114,3.45,0.707,0.45,Tablet,United States,300.0,9120.0,40.0,1.5,15.0,60.0,150.0,0.35
2026-06-24,Google Search - NonBrand,Google Search,4085,187,325.86,43,2832.93,ppc budget optimization planner,budget optimization,broad,43,0.643,0.141,0.114,1.35,0.707,0.45,Tablet,United States,300.0,9120.0,40.0,1.5,15.0,60.0,150.0,0.35
2026-06-24,Google Search - NonBrand,Google Search,3479,162,16.68,0,0.0,ads forecasting template excel,forecasting tool,broad,0,0.643,0.141,0.114,1.75,0.707,0.45,Mobile,Germany,300.0,9120.0,40.0,1.5,15.0,60.0,150.0,0.35
2026-06-24,Google Search - Competitors,Google Search,3569,83,183.23,4,166.72,,,,4,0.591,0.174,0.07,1.96,0.651,0.414,Mobile,Canada,100.0,3040.0,50.0,0.8,20.0,40.0,100.0,0.2
2026-06-24,Google Search - Competitors,Google Search,286,14,34.11,0,0.0,semrush forecasting tool alternative,semrush,phrase,0,0.591,0.174,0.07,1.58,0.651,0.414,Tablet,Germany,100.0,3040.0,50.0,0.8,20.0,40.0,100.0,0.2
2026-06-24,Google Search - Competitors,Google Search,295,11,42.31,0,0.0,ahrefs traffic forecaster,ahrefs,broad,0,0.591,0.174,0.07,2.47,0.651,0.414,Mobile,United States,100.0,3040.0,50.0,0.8,20.0,40.0,100.0,0.2
2026-06-24,Google Search - Competitors,Google Search,382,20,26.63,0,0.0,spyfu competitor ads budget planner,competitor template,broad,0,0.591,0.174,0.07,3.13,0.651,0.414,Desktop,United States,100.0,3040.0,50.0,0.8,20.0,40.0,100.0,0.2
2026-06-24,Meta Ads - Prospecting,Meta,8512,112,154.78,3,231.46,,,,3,0.609,0.111,0.196,1.41,0.67,0.426,Desktop,Germany,200.0,6080.0,35.0,1.8,12.0,80.0,200.0,0.4
2026-06-24,Meta Ads - Retargeting,Meta,1080,18,36.3,1,129.87,,,,1,0.4,0.55,0.05,1.22,0.44,0.28,Desktop,Canada,50.0,1520.0,25.0,3.5,8.0,120.0,400.0,0.6
2026-06-24,YouTube - Brand Awareness,YouTube,2600,50,123.91,0,0.0,,,,0,0.56,0.172,0.109,1.14,0.616,0.392,Mobile,United Kingdom,150.0,4560.0,60.0,0.5,25.0,30.0,80.0,0.15
2026-06-24,YouTube - Brand Awareness,YouTube,230,10,23.16,0,0.0,free advertising tutorial youtube,marketing tutorial,broad,0,0.56,0.172,0.109,2.89,0.616,0.392,Desktop,United Kingdom,150.0,4560.0,60.0,0.5,25.0,30.0,80.0,0.15
2026-06-24,YouTube - Brand Awareness,YouTube,364,16,15.15,0,0.0,cheap keyword planner software download,keyword planner,broad,0,0.56,0.172,0.109,2.52,0.616,0.392,Tablet,Germany,150.0,4560.0,60.0,0.5,25.0,30.0,80.0,0.15
2026-06-24,YouTube - Brand Awareness,YouTube,335,11,27.9,0,0.0,marketing jobs salary definition,jobs,broad,0,0.56,0.172,0.109,1.4,0.616,0.392,Mobile,Germany,150.0,4560.0,60.0,0.5,25.0,30.0,80.0,0.15
2026-06-24,YouTube - Brand Awareness,YouTube,385,21,12.89,0,0.0,how to reset google ads password,support,broad,0,0.56,0.172,0.109,1.53,0.616,0.392,Mobile,Germany,150.0,4560.0,60.0,0.5,25.0,30.0,80.0,0.15
2026-06-25,Google Search - Brand,Google Search,4752,99,242.52,8,751.74,,,,10,0.7,0.02,0.28,1.98,0.77,0.49,Tablet,United States,150.0,4560.0,30.0,2.5,10.0,100.0,300.0,0.5
2026-06-25,Google Search - Brand,Google Search,711,36,46.27,2,191.17,forecastiq,forecastiq,exact,2,0.7,0.02,0.28,2.69,0.77,0.49,Mobile,United States,150.0,4560.0,30.0,2.5,10.0,100.0,300.0,0.5
2026-06-25,Google Search - Brand,Google Search,438,12,14.86,0,0.0,forecastiq pricing,forecastiq,phrase,0,0.7,0.02,0.28,3.74,0.77,0.49,Tablet,United States,150.0,4560.0,30.0,2.5,10.0,100.0,300.0,0.5
2026-06-25,Google Search - Brand,Google Search,702,25,23.45,3,320.57,forecastiq software reviews,forecastiq,broad,3,0.7,0.02,0.28,2.22,0.77,0.49,Tablet,Canada,150.0,4560.0,30.0,2.5,10.0,100.0,300.0,0.5
2026-06-25,Google Search - Brand,Google Search,540,19,23.05,0,0.0,forecastiq login portal,forecastiq,phrase,0,0.7,0.02,0.28,2.9,0.77,0.49,Mobile,United Kingdom,150.0,4560.0,30.0,2.5,10.0,100.0,300.0,0.5
2026-06-25,Google Search - NonBrand,Google Search,9216,192,341.88,4,239.43,,,,5,0.858,0.186,0.174,2.76,0.944,0.601,Desktop,Germany,300.0,9120.0,40.0,1.5,15.0,60.0,150.0,0.35
2026-06-25,Google Search - NonBrand,Google Search,1274,80,127.6,13,795.38,paid ads forecasting tool,forecasting tool,phrase,14,0.858,0.186,0.174,3.39,0.944,0.601,Mobile,United Kingdom,300.0,9120.0,40.0,1.5,15.0,60.0,150.0,0.35
2026-06-25,Google Search - NonBrand,Google Search,742,50,48.56,10,614.3,marketing forecasting software,forecasting tool,exact,10,0.858,0.186,0.174,1.87,0.944,0.601,Tablet,Canada,300.0,9120.0,40.0,1.5,15.0,60.0,150.0,0.35
2026-06-25,Google Search - NonBrand,Google Search,1293,49,66.28,12,688.93,ppc budget optimization planner,budget optimization,broad,13,0.858,0.186,0.174,3.55,0.944,0.601,Tablet,Germany,300.0,9120.0,40.0,1.5,15.0,60.0,150.0,0.35
2026-06-25,Google Search - NonBrand,Google Search,1104,60,18.2,0,0.0,ads forecasting template excel,forecasting tool,broad,0,0.858,0.186,0.174,2.52,0.944,0.601,Tablet,United Kingdom,300.0,9120.0,40.0,1.5,15.0,60.0,150.0,0.35
2026-06-25,Google Search - Competitors,Google Search,972,54,60.39,1,41.65,,,,1,0.756,0.146,0.196,1.43,0.832,0.529,Tablet,Germany,100.0,3040.0,50.0,0.8,20.0,40.0,100.0,0.2
2026-06-25,Google Search - Competitors,Google Search,125,7,35.54,0,0.0,semrush forecasting tool alternative,semrush,phrase,0,0.756,0.146,0.196,3.24,0.832,0.529,Tablet,Canada,100.0,3040.0,50.0,0.8,20.0,40.0,100.0,0.2
2026-06-25,Google Search - Competitors,Google Search,114,4,45.8,0,0.0,ahrefs traffic forecaster,ahrefs,broad,0,0.756,0.146,0.196,1.89,0.832,0.529,Desktop,United States,100.0,3040.0,50.0,0.8,20.0,40.0,100.0,0.2
2026-06-25,Google Search - Competitors,Google Search,123,6,25.79,0,0.0,spyfu competitor ads budget planner,competitor template,broad,0,0.756,0.146,0.196,3.25,0.832,0.529,Tablet,United Kingdom,100.0,3040.0,50.0,0.8,20.0,40.0,100.0,0.2
2026-06-25,Meta Ads - Prospecting,Meta,1220,61,78.81,2,163.44,,,,2,0.598,0.246,0.19,2.82,0.658,0.419,Tablet,United Kingdom,200.0,6080.0,35.0,1.8,12.0,80.0,200.0,0.4
2026-06-25,Meta Ads - Retargeting,Meta,2470,38,82.59,2,239.56,,,,2,0.4,0.55,0.05,2.53,0.44,0.28,Mobile,Canada,50.0,1520.0,25.0,3.5,8.0,120.0,400.0,0.6
2026-06-25,YouTube - Brand Awareness,YouTube,3192,76,221.11,0,0.0,,,,0,0.818,0.216,0.145,2.07,0.9,0.573,Desktop,United States,150.0,4560.0,60.0,0.5,25.0,30.0,80.0,0.15
2026-06-25,YouTube - Brand Awareness,YouTube,275,9,20.79,0,0.0,free advertising tutorial youtube,marketing tutorial,broad,0,0.818,0.216,0.145,1.8,0.9,0.573,Mobile,Germany,150.0,4560.0,60.0,0.5,25.0,30.0,80.0,0.15
2026-06-25,YouTube - Brand Awareness,YouTube,391,23,16.53,0,0.0,cheap keyword planner software download,keyword planner,broad,0,0.818,0.216,0.145,2.1,0.9,0.573,Tablet,Canada,150.0,4560.0,60.0,0.5,25.0,30.0,80.0,0.15
2026-06-25,YouTube - Brand Awareness,YouTube,444,28,28.39,0,0.0,marketing jobs salary definition,jobs,broad,0,0.818,0.216,0.145,2.88,0.9,0.573,Tablet,Germany,150.0,4560.0,60.0,0.5,25.0,30.0,80.0,0.15
2026-06-25,YouTube - Brand Awareness,YouTube,318,6,12.12,0,0.0,how to reset google ads password,support,broad,0,0.818,0.216,0.145,1.37,0.9,0.573,Tablet,Germany,150.0,4560.0,60.0,0.5,25.0,30.0,80.0,0.15
2026-06-26,Google Search - Brand,Google Search,5175,69,161.81,4,391.6,,,,4,0.7,0.02,0.28,3.21,0.77,0.49,Tablet,Canada,150.0,4560.0,30.0,2.5,10.0,100.0,300.0,0.5
2026-06-26,Google Search - Brand,Google Search,424,9,9.97,0,0.0,forecastiq,forecastiq,exact,0,0.7,0.02,0.28,1.64,0.77,0.49,Desktop,Canada,150.0,4560.0,30.0,2.5,10.0,100.0,300.0,0.5
2026-06-26,Google Search - Brand,Google Search,696,49,42.91,4,365.36,forecastiq pricing,forecastiq,phrase,4,0.7,0.02,0.28,2.95,0.77,0.49,Mobile,Canada,150.0,4560.0,30.0,2.5,10.0,100.0,300.0,0.5
2026-06-26,Google Search - Brand,Google Search,711,40,71.44,6,624.77,forecastiq software reviews,forecastiq,broad,6,0.7,0.02,0.28,2.05,0.77,0.49,Tablet,Germany,150.0,4560.0,30.0,2.5,10.0,100.0,300.0,0.5
2026-06-26,Google Search - Brand,Google Search,546,20,30.45,0,0.0,forecastiq login portal,forecastiq,phrase,0,0.7,0.02,0.28,3.58,0.77,0.49,Desktop,United Kingdom,150.0,4560.0,30.0,2.5,10.0,100.0,300.0,0.5
2026-06-26,Google Search - NonBrand,Google Search,10620,236,554.77,5,320.16,,,,5,0.747,0.167,0.053,3.3,0.821,0.523,Desktop,United States,300.0,9120.0,40.0,1.5,15.0,60.0,150.0,0.35
2026-06-26,Google Search - NonBrand,Google Search,1349,36,58.63,5,307.85,paid ads forecasting tool,forecasting tool,phrase,5,0.747,0.167,0.053,2.1,0.821,0.523,Desktop,Germany,300.0,9120.0,40.0,1.5,15.0,60.0,150.0,0.35
2026-06-26,Google Search - NonBrand,Google Search,1501,82,107.03,17,929.86,marketing forecasting software,forecasting tool,exact,20,0.747,0.167,0.053,3.71,0.821,0.523,Mobile,United States,300.0,9120.0,40.0,1.5,15.0,60.0,150.0,0.35
2026-06-26,Google Search - NonBrand,Google Search,1570,103,126.36,21,1339.65,ppc budget optimization planner,budget optimization,broad,23,0.747,0.167,0.053,1.48,0.821,0.523,Tablet,Canada,300.0,9120.0,40.0,1.5,15.0,60.0,150.0,0.35
2026-06-26,Google Search - NonBrand,Google Search,1026,67,19.4,0,0.0,ads forecasting template excel,forecasting tool,broad,0,0.747,0.167,0.053,1.97,0.821,0.523,Mobile,Germany,300.0,9120.0,40.0,1.5,15.0,60.0,150.0,0.35
2026-06-26,Google Search - Competitors,Google Search,6076,98,138.23,2,81.45,,,,2,0.648,0.192,0.145,1.8,0.712,0.453,Tablet,United Kingdom,100.0,3040.0,50.0,0.8,20.0,40.0,100.0,0.2
2026-06-26,Google Search - Competitors,Google Search,605,18,36.0,0,0.0,semrush forecasting tool alternative,semrush,phrase,0,0.648,0.192,0.145,3.2,0.712,0.453,Tablet,United States,100.0,3040.0,50.0,0.8,20.0,40.0,100.0,0.2
2026-06-26,Google Search - Competitors,Google Search,721,21,47.02,0,0.0,ahrefs traffic forecaster,ahrefs,broad,0,0.648,0.192,0.145,1.96,0.712,0.453,Tablet,United States,100.0,3040.0,50.0,0.8,20.0,40.0,100.0,0.2
2026-06-26,Google Search - Competitors,Google Search,487,21,22.85,0,0.0,spyfu competitor ads budget planner,competitor template,broad,0,0.648,0.192,0.145,2.27,0.712,0.453,Desktop,Germany,100.0,3040.0,50.0,0.8,20.0,40.0,100.0,0.2
2026-06-26,Meta Ads - Prospecting,Meta,5888,92,121.13,4,332.55,,,,4,0.64,0.091,0.158,1.94,0.704,0.448,Tablet,United Kingdom,200.0,6080.0,35.0,1.8,12.0,80.0,200.0,0.4
2026-06-26,Meta Ads - Retargeting,Meta,240,24,42.99,2,263.31,,,,2,0.4,0.55,0.05,2.04,0.44,0.28,Desktop,United Kingdom,50.0,1520.0,25.0,3.5,8.0,120.0,400.0,0.6
2026-06-26,YouTube - Brand Awareness,YouTube,5925,75,89.83,0,0.0,,,,0,0.885,0.185,0.08,3.26,0.974,0.62,Tablet,United Kingdom,150.0,4560.0,60.0,0.5,25.0,30.0,80.0,0.15
2026-06-26,YouTube - Brand Awareness,YouTube,583,17,22.52,0,0.0,free advertising tutorial youtube,marketing tutorial,broad,0,0.885,0.185,0.08,2.9,0.974,0.62,Tablet,Canada,150.0,4560.0,60.0,0.5,25.0,30.0,80.0,0.15
2026-06-26,YouTube - Brand Awareness,YouTube,519,10,16.83,0,0.0,cheap keyword planner software download,keyword planner,broad,0,0.885,0.185,0.08,1.93,0.974,0.62,Desktop,Canada,150.0,4560.0,60.0,0.5,25.0,30.0,80.0,0.15
2026-06-26,YouTube - Brand Awareness,YouTube,481,17,29.12,0,0.0,marketing jobs salary definition,jobs,broad,0,0.885,0.185,0.08,3.31,0.974,0.62,Desktop,Germany,150.0,4560.0,60.0,0.5,25.0,30.0,80.0,0.15
2026-06-26,YouTube - Brand Awareness,YouTube,835,17,11.5,0,0.0,how to reset google ads password,support,broad,0,0.885,0.185,0.08,2.44,0.974,0.62,Mobile,Germany,150.0,4560.0,60.0,0.5,25.0,30.0,80.0,0.15
2026-06-27,Google Search - Brand,Google Search,3360,70,89.99,3,309.72,,,,3,0.7,0.02,0.28,1.24,0.77,0.49,Tablet,Canada,150.0,4560.0,30.0,2.5,10.0,100.0,300.0,0.5
2026-06-27,Google Search - Brand,Google Search,448,13,23.94,0,0.0,forecastiq,forecastiq,exact,0,0.7,0.02,0.28,1.35,0.77,0.49,Desktop,Germany,150.0,4560.0,30.0,2.5,10.0,100.0,300.0,0.5
2026-06-27,Google Search - Brand,Google Search,444,22,24.44,1,100.48,forecastiq pricing,forecastiq,phrase,1,0.7,0.02,0.28,2.55,0.77,0.49,Desktop,Germany,150.0,4560.0,30.0,2.5,10.0,100.0,300.0,0.5
2026-06-27,Google Search - Brand,Google Search,348,23,45.93,2,209.54,forecastiq software reviews,forecastiq,broad,2,0.7,0.02,0.28,3.56,0.77,0.49,Mobile,Canada,150.0,4560.0,30.0,2.5,10.0,100.0,300.0,0.5
2026-06-27,Google Search - Brand,Google Search,351,20,39.03,0,0.0,forecastiq login portal,forecastiq,phrase,0,0.7,0.02,0.28,1.84,0.77,0.49,Desktop,Canada,150.0,4560.0,30.0,2.5,10.0,100.0,300.0,0.5
2026-06-27,Google Search - NonBrand,Google Search,14160,240,542.48,6,360.83,,,,6,0.77,0.165,0.082,2.35,0.847,0.539,Mobile,Canada,300.0,9120.0,40.0,1.5,15.0,60.0,150.0,0.35
2026-06-27,Google Search - NonBrand,Google Search,1730,105,169.81,17,1120.4,paid ads forecasting tool,forecasting tool,phrase,20,0.77,0.165,0.082,2.44,0.847,0.539,Mobile,United Kingdom,300.0,9120.0,40.0,1.5,15.0,60.0,150.0,0.35
2026-06-27,Google Search - NonBrand,Google Search,1805,41,39.88,9,528.51,marketing forecasting software,forecasting tool,exact,10,0.77,0.165,0.082,1.72,0.847,0.539,Tablet,Germany,300.0,9120.0,40.0,1.5,15.0,60.0,150.0,0.35
2026-06-27,Google Search - NonBrand,Google Search,1973,66,69.62,19,1067.07,ppc budget optimization planner,budget optimization,broad,20,0.77,0.165,0.082,3.09,0.847,0.539,Tablet,Canada,300.0,9120.0,40.0,1.5,15.0,60.0,150.0,0.35
2026-06-27,Google Search - NonBrand,Google Search,2087,86,17.33,0,0.0,ads forecasting template excel,forecasting tool,broad,0,0.77,0.165,0.082,2.18,0.847,0.539,Desktop,United States,300.0,9120.0,40.0,1.5,15.0,60.0,150.0,0.35
2026-06-27,Google Search - Competitors,Google Search,2989,49,66.6,1,36.9,,,,1,0.823,0.194,0.085,2.72,0.906,0.576,Mobile,Germany,100.0,3040.0,50.0,0.8,20.0,40.0,100.0,0.2
2026-06-27,Google Search - Competitors,Google Search,291,11,34.5,0,0.0,semrush forecasting tool alternative,semrush,phrase,0,0.823,0.194,0.085,1.75,0.906,0.576,Tablet,United States,100.0,3040.0,50.0,0.8,20.0,40.0,100.0,0.2
2026-06-27,Google Search - Competitors,Google Search,322,13,49.1,0,0.0,ahrefs traffic forecaster,ahrefs,broad,0,0.823,0.194,0.085,2.58,0.906,0.576,Mobile,Canada,100.0,3040.0,50.0,0.8,20.0,40.0,100.0,0.2
2026-06-27,Google Search - Competitors,Google Search,446,9,23.58,0,0.0,spyfu competitor ads budget planner,competitor template,broad,0,0.823,0.194,0.085,3.52,0.906,0.576,Desktop,United Kingdom,100.0,3040.0,50.0,0.8,20.0,40.0,100.0,0.2
2026-06-27,Meta Ads - Prospecting,Meta,4266,54,133.72,3,237.08,,,,3,0.574,0.191,0.079,3.15,0.631,0.402,Mobile,United Kingdom,200.0,6080.0,35.0,1.8,12.0,80.0,200.0,0.4
2026-06-27,Meta Ads - Retargeting,Meta,1625,25,39.09,1,120.14,,,,1,0.4,0.55,0.05,1.72,0.44,0.28,Tablet,United States,50.0,1520.0,25.0,3.5,8.0,120.0,400.0,0.6
2026-06-27,YouTube - Brand Awareness,YouTube,3024,48,77.16,0,0.0,,,,0,0.6,0.22,0.127,2.83,0.66,0.42,Mobile,United Kingdom,150.0,4560.0,60.0,0.5,25.0,30.0,80.0,0.15
2026-06-27,YouTube - Brand Awareness,YouTube,446,30,19.91,0,0.0,free advertising tutorial youtube,marketing tutorial,broad,0,0.6,0.22,0.127,2.61,0.66,0.42,Mobile,Canada,150.0,4560.0,60.0,0.5,25.0,30.0,80.0,0.15
2026-06-27,YouTube - Brand Awareness,YouTube,352,23,17.06,0,0.0,cheap keyword planner software download,keyword planner,broad,0,0.6,0.22,0.127,2.58,0.66,0.42,Desktop,Canada,150.0,4560.0,60.0,0.5,25.0,30.0,80.0,0.15
2026-06-27,YouTube - Brand Awareness,YouTube,415,9,30.47,0,0.0,marketing jobs salary definition,jobs,broad,0,0.6,0.22,0.127,3.51,0.66,0.42,Tablet,Germany,150.0,4560.0,60.0,0.5,25.0,30.0,80.0,0.15
2026-06-27,YouTube - Brand Awareness,YouTube,268,9,11.53,0,0.0,how to reset google ads password,support,broad,0,0.6,0.22,0.127,3.7,0.66,0.42,Mobile,United Kingdom,150.0,4560.0,60.0,0.5,25.0,30.0,80.0,0.15
2026-06-28,Google Search - Brand,Google Search,2756,53,142.81,4,412.74,,,,4,0.7,0.02,0.28,1.61,0.77,0.49,Tablet,United Kingdom,150.0,4560.0,30.0,2.5,10.0,100.0,300.0,0.5
2026-06-28,Google Search - Brand,Google Search,325,17,14.9,0,0.0,forecastiq,forecastiq,exact,0,0.7,0.02,0.28,2.17,0.77,0.49,Desktop,Germany,150.0,4560.0,30.0,2.5,10.0,100.0,300.0,0.5
2026-06-28,Google Search - Brand,Google Search,264,12,12.79,0,0.0,forecastiq pricing,forecastiq,phrase,0,0.7,0.02,0.28,3.51,0.77,0.49,Mobile,United States,150.0,4560.0,30.0,2.5,10.0,100.0,300.0,0.5
2026-06-28,Google Search - Brand,Google Search,225,17,16.91,3,294.48,forecastiq software reviews,forecastiq,broad,3,0.7,0.02,0.28,3.79,0.77,0.49,Desktop,United Kingdom,150.0,4560.0,30.0,2.5,10.0,100.0,300.0,0.5
2026-06-28,Google Search - Brand,Google Search,312,11,20.72,0,0.0,forecastiq login portal,forecastiq,phrase,0,0.7,0.02,0.28,2.63,0.77,0.49,Desktop,United Kingdom,150.0,4560.0,30.0,2.5,10.0,100.0,300.0,0.5
2026-06-28,Google Search - NonBrand,Google Search,7560,270,517.91,7,441.34,,,,8,0.584,0.195,0.131,3.19,0.642,0.409,Desktop,United Kingdom,300.0,9120.0,40.0,1.5,15.0,60.0,150.0,0.35
2026-06-28,Google Search - NonBrand,Google Search,1039,48,78.62,8,475.43,paid ads forecasting tool,forecasting tool,phrase,9,0.584,0.195,0.131,2.05,0.642,0.409,Mobile,United Kingdom,300.0,9120.0,40.0,1.5,15.0,60.0,150.0,0.35
2026-06-28,Google Search - NonBrand,Google Search,1022,27,41.45,5,306.01,marketing forecasting software,forecasting tool,exact,5,0.584,0.195,0.131,1.8,0.642,0.409,Mobile,Germany,300.0,9120.0,40.0,1.5,15.0,60.0,150.0,0.35
2026-06-28,Google Search - NonBrand,Google Search,629,19,18.29,5,288.08,ppc budget optimization planner,budget optimization,broad,5,0.584,0.195,0.131,2.06,0.642,0.409,Mobile,United Kingdom,300.0,9120.0,40.0,1.5,15.0,60.0,150.0,0.35
2026-06-28,Google Search - NonBrand,Google Search,895,61,18.68,0,0.0,ads forecasting template excel,forecasting tool,broad,0,0.584,0.195,0.131,3.12,0.642,0.409,Tablet,Germany,300.0,9120.0,40.0,1.5,15.0,60.0,150.0,0.35
2026-06-28,Google Search - Competitors,Google Search,1620,30,55.79,1,37.61,,,,1,0.832,0.194,0.08,2.76,0.916,0.583,Mobile,United Kingdom,100.0,3040.0,50.0,0.8,20.0,40.0,100.0,0.2
2026-06-28,Google Search - Competitors,Google Search,216,5,32.78,0,0.0,semrush forecasting tool alternative,semrush,phrase,0,0.832,0.194,0.08,3.32,0.916,0.583,Desktop,United Kingdom,100.0,3040.0,50.0,0.8,20.0,40.0,100.0,0.2
2026-06-28,Google Search - Competitors,Google Search,142,10,49.21,0,0.0,ahrefs traffic forecaster,ahrefs,broad,0,0.832,0.194,0.08,2.77,0.916,0.583,Mobile,United Kingdom,100.0,3040.0,50.0,0.8,20.0,40.0,100.0,0.2
2026-06-28,Google Search - Competitors,Google Search,179,4,23.7,0,0.0,spyfu competitor ads budget planner,competitor template,broad,0,0.832,0.194,0.08,3.21,0.916,0.583,Tablet,Canada,100.0,3040.0,50.0,0.8,20.0,40.0,100.0,0.2
2026-06-28,Meta Ads - Prospecting,Meta,3431,47,50.19,1,83.16,,,,1,0.861,0.061,0.086,2.23,0.947,0.603,Mobile,United States,200.0,6080.0,35.0,1.8,12.0,80.0,200.0,0.4
2026-06-28,Meta Ads - Retargeting,Meta,180,12,35.16,1,114.66,,,,1,0.4,0.55,0.05,2.57,0.44,0.28,Desktop,Canada,50.0,1520.0,25.0,3.5,8.0,120.0,400.0,0.6
2026-06-28,YouTube - Brand Awareness,YouTube,1152,48,123.77,0,0.0,,,,0,0.862,0.135,0.077,3.26,0.948,0.603,Desktop,United States,150.0,4560.0,60.0,0.5,25.0,30.0,80.0,0.15
2026-06-28,YouTube - Brand Awareness,YouTube,153,8,21.11,0,0.0,free advertising tutorial youtube,marketing tutorial,broad,0,0.862,0.135,0.077,2.12,0.948,0.603,Mobile,Germany,150.0,4560.0,60.0,0.5,25.0,30.0,80.0,0.15
2026-06-28,YouTube - Brand Awareness,YouTube,120,5,14.95,0,0.0,cheap keyword planner software download,keyword planner,broad,0,0.862,0.135,0.077,1.47,0.948,0.603,Desktop,United Kingdom,150.0,4560.0,60.0,0.5,25.0,30.0,80.0,0.15
2026-06-28,YouTube - Brand Awareness,YouTube,97,4,31.83,0,0.0,marketing jobs salary definition,jobs,broad,0,0.862,0.135,0.077,3.49,0.948,0.603,Desktop,United Kingdom,150.0,4560.0,60.0,0.5,25.0,30.0,80.0,0.15
2026-06-28,YouTube - Brand Awareness,YouTube,100,7,12.2,0,0.0,how to reset google ads password,support,broad,0,0.862,0.135,0.077,2.95,0.948,0.603,Desktop,Canada,150.0,4560.0,60.0,0.5,25.0,30.0,80.0,0.15
2026-06-29,Google Search - Brand,Google Search,6223,127,348.57,12,1160.44,,,,12,0.7,0.02,0.28,2.8,0.77,0.49,Desktop,Canada,150.0,4560.0,30.0,2.5,10.0,100.0,300.0,0.5
2026-06-29,Google Search - Brand,Google Search,867,64,89.29,3,281.75,forecastiq,forecastiq,exact,3,0.7,0.02,0.28,2.81,0.77,0.49,Desktop,United States,150.0,4560.0,30.0,2.5,10.0,100.0,300.0,0.5
2026-06-29,Google Search - Brand,Google Search,735,26,28.96,1,98.63,forecastiq pricing,forecastiq,phrase,1,0.7,0.02,0.28,2.58,0.77,0.49,Mobile,Germany,150.0,4560.0,30.0,2.5,10.0,100.0,300.0,0.5
2026-06-29,Google Search - Brand,Google Search,612,31,29.53,4,371.79,forecastiq software reviews,forecastiq,broad,4,0.7,0.02,0.28,3.37,0.77,0.49,Tablet,United Kingdom,150.0,4560.0,30.0,2.5,10.0,100.0,300.0,0.5
2026-06-29,Google Search - Brand,Google Search,785,47,76.05,0,0.0,forecastiq login portal,forecastiq,phrase,0,0.7,0.02,0.28,2.09,0.77,0.49,Desktop,Canada,150.0,4560.0,30.0,2.5,10.0,100.0,300.0,0.5
2026-06-29,Google Search - NonBrand,Google Search,7100,284,562.48,6,394.29,,,,6,0.862,0.139,0.159,2.45,0.948,0.603,Mobile,Germany,300.0,9120.0,40.0,1.5,15.0,60.0,150.0,0.35
2026-06-29,Google Search - NonBrand,Google Search,986,70,71.61,9,536.93,paid ads forecasting tool,forecasting tool,phrase,10,0.862,0.139,0.159,3.64,0.948,0.603,Tablet,Germany,300.0,9120.0,40.0,1.5,15.0,60.0,150.0,0.35
2026-06-29,Google Search - NonBrand,Google Search,936,46,72.74,10,613.65,marketing forecasting software,forecasting tool,exact,11,0.862,0.139,0.159,1.83,0.948,0.603,Desktop,Germany,300.0,9120.0,40.0,1.5,15.0,60.0,150.0,0.35
2026-06-29,Google Search - NonBrand,Google Search,902,44,72.25,11,616.8,ppc budget optimization planner,budget optimization,broad,11,0.862,0.139,0.159,3.24,0.948,0.603,Mobile,United Kingdom,300.0,9120.0,40.0,1.5,15.0,60.0,150.0,0.35
2026-06-29,Google Search - NonBrand,Google Search,962,73,17.81,0,0.0,ads forecasting template excel,forecasting tool,broad,0,0.862,0.139,0.159,3.46,0.948,0.603,Mobile,United States,300.0,9120.0,40.0,1.5,15.0,60.0,150.0,0.35
2026-06-29,Google Search - Competitors,Google Search,1935,43,100.02,2,75.8,,,,2,0.718,0.102,0.072,2.98,0.79,0.503,Mobile,United Kingdom,100.0,3040.0,50.0,0.8,20.0,40.0,100.0,0.2
2026-06-29,Google Search - Competitors,Google Search,268,18,37.45,0,0.0,semrush forecasting tool alternative,semrush,phrase,0,0.718,0.102,0.072,3.61,0.79,0.503,Mobile,Germany,100.0,3040.0,50.0,0.8,20.0,40.0,100.0,0.2
2026-06-29,Google Search - Competitors,Google Search,162,8,47.76,0,0.0,ahrefs traffic forecaster,ahrefs,broad,0,0.718,0.102,0.072,1.49,0.79,0.503,Desktop,United States,100.0,3040.0,50.0,0.8,20.0,40.0,100.0,0.2
2026-06-29,Google Search - Competitors,Google Search,275,17,25.4,0,0.0,spyfu competitor ads budget planner,competitor template,broad,0,0.718,0.102,0.072,1.87,0.79,0.503,Desktop,United States,100.0,3040.0,50.0,0.8,20.0,40.0,100.0,0.2
2026-06-29,Meta Ads - Prospecting,Meta,11310,174,516.5,13,1127.62,,,,13,0.62,0.174,0.145,3.25,0.682,0.434,Mobile,Canada,200.0,6080.0,35.0,1.8,12.0,80.0,200.0,0.4
2026-06-29,Meta Ads - Retargeting,Meta,570,19,23.8,0,0.0,,,,0,0.4,0.55,0.05,2.47,0.44,0.28,Desktop,United Kingdom,50.0,1520.0,25.0,3.5,8.0,120.0,400.0,0.6
2026-06-29,YouTube - Brand Awareness,YouTube,4361,89,257.7,0,0.0,,,,0,0.685,0.096,0.191,1.49,0.753,0.479,Mobile,Germany,150.0,4560.0,60.0,0.5,25.0,30.0,80.0,0.15
2026-06-29,YouTube - Brand Awareness,YouTube,591,14,20.34,0,0.0,free advertising tutorial youtube,marketing tutorial,broad,0,0.685,0.096,0.191,1.74,0.753,0.479,Mobile,Canada,150.0,4560.0,60.0,0.5,25.0,30.0,80.0,0.15
2026-06-29,YouTube - Brand Awareness,YouTube,603,44,15.96,0,0.0,cheap keyword planner software download,keyword planner,broad,0,0.685,0.096,0.191,2.43,0.753,0.479,Tablet,United States,150.0,4560.0,60.0,0.5,25.0,30.0,80.0,0.15
2026-06-29,YouTube - Brand Awareness,YouTube,610,14,31.46,0,0.0,marketing jobs salary definition,jobs,broad,0,0.685,0.096,0.191,2.14,0.753,0.479,Mobile,Germany,150.0,4560.0,60.0,0.5,25.0,30.0,80.0,0.15
2026-06-29,YouTube - Brand Awareness,YouTube,362,28,11.25,0,0.0,how to reset google ads password,support,broad,0,0.685,0.096,0.191,2.9,0.753,0.479,Mobile,United Kingdom,150.0,4560.0,60.0,0.5,25.0,30.0,80.0,0.15
